project,patient,signal,start_s,end_s,label
PROMISES,patient 3,ART S (mm(hg)^^ISO+),50984,51997,clean
PROMISES,patient 3,ART S (mm(hg)^^ISO+),51998,52018,artifact
PROMISES,patient 3,ART S (mm(hg)^^ISO+),52019,55937,clean
PROMISES,patient 3,ART S (mm(hg)^^ISO+),55938,55938,artifact
PROMISES,patient 3,ART S (mm(hg)^^ISO+),55938,59656,clean
PROMISES,patient 3,ART S (mm(hg)^^ISO+),59657,59657,artifact
PROMISES,patient 3,ART S (mm(hg)^^ISO+),59657,61344,clean
PROMISES,patient 3,ART D (mm(hg)^^ISO+),50984,51997,clean
PROMISES,patient 3,ART D (mm(hg)^^ISO+),51998,52018,artifact
PROMISES,patient 3,ART D (mm(hg)^^ISO+),52019,59656,clean
PROMISES,patient 3,ART D (mm(hg)^^ISO+),59657,59657,artifact
PROMISES,patient 3,ART D (mm(hg)^^ISO+),59657,61344,clean
PROMISES,patient 3,ART M (mm(hg)^^ISO+),50984,51997,clean
PROMISES,patient 3,ART M (mm(hg)^^ISO+),51998,52018,artifact
PROMISES,patient 3,ART M (mm(hg)^^ISO+),52019,61344,clean
PROMISES,patient 4,ART S (mm(hg)^^ISO+),34204,35399,clean
PROMISES,patient 4,ART S (mm(hg)^^ISO+),35400,35426,artifact
PROMISES,patient 4,ART S (mm(hg)^^ISO+),35427,35472,clean
PROMISES,patient 4,ART S (mm(hg)^^ISO+),35473,35501,artifact
PROMISES,patient 4,ART S (mm(hg)^^ISO+),35502,36013,clean
PROMISES,patient 4,ART S (mm(hg)^^ISO+),36015,36015,artifact
PROMISES,patient 4,ART S (mm(hg)^^ISO+),36015,43519,clean
PROMISES,patient 4,ART S (mm(hg)^^ISO+),43520,43589,artifact
PROMISES,patient 4,ART S (mm(hg)^^ISO+),43590,44375,clean
PROMISES,patient 4,ART S (mm(hg)^^ISO+),44376,44512,artifact
PROMISES,patient 4,ART S (mm(hg)^^ISO+),44513,45130,clean
PROMISES,patient 4,ART S (mm(hg)^^ISO+),45131,45291,artifact
PROMISES,patient 4,ART S (mm(hg)^^ISO+),45292,45363,clean
PROMISES,patient 4,ART S (mm(hg)^^ISO+),45364,45404,artifact
PROMISES,patient 4,ART S (mm(hg)^^ISO+),45405,49362,clean
PROMISES,patient 4,ART S (mm(hg)^^ISO+),49363,49499,artifact
PROMISES,patient 4,ART S (mm(hg)^^ISO+),49500,50686,clean
PROMISES,patient 4,ART S (mm(hg)^^ISO+),50687,50771,artifact
PROMISES,patient 4,ART S (mm(hg)^^ISO+),50772,50910,clean
PROMISES,patient 4,ART S (mm(hg)^^ISO+),50911,51007,artifact
PROMISES,patient 4,ART S (mm(hg)^^ISO+),51008,51041,clean
PROMISES,patient 4,ART S (mm(hg)^^ISO+),51042,51064,artifact
PROMISES,patient 4,ART S (mm(hg)^^ISO+),51065,51103,clean
PROMISES,patient 4,ART S (mm(hg)^^ISO+),51104,51566,artifact
PROMISES,patient 4,ART S (mm(hg)^^ISO+),51567,51593,clean
PROMISES,patient 4,ART S (mm(hg)^^ISO+),51594,51700,artifact
PROMISES,patient 4,ART S (mm(hg)^^ISO+),51701,51710,clean
PROMISES,patient 4,ART S (mm(hg)^^ISO+),51711,51731,artifact
PROMISES,patient 4,ART S (mm(hg)^^ISO+),51732,52296,clean
PROMISES,patient 4,ART S (mm(hg)^^ISO+),52297,52312,artifact
PROMISES,patient 4,ART D (mm(hg)^^ISO+),34204,35399,clean
PROMISES,patient 4,ART D (mm(hg)^^ISO+),35400,35426,artifact
PROMISES,patient 4,ART D (mm(hg)^^ISO+),35427,35472,clean
PROMISES,patient 4,ART D (mm(hg)^^ISO+),35473,35501,artifact
PROMISES,patient 4,ART D (mm(hg)^^ISO+),35502,43519,clean
PROMISES,patient 4,ART D (mm(hg)^^ISO+),43520,43589,artifact
PROMISES,patient 4,ART D (mm(hg)^^ISO+),43590,44375,clean
PROMISES,patient 4,ART D (mm(hg)^^ISO+),44376,44512,artifact
PROMISES,patient 4,ART D (mm(hg)^^ISO+),44513,45130,clean
PROMISES,patient 4,ART D (mm(hg)^^ISO+),45131,45291,artifact
PROMISES,patient 4,ART D (mm(hg)^^ISO+),45292,45363,clean
PROMISES,patient 4,ART D (mm(hg)^^ISO+),45364,45404,artifact
PROMISES,patient 4,ART D (mm(hg)^^ISO+),45405,49362,clean
PROMISES,patient 4,ART D (mm(hg)^^ISO+),49363,49499,artifact
PROMISES,patient 4,ART D (mm(hg)^^ISO+),49500,50686,clean
PROMISES,patient 4,ART D (mm(hg)^^ISO+),50687,50771,artifact
PROMISES,patient 4,ART D (mm(hg)^^ISO+),50772,50910,clean
PROMISES,patient 4,ART D (mm(hg)^^ISO+),50911,51007,artifact
PROMISES,patient 4,ART D (mm(hg)^^ISO+),51008,51041,clean
PROMISES,patient 4,ART D (mm(hg)^^ISO+),51042,51064,artifact
PROMISES,patient 4,ART D (mm(hg)^^ISO+),51065,51103,clean
PROMISES,patient 4,ART D (mm(hg)^^ISO+),51104,51566,artifact
PROMISES,patient 4,ART D (mm(hg)^^ISO+),51567,51593,clean
PROMISES,patient 4,ART D (mm(hg)^^ISO+),51594,51700,artifact
PROMISES,patient 4,ART D (mm(hg)^^ISO+),51701,51710,clean
PROMISES,patient 4,ART D (mm(hg)^^ISO+),51711,51731,artifact
PROMISES,patient 4,ART D (mm(hg)^^ISO+),51732,52296,clean
PROMISES,patient 4,ART D (mm(hg)^^ISO+),52297,52312,artifact
PROMISES,patient 4,ART M (mm(hg)^^ISO+),34204,34695,clean
PROMISES,patient 4,ART M (mm(hg)^^ISO+),34696,34696,artifact
PROMISES,patient 4,ART M (mm(hg)^^ISO+),34696,35399,clean
PROMISES,patient 4,ART M (mm(hg)^^ISO+),35400,35426,artifact
PROMISES,patient 4,ART M (mm(hg)^^ISO+),35427,35472,clean
PROMISES,patient 4,ART M (mm(hg)^^ISO+),35473,35501,artifact
PROMISES,patient 4,ART M (mm(hg)^^ISO+),35502,36013,clean
PROMISES,patient 4,ART M (mm(hg)^^ISO+),36015,36015,artifact
PROMISES,patient 4,ART M (mm(hg)^^ISO+),36015,43519,clean
PROMISES,patient 4,ART M (mm(hg)^^ISO+),43520,43589,artifact
PROMISES,patient 4,ART M (mm(hg)^^ISO+),43590,44375,clean
PROMISES,patient 4,ART M (mm(hg)^^ISO+),44376,44512,artifact
PROMISES,patient 4,ART M (mm(hg)^^ISO+),44513,45130,clean
PROMISES,patient 4,ART M (mm(hg)^^ISO+),45131,45291,artifact
PROMISES,patient 4,ART M (mm(hg)^^ISO+),45292,45363,clean
PROMISES,patient 4,ART M (mm(hg)^^ISO+),45364,45404,artifact
PROMISES,patient 4,ART M (mm(hg)^^ISO+),45405,49362,clean
PROMISES,patient 4,ART M (mm(hg)^^ISO+),49363,49499,artifact
PROMISES,patient 4,ART M (mm(hg)^^ISO+),49500,50686,clean
PROMISES,patient 4,ART M (mm(hg)^^ISO+),50687,50771,artifact
PROMISES,patient 4,ART M (mm(hg)^^ISO+),50772,50910,clean
PROMISES,patient 4,ART M (mm(hg)^^ISO+),50911,51007,artifact
PROMISES,patient 4,ART M (mm(hg)^^ISO+),51008,51041,clean
PROMISES,patient 4,ART M (mm(hg)^^ISO+),51042,51064,artifact
PROMISES,patient 4,ART M (mm(hg)^^ISO+),51065,51103,clean
PROMISES,patient 4,ART M (mm(hg)^^ISO+),51104,51566,artifact
PROMISES,patient 4,ART M (mm(hg)^^ISO+),51567,51593,clean
PROMISES,patient 4,ART M (mm(hg)^^ISO+),51594,51700,artifact
PROMISES,patient 4,ART M (mm(hg)^^ISO+),51701,51710,clean
PROMISES,patient 4,ART M (mm(hg)^^ISO+),51711,51731,artifact
PROMISES,patient 4,ART M (mm(hg)^^ISO+),51732,52296,clean
PROMISES,patient 4,ART M (mm(hg)^^ISO+),52297,52312,artifact
PROMISES,patient 6,ART S (mm(hg)^^ISO+),55165,62067,clean
PROMISES,patient 6,ART S (mm(hg)^^ISO+),62068,62091,artifact
PROMISES,patient 6,ART S (mm(hg)^^ISO+),62092,62092,clean
PROMISES,patient 6,ART D (mm(hg)^^ISO+),55165,61583,clean
PROMISES,patient 6,ART D (mm(hg)^^ISO+),61585,61585,artifact
PROMISES,patient 6,ART D (mm(hg)^^ISO+),61585,61638,clean
PROMISES,patient 6,ART D (mm(hg)^^ISO+),61639,61639,artifact
PROMISES,patient 6,ART D (mm(hg)^^ISO+),61639,61645,clean
PROMISES,patient 6,ART D (mm(hg)^^ISO+),61647,61647,artifact
PROMISES,patient 6,ART D (mm(hg)^^ISO+),61647,61693,clean
PROMISES,patient 6,ART D (mm(hg)^^ISO+),61695,61695,artifact
PROMISES,patient 6,ART D (mm(hg)^^ISO+),61695,61695,clean
PROMISES,patient 6,ART D (mm(hg)^^ISO+),61697,61697,artifact
PROMISES,patient 6,ART D (mm(hg)^^ISO+),61697,61712,clean
PROMISES,patient 6,ART D (mm(hg)^^ISO+),61713,61713,artifact
PROMISES,patient 6,ART D (mm(hg)^^ISO+),61713,62067,clean
PROMISES,patient 6,ART D (mm(hg)^^ISO+),62068,62091,artifact
PROMISES,patient 6,ART D (mm(hg)^^ISO+),62092,62092,clean
PROMISES,patient 6,ART M (mm(hg)^^ISO+),55165,62067,clean
PROMISES,patient 6,ART M (mm(hg)^^ISO+),62068,62091,artifact
PROMISES,patient 6,ART M (mm(hg)^^ISO+),62092,62092,clean
PROMISES,patient 7,ART S (mm(hg)^^ISO+),33446,36177,clean
PROMISES,patient 7,ART S (mm(hg)^^ISO+),36178,36256,artifact
PROMISES,patient 7,ART S (mm(hg)^^ISO+),36257,38388,clean
PROMISES,patient 7,ART S (mm(hg)^^ISO+),38389,38418,artifact
PROMISES,patient 7,ART S (mm(hg)^^ISO+),38419,38494,clean
PROMISES,patient 7,ART S (mm(hg)^^ISO+),38495,38517,artifact
PROMISES,patient 7,ART S (mm(hg)^^ISO+),38518,38565,clean
PROMISES,patient 7,ART S (mm(hg)^^ISO+),38566,38609,artifact
PROMISES,patient 7,ART S (mm(hg)^^ISO+),38610,38610,clean
PROMISES,patient 7,ART S (mm(hg)^^ISO+),38611,38631,artifact
PROMISES,patient 7,ART S (mm(hg)^^ISO+),38632,38634,clean
PROMISES,patient 7,ART D (mm(hg)^^ISO+),33446,36177,clean
PROMISES,patient 7,ART D (mm(hg)^^ISO+),36178,36256,artifact
PROMISES,patient 7,ART D (mm(hg)^^ISO+),36257,38388,clean
PROMISES,patient 7,ART D (mm(hg)^^ISO+),38389,38418,artifact
PROMISES,patient 7,ART D (mm(hg)^^ISO+),38419,38494,clean
PROMISES,patient 7,ART D (mm(hg)^^ISO+),38495,38517,artifact
PROMISES,patient 7,ART D (mm(hg)^^ISO+),38518,38565,clean
PROMISES,patient 7,ART D (mm(hg)^^ISO+),38566,38609,artifact
PROMISES,patient 7,ART D (mm(hg)^^ISO+),38610,38610,clean
PROMISES,patient 7,ART D (mm(hg)^^ISO+),38611,38631,artifact
PROMISES,patient 7,ART D (mm(hg)^^ISO+),38632,38634,clean
PROMISES,patient 7,ART M (mm(hg)^^ISO+),33446,36177,clean
PROMISES,patient 7,ART M (mm(hg)^^ISO+),36178,36256,artifact
PROMISES,patient 7,ART M (mm(hg)^^ISO+),36257,38388,clean
PROMISES,patient 7,ART M (mm(hg)^^ISO+),38389,38418,artifact
PROMISES,patient 7,ART M (mm(hg)^^ISO+),38419,38494,clean
PROMISES,patient 7,ART M (mm(hg)^^ISO+),38495,38517,artifact
PROMISES,patient 7,ART M (mm(hg)^^ISO+),38518,38565,clean
PROMISES,patient 7,ART M (mm(hg)^^ISO+),38566,38609,artifact
PROMISES,patient 7,ART M (mm(hg)^^ISO+),38610,38610,clean
PROMISES,patient 7,ART M (mm(hg)^^ISO+),38611,38631,artifact
PROMISES,patient 7,ART M (mm(hg)^^ISO+),38632,38634,clean
PROMISES,patient 8,ART S (mm(hg)^^ISO+),49415,50516,clean
PROMISES,patient 8,ART S (mm(hg)^^ISO+),50517,50540,artifact
PROMISES,patient 8,ART S (mm(hg)^^ISO+),50541,53300,clean
PROMISES,patient 8,ART S (mm(hg)^^ISO+),53302,53302,artifact
PROMISES,patient 8,ART S (mm(hg)^^ISO+),53302,53320,clean
PROMISES,patient 8,ART S (mm(hg)^^ISO+),53322,53322,artifact
PROMISES,patient 8,ART S (mm(hg)^^ISO+),53322,53324,clean
PROMISES,patient 8,ART S (mm(hg)^^ISO+),53326,53326,artifact
PROMISES,patient 8,ART S (mm(hg)^^ISO+),53326,53333,clean
PROMISES,patient 8,ART S (mm(hg)^^ISO+),53335,53335,artifact
PROMISES,patient 8,ART S (mm(hg)^^ISO+),53335,53379,clean
PROMISES,patient 8,ART S (mm(hg)^^ISO+),53381,53381,artifact
PROMISES,patient 8,ART S (mm(hg)^^ISO+),53381,53413,clean
PROMISES,patient 8,ART S (mm(hg)^^ISO+),53414,53414,artifact
PROMISES,patient 8,ART S (mm(hg)^^ISO+),53414,53414,clean
PROMISES,patient 8,ART S (mm(hg)^^ISO+),53416,53416,artifact
PROMISES,patient 8,ART S (mm(hg)^^ISO+),53416,53456,clean
PROMISES,patient 8,ART S (mm(hg)^^ISO+),53458,53458,artifact
PROMISES,patient 8,ART S (mm(hg)^^ISO+),53458,53469,clean
PROMISES,patient 8,ART S (mm(hg)^^ISO+),53471,53471,artifact
PROMISES,patient 8,ART S (mm(hg)^^ISO+),53471,53475,clean
PROMISES,patient 8,ART S (mm(hg)^^ISO+),53477,53477,artifact
PROMISES,patient 8,ART S (mm(hg)^^ISO+),53477,53507,clean
PROMISES,patient 8,ART S (mm(hg)^^ISO+),53509,53509,artifact
PROMISES,patient 8,ART S (mm(hg)^^ISO+),53509,53523,clean
PROMISES,patient 8,ART S (mm(hg)^^ISO+),53525,53525,artifact
PROMISES,patient 8,ART S (mm(hg)^^ISO+),53525,53542,clean
PROMISES,patient 8,ART S (mm(hg)^^ISO+),53544,53544,artifact
PROMISES,patient 8,ART S (mm(hg)^^ISO+),53544,53575,clean
PROMISES,patient 8,ART S (mm(hg)^^ISO+),53577,53577,artifact
PROMISES,patient 8,ART S (mm(hg)^^ISO+),53577,53627,clean
PROMISES,patient 8,ART S (mm(hg)^^ISO+),53629,53629,artifact
PROMISES,patient 8,ART S (mm(hg)^^ISO+),53629,53640,clean
PROMISES,patient 8,ART S (mm(hg)^^ISO+),53642,53642,artifact
PROMISES,patient 8,ART S (mm(hg)^^ISO+),53642,53643,clean
PROMISES,patient 8,ART S (mm(hg)^^ISO+),53645,53645,artifact
PROMISES,patient 8,ART S (mm(hg)^^ISO+),53645,53653,clean
PROMISES,patient 8,ART S (mm(hg)^^ISO+),53655,53655,artifact
PROMISES,patient 8,ART S (mm(hg)^^ISO+),53655,53657,clean
PROMISES,patient 8,ART S (mm(hg)^^ISO+),53658,53658,artifact
PROMISES,patient 8,ART S (mm(hg)^^ISO+),53658,55195,clean
PROMISES,patient 8,ART D (mm(hg)^^ISO+),49415,50516,clean
PROMISES,patient 8,ART D (mm(hg)^^ISO+),50517,50540,artifact
PROMISES,patient 8,ART D (mm(hg)^^ISO+),50541,53286,clean
PROMISES,patient 8,ART D (mm(hg)^^ISO+),53288,53288,artifact
PROMISES,patient 8,ART D (mm(hg)^^ISO+),53288,53310,clean
PROMISES,patient 8,ART D (mm(hg)^^ISO+),53312,53312,artifact
PROMISES,patient 8,ART D (mm(hg)^^ISO+),53312,53353,clean
PROMISES,patient 8,ART D (mm(hg)^^ISO+),53355,53355,artifact
PROMISES,patient 8,ART D (mm(hg)^^ISO+),53355,53361,clean
PROMISES,patient 8,ART D (mm(hg)^^ISO+),53362,53362,artifact
PROMISES,patient 8,ART D (mm(hg)^^ISO+),53362,53371,clean
PROMISES,patient 8,ART D (mm(hg)^^ISO+),53373,53373,artifact
PROMISES,patient 8,ART D (mm(hg)^^ISO+),53373,53377,clean
PROMISES,patient 8,ART D (mm(hg)^^ISO+),53379,53379,artifact
PROMISES,patient 8,ART D (mm(hg)^^ISO+),53379,53392,clean
PROMISES,patient 8,ART D (mm(hg)^^ISO+),53394,53394,artifact
PROMISES,patient 8,ART D (mm(hg)^^ISO+),53394,53400,clean
PROMISES,patient 8,ART D (mm(hg)^^ISO+),53401,53401,artifact
PROMISES,patient 8,ART D (mm(hg)^^ISO+),53401,53423,clean
PROMISES,patient 8,ART D (mm(hg)^^ISO+),53425,53425,artifact
PROMISES,patient 8,ART D (mm(hg)^^ISO+),53425,53453,clean
PROMISES,patient 8,ART D (mm(hg)^^ISO+),53454,53454,artifact
PROMISES,patient 8,ART D (mm(hg)^^ISO+),53454,53454,clean
PROMISES,patient 8,ART D (mm(hg)^^ISO+),53456,53456,artifact
PROMISES,patient 8,ART D (mm(hg)^^ISO+),53456,53484,clean
PROMISES,patient 8,ART D (mm(hg)^^ISO+),53486,53486,artifact
PROMISES,patient 8,ART D (mm(hg)^^ISO+),53486,53500,clean
PROMISES,patient 8,ART D (mm(hg)^^ISO+),53502,53502,artifact
PROMISES,patient 8,ART D (mm(hg)^^ISO+),53502,53520,clean
PROMISES,patient 8,ART D (mm(hg)^^ISO+),53521,53521,artifact
PROMISES,patient 8,ART D (mm(hg)^^ISO+),53521,53521,clean
PROMISES,patient 8,ART D (mm(hg)^^ISO+),53523,53523,artifact
PROMISES,patient 8,ART D (mm(hg)^^ISO+),53523,53532,clean
PROMISES,patient 8,ART D (mm(hg)^^ISO+),53534,53534,artifact
PROMISES,patient 8,ART D (mm(hg)^^ISO+),53534,53542,clean
PROMISES,patient 8,ART D (mm(hg)^^ISO+),53544,53544,artifact
PROMISES,patient 8,ART D (mm(hg)^^ISO+),53544,53560,clean
PROMISES,patient 8,ART D (mm(hg)^^ISO+),53562,53562,artifact
PROMISES,patient 8,ART D (mm(hg)^^ISO+),53562,53585,clean
PROMISES,patient 8,ART D (mm(hg)^^ISO+),53587,53587,artifact
PROMISES,patient 8,ART D (mm(hg)^^ISO+),53587,53588,clean
PROMISES,patient 8,ART D (mm(hg)^^ISO+),53590,53590,artifact
PROMISES,patient 8,ART D (mm(hg)^^ISO+),53590,53599,clean
PROMISES,patient 8,ART D (mm(hg)^^ISO+),53601,53601,artifact
PROMISES,patient 8,ART D (mm(hg)^^ISO+),53601,53607,clean
PROMISES,patient 8,ART D (mm(hg)^^ISO+),53609,53609,artifact
PROMISES,patient 8,ART D (mm(hg)^^ISO+),53609,53667,clean
PROMISES,patient 8,ART D (mm(hg)^^ISO+),53669,53669,artifact
PROMISES,patient 8,ART D (mm(hg)^^ISO+),53669,55195,clean
PROMISES,patient 8,ART M (mm(hg)^^ISO+),49415,50516,clean
PROMISES,patient 8,ART M (mm(hg)^^ISO+),50517,50540,artifact
PROMISES,patient 8,ART M (mm(hg)^^ISO+),50541,53300,clean
PROMISES,patient 8,ART M (mm(hg)^^ISO+),53302,53302,artifact
PROMISES,patient 8,ART M (mm(hg)^^ISO+),53302,53324,clean
PROMISES,patient 8,ART M (mm(hg)^^ISO+),53326,53326,artifact
PROMISES,patient 8,ART M (mm(hg)^^ISO+),53326,53351,clean
PROMISES,patient 8,ART M (mm(hg)^^ISO+),53353,53353,artifact
PROMISES,patient 8,ART M (mm(hg)^^ISO+),53353,53367,clean
PROMISES,patient 8,ART M (mm(hg)^^ISO+),53369,53369,artifact
PROMISES,patient 8,ART M (mm(hg)^^ISO+),53369,53427,clean
PROMISES,patient 8,ART M (mm(hg)^^ISO+),53429,53429,artifact
PROMISES,patient 8,ART M (mm(hg)^^ISO+),53429,53460,clean
PROMISES,patient 8,ART M (mm(hg)^^ISO+),53461,53461,artifact
PROMISES,patient 8,ART M (mm(hg)^^ISO+),53461,53505,clean
PROMISES,patient 8,ART M (mm(hg)^^ISO+),53507,53507,artifact
PROMISES,patient 8,ART M (mm(hg)^^ISO+),53507,53509,clean
PROMISES,patient 8,ART M (mm(hg)^^ISO+),53511,53511,artifact
PROMISES,patient 8,ART M (mm(hg)^^ISO+),53511,53523,clean
PROMISES,patient 8,ART M (mm(hg)^^ISO+),53525,53525,artifact
PROMISES,patient 8,ART M (mm(hg)^^ISO+),53525,53528,clean
PROMISES,patient 8,ART M (mm(hg)^^ISO+),53530,53530,artifact
PROMISES,patient 8,ART M (mm(hg)^^ISO+),53530,53532,clean
PROMISES,patient 8,ART M (mm(hg)^^ISO+),53534,53534,artifact
PROMISES,patient 8,ART M (mm(hg)^^ISO+),53534,53536,clean
PROMISES,patient 8,ART M (mm(hg)^^ISO+),53537,53537,artifact
PROMISES,patient 8,ART M (mm(hg)^^ISO+),53537,53541,clean
PROMISES,patient 8,ART M (mm(hg)^^ISO+),53542,53542,artifact
PROMISES,patient 8,ART M (mm(hg)^^ISO+),53542,53585,clean
PROMISES,patient 8,ART M (mm(hg)^^ISO+),53587,53587,artifact
PROMISES,patient 8,ART M (mm(hg)^^ISO+),53587,53627,clean
PROMISES,patient 8,ART M (mm(hg)^^ISO+),53629,53629,artifact
PROMISES,patient 8,ART M (mm(hg)^^ISO+),53629,53647,clean
PROMISES,patient 8,ART M (mm(hg)^^ISO+),53649,53649,artifact
PROMISES,patient 8,ART M (mm(hg)^^ISO+),53649,53653,clean
PROMISES,patient 8,ART M (mm(hg)^^ISO+),53655,53655,artifact
PROMISES,patient 8,ART M (mm(hg)^^ISO+),53655,55195,clean
PROMISES,patient 9,ART S (mm(hg)^^ISO+),36872,44521,clean
PROMISES,patient 9,ART S (mm(hg)^^ISO+),44522,44569,artifact
PROMISES,patient 9,ART S (mm(hg)^^ISO+),44570,44606,clean
PROMISES,patient 9,ART S (mm(hg)^^ISO+),44607,44659,artifact
PROMISES,patient 9,ART S (mm(hg)^^ISO+),44660,44690,clean
PROMISES,patient 9,ART S (mm(hg)^^ISO+),44691,44716,artifact
PROMISES,patient 9,ART S (mm(hg)^^ISO+),44717,47654,clean
PROMISES,patient 9,ART S (mm(hg)^^ISO+),47655,47749,artifact
PROMISES,patient 9,ART S (mm(hg)^^ISO+),47750,49495,clean
PROMISES,patient 9,ART S (mm(hg)^^ISO+),49496,49496,artifact
PROMISES,patient 9,ART S (mm(hg)^^ISO+),49496,49500,clean
PROMISES,patient 9,ART S (mm(hg)^^ISO+),49501,49501,artifact
PROMISES,patient 9,ART S (mm(hg)^^ISO+),49501,49524,clean
PROMISES,patient 9,ART S (mm(hg)^^ISO+),49526,49526,artifact
PROMISES,patient 9,ART S (mm(hg)^^ISO+),49526,49526,clean
PROMISES,patient 9,ART S (mm(hg)^^ISO+),49528,49528,artifact
PROMISES,patient 9,ART S (mm(hg)^^ISO+),49528,49529,clean
PROMISES,patient 9,ART S (mm(hg)^^ISO+),49531,49531,artifact
PROMISES,patient 9,ART S (mm(hg)^^ISO+),49531,49548,clean
PROMISES,patient 9,ART S (mm(hg)^^ISO+),49550,49550,artifact
PROMISES,patient 9,ART S (mm(hg)^^ISO+),49550,49558,clean
PROMISES,patient 9,ART S (mm(hg)^^ISO+),49560,49560,artifact
PROMISES,patient 9,ART S (mm(hg)^^ISO+),49560,49564,clean
PROMISES,patient 9,ART S (mm(hg)^^ISO+),49566,49566,artifact
PROMISES,patient 9,ART S (mm(hg)^^ISO+),49566,49580,clean
PROMISES,patient 9,ART S (mm(hg)^^ISO+),49582,49582,artifact
PROMISES,patient 9,ART S (mm(hg)^^ISO+),49582,49601,clean
PROMISES,patient 9,ART S (mm(hg)^^ISO+),49602,49602,artifact
PROMISES,patient 9,ART S (mm(hg)^^ISO+),49602,49617,clean
PROMISES,patient 9,ART S (mm(hg)^^ISO+),49618,49618,artifact
PROMISES,patient 9,ART S (mm(hg)^^ISO+),49618,49626,clean
PROMISES,patient 9,ART S (mm(hg)^^ISO+),49627,49627,artifact
PROMISES,patient 9,ART S (mm(hg)^^ISO+),49627,49629,clean
PROMISES,patient 9,ART S (mm(hg)^^ISO+),49630,49630,artifact
PROMISES,patient 9,ART S (mm(hg)^^ISO+),49630,49735,clean
PROMISES,patient 9,ART S (mm(hg)^^ISO+),49736,49736,artifact
PROMISES,patient 9,ART S (mm(hg)^^ISO+),49736,49747,clean
PROMISES,patient 9,ART S (mm(hg)^^ISO+),49749,49749,artifact
PROMISES,patient 9,ART S (mm(hg)^^ISO+),49749,49794,clean
PROMISES,patient 9,ART S (mm(hg)^^ISO+),49796,49796,artifact
PROMISES,patient 9,ART S (mm(hg)^^ISO+),49796,49817,clean
PROMISES,patient 9,ART S (mm(hg)^^ISO+),49819,49819,artifact
PROMISES,patient 9,ART S (mm(hg)^^ISO+),49819,49849,clean
PROMISES,patient 9,ART S (mm(hg)^^ISO+),49850,49850,artifact
PROMISES,patient 9,ART S (mm(hg)^^ISO+),49850,51442,clean
PROMISES,patient 9,ART S (mm(hg)^^ISO+),51444,51444,artifact
PROMISES,patient 9,ART S (mm(hg)^^ISO+),51444,51476,clean
PROMISES,patient 9,ART S (mm(hg)^^ISO+),51478,51478,artifact
PROMISES,patient 9,ART S (mm(hg)^^ISO+),51478,51497,clean
PROMISES,patient 9,ART S (mm(hg)^^ISO+),51499,51499,artifact
PROMISES,patient 9,ART S (mm(hg)^^ISO+),51499,51502,clean
PROMISES,patient 9,ART S (mm(hg)^^ISO+),51504,51504,artifact
PROMISES,patient 9,ART S (mm(hg)^^ISO+),51504,51518,clean
PROMISES,patient 9,ART S (mm(hg)^^ISO+),51520,51520,artifact
PROMISES,patient 9,ART S (mm(hg)^^ISO+),51520,51532,clean
PROMISES,patient 9,ART S (mm(hg)^^ISO+),51533,51533,artifact
PROMISES,patient 9,ART S (mm(hg)^^ISO+),51533,51540,clean
PROMISES,patient 9,ART S (mm(hg)^^ISO+),51542,51542,artifact
PROMISES,patient 9,ART S (mm(hg)^^ISO+),51542,51551,clean
PROMISES,patient 9,ART S (mm(hg)^^ISO+),51552,51552,artifact
PROMISES,patient 9,ART S (mm(hg)^^ISO+),51552,51559,clean
PROMISES,patient 9,ART S (mm(hg)^^ISO+),51561,51561,artifact
PROMISES,patient 9,ART S (mm(hg)^^ISO+),51561,51575,clean
PROMISES,patient 9,ART S (mm(hg)^^ISO+),51577,51577,artifact
PROMISES,patient 9,ART S (mm(hg)^^ISO+),51577,51595,clean
PROMISES,patient 9,ART S (mm(hg)^^ISO+),51596,51596,artifact
PROMISES,patient 9,ART S (mm(hg)^^ISO+),51596,51630,clean
PROMISES,patient 9,ART S (mm(hg)^^ISO+),51632,51632,artifact
PROMISES,patient 9,ART S (mm(hg)^^ISO+),51632,51664,clean
PROMISES,patient 9,ART S (mm(hg)^^ISO+),51665,51665,artifact
PROMISES,patient 9,ART S (mm(hg)^^ISO+),51665,51675,clean
PROMISES,patient 9,ART S (mm(hg)^^ISO+),51677,51677,artifact
PROMISES,patient 9,ART S (mm(hg)^^ISO+),51677,51797,clean
PROMISES,patient 9,ART S (mm(hg)^^ISO+),51799,51799,artifact
PROMISES,patient 9,ART S (mm(hg)^^ISO+),51799,51825,clean
PROMISES,patient 9,ART S (mm(hg)^^ISO+),51826,51826,artifact
PROMISES,patient 9,ART S (mm(hg)^^ISO+),51826,51840,clean
PROMISES,patient 9,ART S (mm(hg)^^ISO+),51842,51842,artifact
PROMISES,patient 9,ART S (mm(hg)^^ISO+),51842,51847,clean
PROMISES,patient 9,ART S (mm(hg)^^ISO+),51849,51849,artifact
PROMISES,patient 9,ART S (mm(hg)^^ISO+),51849,55054,clean
PROMISES,patient 9,ART S (mm(hg)^^ISO+),55055,55081,artifact
PROMISES,patient 9,ART S (mm(hg)^^ISO+),55082,57958,clean
PROMISES,patient 9,ART S (mm(hg)^^ISO+),57959,57981,artifact
PROMISES,patient 9,ART S (mm(hg)^^ISO+),57982,57982,clean
PROMISES,patient 9,ART S (mm(hg)^^ISO+),57983,58035,artifact
PROMISES,patient 9,ART S (mm(hg)^^ISO+),58036,58060,clean
PROMISES,patient 9,ART S (mm(hg)^^ISO+),58061,58093,artifact
PROMISES,patient 9,ART S (mm(hg)^^ISO+),58094,59193,clean
PROMISES,patient 9,ART S (mm(hg)^^ISO+),59194,59219,artifact
PROMISES,patient 9,ART S (mm(hg)^^ISO+),59220,60318,clean
PROMISES,patient 9,ART S (mm(hg)^^ISO+),60319,60399,artifact
PROMISES,patient 9,ART S (mm(hg)^^ISO+),60400,60444,clean
PROMISES,patient 9,ART S (mm(hg)^^ISO+),60445,60512,artifact
PROMISES,patient 9,ART S (mm(hg)^^ISO+),60513,61269,clean
PROMISES,patient 9,ART S (mm(hg)^^ISO+),61270,61322,artifact
PROMISES,patient 9,ART S (mm(hg)^^ISO+),61323,62320,clean
PROMISES,patient 9,ART D (mm(hg)^^ISO+),36872,39743,clean
PROMISES,patient 9,ART D (mm(hg)^^ISO+),39744,39744,artifact
PROMISES,patient 9,ART D (mm(hg)^^ISO+),39744,44521,clean
PROMISES,patient 9,ART D (mm(hg)^^ISO+),44522,44569,artifact
PROMISES,patient 9,ART D (mm(hg)^^ISO+),44570,44606,clean
PROMISES,patient 9,ART D (mm(hg)^^ISO+),44607,44659,artifact
PROMISES,patient 9,ART D (mm(hg)^^ISO+),44660,44690,clean
PROMISES,patient 9,ART D (mm(hg)^^ISO+),44691,44716,artifact
PROMISES,patient 9,ART D (mm(hg)^^ISO+),44717,47654,clean
PROMISES,patient 9,ART D (mm(hg)^^ISO+),47655,47749,artifact
PROMISES,patient 9,ART D (mm(hg)^^ISO+),47750,49463,clean
PROMISES,patient 9,ART D (mm(hg)^^ISO+),49464,49464,artifact
PROMISES,patient 9,ART D (mm(hg)^^ISO+),49464,55054,clean
PROMISES,patient 9,ART D (mm(hg)^^ISO+),55055,55081,artifact
PROMISES,patient 9,ART D (mm(hg)^^ISO+),55082,57958,clean
PROMISES,patient 9,ART D (mm(hg)^^ISO+),57959,57981,artifact
PROMISES,patient 9,ART D (mm(hg)^^ISO+),57982,57982,clean
PROMISES,patient 9,ART D (mm(hg)^^ISO+),57983,58035,artifact
PROMISES,patient 9,ART D (mm(hg)^^ISO+),58036,58060,clean
PROMISES,patient 9,ART D (mm(hg)^^ISO+),58061,58093,artifact
PROMISES,patient 9,ART D (mm(hg)^^ISO+),58094,59193,clean
PROMISES,patient 9,ART D (mm(hg)^^ISO+),59194,59219,artifact
PROMISES,patient 9,ART D (mm(hg)^^ISO+),59220,60318,clean
PROMISES,patient 9,ART D (mm(hg)^^ISO+),60319,60399,artifact
PROMISES,patient 9,ART D (mm(hg)^^ISO+),60400,60444,clean
PROMISES,patient 9,ART D (mm(hg)^^ISO+),60445,60512,artifact
PROMISES,patient 9,ART D (mm(hg)^^ISO+),60513,61269,clean
PROMISES,patient 9,ART D (mm(hg)^^ISO+),61270,61322,artifact
PROMISES,patient 9,ART D (mm(hg)^^ISO+),61323,62320,clean
PROMISES,patient 9,ART M (mm(hg)^^ISO+),36872,44521,clean
PROMISES,patient 9,ART M (mm(hg)^^ISO+),44522,44569,artifact
PROMISES,patient 9,ART M (mm(hg)^^ISO+),44570,44606,clean
PROMISES,patient 9,ART M (mm(hg)^^ISO+),44607,44659,artifact
PROMISES,patient 9,ART M (mm(hg)^^ISO+),44660,44690,clean
PROMISES,patient 9,ART M (mm(hg)^^ISO+),44691,44716,artifact
PROMISES,patient 9,ART M (mm(hg)^^ISO+),44717,47654,clean
PROMISES,patient 9,ART M (mm(hg)^^ISO+),47655,47749,artifact
PROMISES,patient 9,ART M (mm(hg)^^ISO+),47750,55054,clean
PROMISES,patient 9,ART M (mm(hg)^^ISO+),55055,55081,artifact
PROMISES,patient 9,ART M (mm(hg)^^ISO+),55082,57958,clean
PROMISES,patient 9,ART M (mm(hg)^^ISO+),57959,57981,artifact
PROMISES,patient 9,ART M (mm(hg)^^ISO+),57982,57982,clean
PROMISES,patient 9,ART M (mm(hg)^^ISO+),57983,58035,artifact
PROMISES,patient 9,ART M (mm(hg)^^ISO+),58036,58060,clean
PROMISES,patient 9,ART M (mm(hg)^^ISO+),58061,58093,artifact
PROMISES,patient 9,ART M (mm(hg)^^ISO+),58094,59193,clean
PROMISES,patient 9,ART M (mm(hg)^^ISO+),59194,59219,artifact
PROMISES,patient 9,ART M (mm(hg)^^ISO+),59220,60318,clean
PROMISES,patient 9,ART M (mm(hg)^^ISO+),60319,60399,artifact
PROMISES,patient 9,ART M (mm(hg)^^ISO+),60400,60444,clean
PROMISES,patient 9,ART M (mm(hg)^^ISO+),60445,60512,artifact
PROMISES,patient 9,ART M (mm(hg)^^ISO+),60513,61269,clean
PROMISES,patient 9,ART M (mm(hg)^^ISO+),61270,61322,artifact
PROMISES,patient 9,ART M (mm(hg)^^ISO+),61323,62320,clean
PROMISES,patient 10,ART S (mm(hg)^^ISO+),33007,33107,clean
PROMISES,patient 10,ART S (mm(hg)^^ISO+),33108,33196,artifact
PROMISES,patient 10,ART S (mm(hg)^^ISO+),33197,35058,clean
PROMISES,patient 10,ART S (mm(hg)^^ISO+),35060,35060,artifact
PROMISES,patient 10,ART S (mm(hg)^^ISO+),35060,35888,clean
PROMISES,patient 10,ART S (mm(hg)^^ISO+),35889,35958,artifact
PROMISES,patient 10,ART S (mm(hg)^^ISO+),35959,35990,clean
PROMISES,patient 10,ART S (mm(hg)^^ISO+),35991,36015,artifact
PROMISES,patient 10,ART S (mm(hg)^^ISO+),36016,37596,clean
PROMISES,patient 10,ART S (mm(hg)^^ISO+),37597,37690,artifact
PROMISES,patient 10,ART S (mm(hg)^^ISO+),37691,39219,clean
PROMISES,patient 10,ART S (mm(hg)^^ISO+),39220,39240,artifact
PROMISES,patient 10,ART S (mm(hg)^^ISO+),39241,39296,clean
PROMISES,patient 10,ART S (mm(hg)^^ISO+),39297,39334,artifact
PROMISES,patient 10,ART S (mm(hg)^^ISO+),39335,42951,clean
PROMISES,patient 10,ART D (mm(hg)^^ISO+),33007,33107,clean
PROMISES,patient 10,ART D (mm(hg)^^ISO+),33108,33196,artifact
PROMISES,patient 10,ART D (mm(hg)^^ISO+),33197,35058,clean
PROMISES,patient 10,ART D (mm(hg)^^ISO+),35060,35060,artifact
PROMISES,patient 10,ART D (mm(hg)^^ISO+),35060,35888,clean
PROMISES,patient 10,ART D (mm(hg)^^ISO+),35889,35958,artifact
PROMISES,patient 10,ART D (mm(hg)^^ISO+),35959,35990,clean
PROMISES,patient 10,ART D (mm(hg)^^ISO+),35991,36015,artifact
PROMISES,patient 10,ART D (mm(hg)^^ISO+),36016,37596,clean
PROMISES,patient 10,ART D (mm(hg)^^ISO+),37597,37690,artifact
PROMISES,patient 10,ART D (mm(hg)^^ISO+),37691,39219,clean
PROMISES,patient 10,ART D (mm(hg)^^ISO+),39220,39240,artifact
PROMISES,patient 10,ART D (mm(hg)^^ISO+),39241,39296,clean
PROMISES,patient 10,ART D (mm(hg)^^ISO+),39297,39334,artifact
PROMISES,patient 10,ART D (mm(hg)^^ISO+),39335,42951,clean
PROMISES,patient 10,ART M (mm(hg)^^ISO+),33007,33107,clean
PROMISES,patient 10,ART M (mm(hg)^^ISO+),33108,33196,artifact
PROMISES,patient 10,ART M (mm(hg)^^ISO+),33197,35070,clean
PROMISES,patient 10,ART M (mm(hg)^^ISO+),35072,35072,artifact
PROMISES,patient 10,ART M (mm(hg)^^ISO+),35072,35072,clean
PROMISES,patient 10,ART M (mm(hg)^^ISO+),35074,35074,artifact
PROMISES,patient 10,ART M (mm(hg)^^ISO+),35074,35076,clean
PROMISES,patient 10,ART M (mm(hg)^^ISO+),35077,35077,artifact
PROMISES,patient 10,ART M (mm(hg)^^ISO+),35077,35083,clean
PROMISES,patient 10,ART M (mm(hg)^^ISO+),35084,35084,artifact
PROMISES,patient 10,ART M (mm(hg)^^ISO+),35084,35088,clean
PROMISES,patient 10,ART M (mm(hg)^^ISO+),35090,35090,artifact
PROMISES,patient 10,ART M (mm(hg)^^ISO+),35090,35095,clean
PROMISES,patient 10,ART M (mm(hg)^^ISO+),35097,35097,artifact
PROMISES,patient 10,ART M (mm(hg)^^ISO+),35097,35104,clean
PROMISES,patient 10,ART M (mm(hg)^^ISO+),35106,35106,artifact
PROMISES,patient 10,ART M (mm(hg)^^ISO+),35106,35106,clean
PROMISES,patient 10,ART M (mm(hg)^^ISO+),35108,35108,artifact
PROMISES,patient 10,ART M (mm(hg)^^ISO+),35108,35110,clean
PROMISES,patient 10,ART M (mm(hg)^^ISO+),35112,35112,artifact
PROMISES,patient 10,ART M (mm(hg)^^ISO+),35112,35112,clean
PROMISES,patient 10,ART M (mm(hg)^^ISO+),35114,35114,artifact
PROMISES,patient 10,ART M (mm(hg)^^ISO+),35114,35129,clean
PROMISES,patient 10,ART M (mm(hg)^^ISO+),35130,35130,artifact
PROMISES,patient 10,ART M (mm(hg)^^ISO+),35130,35132,clean
PROMISES,patient 10,ART M (mm(hg)^^ISO+),35133,35133,artifact
PROMISES,patient 10,ART M (mm(hg)^^ISO+),35133,35133,clean
PROMISES,patient 10,ART M (mm(hg)^^ISO+),35135,35135,artifact
PROMISES,patient 10,ART M (mm(hg)^^ISO+),35135,35142,clean
PROMISES,patient 10,ART M (mm(hg)^^ISO+),35143,35143,artifact
PROMISES,patient 10,ART M (mm(hg)^^ISO+),35143,35145,clean
PROMISES,patient 10,ART M (mm(hg)^^ISO+),35146,35146,artifact
PROMISES,patient 10,ART M (mm(hg)^^ISO+),35146,35146,clean
PROMISES,patient 10,ART M (mm(hg)^^ISO+),35148,35148,artifact
PROMISES,patient 10,ART M (mm(hg)^^ISO+),35148,35151,clean
PROMISES,patient 10,ART M (mm(hg)^^ISO+),35153,35153,artifact
PROMISES,patient 10,ART M (mm(hg)^^ISO+),35153,35159,clean
PROMISES,patient 10,ART M (mm(hg)^^ISO+),35161,35161,artifact
PROMISES,patient 10,ART M (mm(hg)^^ISO+),35161,35176,clean
PROMISES,patient 10,ART M (mm(hg)^^ISO+),35178,35178,artifact
PROMISES,patient 10,ART M (mm(hg)^^ISO+),35178,35178,clean
PROMISES,patient 10,ART M (mm(hg)^^ISO+),35180,35180,artifact
PROMISES,patient 10,ART M (mm(hg)^^ISO+),35180,35184,clean
PROMISES,patient 10,ART M (mm(hg)^^ISO+),35186,35186,artifact
PROMISES,patient 10,ART M (mm(hg)^^ISO+),35186,35186,clean
PROMISES,patient 10,ART M (mm(hg)^^ISO+),35188,35188,artifact
PROMISES,patient 10,ART M (mm(hg)^^ISO+),35188,35190,clean
PROMISES,patient 10,ART M (mm(hg)^^ISO+),35191,35191,artifact
PROMISES,patient 10,ART M (mm(hg)^^ISO+),35191,35191,clean
PROMISES,patient 10,ART M (mm(hg)^^ISO+),35193,35193,artifact
PROMISES,patient 10,ART M (mm(hg)^^ISO+),35193,35202,clean
PROMISES,patient 10,ART M (mm(hg)^^ISO+),35204,35204,artifact
PROMISES,patient 10,ART M (mm(hg)^^ISO+),35204,35218,clean
PROMISES,patient 10,ART M (mm(hg)^^ISO+),35220,35220,artifact
PROMISES,patient 10,ART M (mm(hg)^^ISO+),35220,35223,clean
PROMISES,patient 10,ART M (mm(hg)^^ISO+),35225,35225,artifact
PROMISES,patient 10,ART M (mm(hg)^^ISO+),35225,35231,clean
PROMISES,patient 10,ART M (mm(hg)^^ISO+),35233,35233,artifact
PROMISES,patient 10,ART M (mm(hg)^^ISO+),35233,35254,clean
PROMISES,patient 10,ART M (mm(hg)^^ISO+),35256,35256,artifact
PROMISES,patient 10,ART M (mm(hg)^^ISO+),35256,35259,clean
PROMISES,patient 10,ART M (mm(hg)^^ISO+),35261,35261,artifact
PROMISES,patient 10,ART M (mm(hg)^^ISO+),35261,35273,clean
PROMISES,patient 10,ART M (mm(hg)^^ISO+),35275,35275,artifact
PROMISES,patient 10,ART M (mm(hg)^^ISO+),35275,35301,clean
PROMISES,patient 10,ART M (mm(hg)^^ISO+),35303,35303,artifact
PROMISES,patient 10,ART M (mm(hg)^^ISO+),35303,35309,clean
PROMISES,patient 10,ART M (mm(hg)^^ISO+),35311,35311,artifact
PROMISES,patient 10,ART M (mm(hg)^^ISO+),35311,35311,clean
PROMISES,patient 10,ART M (mm(hg)^^ISO+),35313,35313,artifact
PROMISES,patient 10,ART M (mm(hg)^^ISO+),35313,35316,clean
PROMISES,patient 10,ART M (mm(hg)^^ISO+),35318,35318,artifact
PROMISES,patient 10,ART M (mm(hg)^^ISO+),35318,35318,clean
PROMISES,patient 10,ART M (mm(hg)^^ISO+),35320,35320,artifact
PROMISES,patient 10,ART M (mm(hg)^^ISO+),35320,35332,clean
PROMISES,patient 10,ART M (mm(hg)^^ISO+),35334,35334,artifact
PROMISES,patient 10,ART M (mm(hg)^^ISO+),35334,35334,clean
PROMISES,patient 10,ART M (mm(hg)^^ISO+),35336,35336,artifact
PROMISES,patient 10,ART M (mm(hg)^^ISO+),35336,35338,clean
PROMISES,patient 10,ART M (mm(hg)^^ISO+),35340,35340,artifact
PROMISES,patient 10,ART M (mm(hg)^^ISO+),35340,35342,clean
PROMISES,patient 10,ART M (mm(hg)^^ISO+),35343,35343,artifact
PROMISES,patient 10,ART M (mm(hg)^^ISO+),35343,35343,clean
PROMISES,patient 10,ART M (mm(hg)^^ISO+),35345,35345,artifact
PROMISES,patient 10,ART M (mm(hg)^^ISO+),35345,35345,clean
PROMISES,patient 10,ART M (mm(hg)^^ISO+),35347,35347,artifact
PROMISES,patient 10,ART M (mm(hg)^^ISO+),35347,35351,clean
PROMISES,patient 10,ART M (mm(hg)^^ISO+),35353,35353,artifact
PROMISES,patient 10,ART M (mm(hg)^^ISO+),35353,35361,clean
PROMISES,patient 10,ART M (mm(hg)^^ISO+),35363,35363,artifact
PROMISES,patient 10,ART M (mm(hg)^^ISO+),35363,35367,clean
PROMISES,patient 10,ART M (mm(hg)^^ISO+),35368,35368,artifact
PROMISES,patient 10,ART M (mm(hg)^^ISO+),35368,35368,clean
PROMISES,patient 10,ART M (mm(hg)^^ISO+),35370,35370,artifact
PROMISES,patient 10,ART M (mm(hg)^^ISO+),35370,35370,clean
PROMISES,patient 10,ART M (mm(hg)^^ISO+),35372,35372,artifact
PROMISES,patient 10,ART M (mm(hg)^^ISO+),35372,35374,clean
PROMISES,patient 10,ART M (mm(hg)^^ISO+),35375,35375,artifact
PROMISES,patient 10,ART M (mm(hg)^^ISO+),35375,35375,clean
PROMISES,patient 10,ART M (mm(hg)^^ISO+),35377,35377,artifact
PROMISES,patient 10,ART M (mm(hg)^^ISO+),35377,35381,clean
PROMISES,patient 10,ART M (mm(hg)^^ISO+),35382,35382,artifact
PROMISES,patient 10,ART M (mm(hg)^^ISO+),35382,35888,clean
PROMISES,patient 10,ART M (mm(hg)^^ISO+),35889,35958,artifact
PROMISES,patient 10,ART M (mm(hg)^^ISO+),35959,35990,clean
PROMISES,patient 10,ART M (mm(hg)^^ISO+),35991,36015,artifact
PROMISES,patient 10,ART M (mm(hg)^^ISO+),36016,37596,clean
PROMISES,patient 10,ART M (mm(hg)^^ISO+),37597,37690,artifact
PROMISES,patient 10,ART M (mm(hg)^^ISO+),37691,39219,clean
PROMISES,patient 10,ART M (mm(hg)^^ISO+),39220,39240,artifact
PROMISES,patient 10,ART M (mm(hg)^^ISO+),39241,39296,clean
PROMISES,patient 10,ART M (mm(hg)^^ISO+),39297,39334,artifact
PROMISES,patient 10,ART M (mm(hg)^^ISO+),39335,42951,clean
PROMISES,patient 11,ART S (mm(hg)^^ISO+),33723,34827,clean
PROMISES,patient 11,ART S (mm(hg)^^ISO+),34828,34852,artifact
PROMISES,patient 11,ART S (mm(hg)^^ISO+),34853,38705,clean
PROMISES,patient 11,ART S (mm(hg)^^ISO+),38706,38706,artifact
PROMISES,patient 11,ART S (mm(hg)^^ISO+),38706,38787,clean
PROMISES,patient 11,ART S (mm(hg)^^ISO+),38788,38788,artifact
PROMISES,patient 11,ART S (mm(hg)^^ISO+),38788,38818,clean
PROMISES,patient 11,ART S (mm(hg)^^ISO+),38819,38819,artifact
PROMISES,patient 11,ART S (mm(hg)^^ISO+),38819,38826,clean
PROMISES,patient 11,ART S (mm(hg)^^ISO+),38827,38827,artifact
PROMISES,patient 11,ART S (mm(hg)^^ISO+),38827,38931,clean
PROMISES,patient 11,ART S (mm(hg)^^ISO+),38932,38932,artifact
PROMISES,patient 11,ART S (mm(hg)^^ISO+),38932,38935,clean
PROMISES,patient 11,ART S (mm(hg)^^ISO+),38936,38936,artifact
PROMISES,patient 11,ART S (mm(hg)^^ISO+),38936,38982,clean
PROMISES,patient 11,ART S (mm(hg)^^ISO+),38983,38983,artifact
PROMISES,patient 11,ART S (mm(hg)^^ISO+),38983,47562,clean
PROMISES,patient 11,ART S (mm(hg)^^ISO+),47563,47649,artifact
PROMISES,patient 11,ART S (mm(hg)^^ISO+),47650,48456,clean
PROMISES,patient 11,ART S (mm(hg)^^ISO+),48458,48458,artifact
PROMISES,patient 11,ART S (mm(hg)^^ISO+),48458,52931,clean
PROMISES,patient 11,ART D (mm(hg)^^ISO+),33723,34827,clean
PROMISES,patient 11,ART D (mm(hg)^^ISO+),34828,34852,artifact
PROMISES,patient 11,ART D (mm(hg)^^ISO+),34853,38709,clean
PROMISES,patient 11,ART D (mm(hg)^^ISO+),38710,38710,artifact
PROMISES,patient 11,ART D (mm(hg)^^ISO+),38710,38822,clean
PROMISES,patient 11,ART D (mm(hg)^^ISO+),38823,38823,artifact
PROMISES,patient 11,ART D (mm(hg)^^ISO+),38823,38826,clean
PROMISES,patient 11,ART D (mm(hg)^^ISO+),38827,38827,artifact
PROMISES,patient 11,ART D (mm(hg)^^ISO+),38827,38978,clean
PROMISES,patient 11,ART D (mm(hg)^^ISO+),38979,38979,artifact
PROMISES,patient 11,ART D (mm(hg)^^ISO+),38979,47562,clean
PROMISES,patient 11,ART D (mm(hg)^^ISO+),47563,47649,artifact
PROMISES,patient 11,ART D (mm(hg)^^ISO+),47650,52931,clean
PROMISES,patient 11,ART M (mm(hg)^^ISO+),33723,34827,clean
PROMISES,patient 11,ART M (mm(hg)^^ISO+),34828,34852,artifact
PROMISES,patient 11,ART M (mm(hg)^^ISO+),34853,38865,clean
PROMISES,patient 11,ART M (mm(hg)^^ISO+),38866,38866,artifact
PROMISES,patient 11,ART M (mm(hg)^^ISO+),38866,38978,clean
PROMISES,patient 11,ART M (mm(hg)^^ISO+),38979,38979,artifact
PROMISES,patient 11,ART M (mm(hg)^^ISO+),38979,39013,clean
PROMISES,patient 11,ART M (mm(hg)^^ISO+),39014,39014,artifact
PROMISES,patient 11,ART M (mm(hg)^^ISO+),39014,47562,clean
PROMISES,patient 11,ART M (mm(hg)^^ISO+),47563,47649,artifact
PROMISES,patient 11,ART M (mm(hg)^^ISO+),47650,52931,clean
PROMISES,patient 12,ART D (mm(hg)^^ISO+),32063,38222,clean
PROMISES,patient 12,ART D (mm(hg)^^ISO+),38223,38223,artifact
PROMISES,patient 12,ART D (mm(hg)^^ISO+),38223,39898,clean
PROMISES,patient 12,ART S (mm(hg)^^ISO+),32063,39898,clean
PROMISES,patient 12,ART M (mm(hg)^^ISO+),32063,38222,clean
PROMISES,patient 12,ART M (mm(hg)^^ISO+),38223,38223,artifact
PROMISES,patient 12,ART M (mm(hg)^^ISO+),38223,39898,clean
PROMISES,patient 12,S_change,32063,32063,clean
PROMISES,patient 12,S_change,32064,39898,artifact
PROMISES,patient 12,D_change,32063,32063,clean
PROMISES,patient 12,D_change,32064,39898,artifact
PROMISES,patient 12,M_change,32063,32063,clean
PROMISES,patient 12,M_change,32064,39898,artifact
PROMISES,patient 12,keep,32063,39898,artifact
PROMISES,patient 12,artifact_reason,32063,39898,clean
PROMISES,patient 12,datetime,32063,39898,artifact
PROMISES,patient 13,ART S (mm(hg)^^ISO+),34375,34509,clean
PROMISES,patient 13,ART S (mm(hg)^^ISO+),34510,34535,artifact
PROMISES,patient 13,ART S (mm(hg)^^ISO+),34536,35359,clean
PROMISES,patient 13,ART S (mm(hg)^^ISO+),35360,35360,artifact
PROMISES,patient 13,ART S (mm(hg)^^ISO+),35360,47392,clean
PROMISES,patient 13,ART S (mm(hg)^^ISO+),47393,47454,artifact
PROMISES,patient 13,ART S (mm(hg)^^ISO+),47455,47639,clean
PROMISES,patient 13,ART D (mm(hg)^^ISO+),34375,34509,clean
PROMISES,patient 13,ART D (mm(hg)^^ISO+),34510,34535,artifact
PROMISES,patient 13,ART D (mm(hg)^^ISO+),34536,47392,clean
PROMISES,patient 13,ART D (mm(hg)^^ISO+),47393,47454,artifact
PROMISES,patient 13,ART D (mm(hg)^^ISO+),47455,47639,clean
PROMISES,patient 13,ART M (mm(hg)^^ISO+),34375,34509,clean
PROMISES,patient 13,ART M (mm(hg)^^ISO+),34510,34535,artifact
PROMISES,patient 13,ART M (mm(hg)^^ISO+),34536,47392,clean
PROMISES,patient 13,ART M (mm(hg)^^ISO+),47393,47454,artifact
PROMISES,patient 13,ART M (mm(hg)^^ISO+),47455,47639,clean
PROMISES,patient 14,ART S (mm(hg)^^ISO+),33986,34393,clean
PROMISES,patient 14,ART S (mm(hg)^^ISO+),34394,34422,artifact
PROMISES,patient 14,ART S (mm(hg)^^ISO+),34423,35991,clean
PROMISES,patient 14,ART S (mm(hg)^^ISO+),35992,36023,artifact
PROMISES,patient 14,ART S (mm(hg)^^ISO+),36024,46253,clean
PROMISES,patient 14,ART S (mm(hg)^^ISO+),46255,46255,artifact
PROMISES,patient 14,ART S (mm(hg)^^ISO+),46255,46258,clean
PROMISES,patient 14,ART S (mm(hg)^^ISO+),46260,46260,artifact
PROMISES,patient 14,ART S (mm(hg)^^ISO+),46260,46276,clean
PROMISES,patient 14,ART S (mm(hg)^^ISO+),46277,46277,artifact
PROMISES,patient 14,ART S (mm(hg)^^ISO+),46277,46301,clean
PROMISES,patient 14,ART S (mm(hg)^^ISO+),46303,46303,artifact
PROMISES,patient 14,ART S (mm(hg)^^ISO+),46303,46327,clean
PROMISES,patient 14,ART S (mm(hg)^^ISO+),46328,46328,artifact
PROMISES,patient 14,ART S (mm(hg)^^ISO+),46328,46329,clean
PROMISES,patient 14,ART S (mm(hg)^^ISO+),46331,46331,artifact
PROMISES,patient 14,ART S (mm(hg)^^ISO+),46331,46350,clean
PROMISES,patient 14,ART S (mm(hg)^^ISO+),46352,46352,artifact
PROMISES,patient 14,ART S (mm(hg)^^ISO+),46352,46358,clean
PROMISES,patient 14,ART S (mm(hg)^^ISO+),46360,46360,artifact
PROMISES,patient 14,ART S (mm(hg)^^ISO+),46360,46360,clean
PROMISES,patient 14,ART S (mm(hg)^^ISO+),46362,46362,artifact
PROMISES,patient 14,ART S (mm(hg)^^ISO+),46362,46365,clean
PROMISES,patient 14,ART S (mm(hg)^^ISO+),46367,46367,artifact
PROMISES,patient 14,ART S (mm(hg)^^ISO+),46367,46370,clean
PROMISES,patient 14,ART S (mm(hg)^^ISO+),46372,46372,artifact
PROMISES,patient 14,ART S (mm(hg)^^ISO+),46372,46373,clean
PROMISES,patient 14,ART S (mm(hg)^^ISO+),46375,46375,artifact
PROMISES,patient 14,ART S (mm(hg)^^ISO+),46375,46396,clean
PROMISES,patient 14,ART S (mm(hg)^^ISO+),46397,46397,artifact
PROMISES,patient 14,ART S (mm(hg)^^ISO+),46397,46417,clean
PROMISES,patient 14,ART S (mm(hg)^^ISO+),46419,46419,artifact
PROMISES,patient 14,ART S (mm(hg)^^ISO+),46419,46427,clean
PROMISES,patient 14,ART S (mm(hg)^^ISO+),46429,46429,artifact
PROMISES,patient 14,ART S (mm(hg)^^ISO+),46429,46430,clean
PROMISES,patient 14,ART S (mm(hg)^^ISO+),46432,46432,artifact
PROMISES,patient 14,ART S (mm(hg)^^ISO+),46432,46439,clean
PROMISES,patient 14,ART S (mm(hg)^^ISO+),46440,46440,artifact
PROMISES,patient 14,ART S (mm(hg)^^ISO+),46440,46510,clean
PROMISES,patient 14,ART S (mm(hg)^^ISO+),46512,46512,artifact
PROMISES,patient 14,ART S (mm(hg)^^ISO+),46512,46535,clean
PROMISES,patient 14,ART S (mm(hg)^^ISO+),46537,46537,artifact
PROMISES,patient 14,ART S (mm(hg)^^ISO+),46537,46543,clean
PROMISES,patient 14,ART S (mm(hg)^^ISO+),46545,46545,artifact
PROMISES,patient 14,ART S (mm(hg)^^ISO+),46545,46548,clean
PROMISES,patient 14,ART S (mm(hg)^^ISO+),46550,46550,artifact
PROMISES,patient 14,ART S (mm(hg)^^ISO+),46550,46550,clean
PROMISES,patient 14,ART S (mm(hg)^^ISO+),46552,46552,artifact
PROMISES,patient 14,ART S (mm(hg)^^ISO+),46552,46568,clean
PROMISES,patient 14,ART S (mm(hg)^^ISO+),46570,46570,artifact
PROMISES,patient 14,ART S (mm(hg)^^ISO+),46570,46582,clean
PROMISES,patient 14,ART S (mm(hg)^^ISO+),46584,46584,artifact
PROMISES,patient 14,ART S (mm(hg)^^ISO+),46584,46589,clean
PROMISES,patient 14,ART S (mm(hg)^^ISO+),46591,46591,artifact
PROMISES,patient 14,ART S (mm(hg)^^ISO+),46591,46592,clean
PROMISES,patient 14,ART S (mm(hg)^^ISO+),46594,46594,artifact
PROMISES,patient 14,ART S (mm(hg)^^ISO+),46594,46596,clean
PROMISES,patient 14,ART S (mm(hg)^^ISO+),46598,46598,artifact
PROMISES,patient 14,ART S (mm(hg)^^ISO+),46598,46599,clean
PROMISES,patient 14,ART S (mm(hg)^^ISO+),46601,46601,artifact
PROMISES,patient 14,ART S (mm(hg)^^ISO+),46601,46607,clean
PROMISES,patient 14,ART S (mm(hg)^^ISO+),46609,46609,artifact
PROMISES,patient 14,ART S (mm(hg)^^ISO+),46609,46618,clean
PROMISES,patient 14,ART S (mm(hg)^^ISO+),46620,46620,artifact
PROMISES,patient 14,ART S (mm(hg)^^ISO+),46620,48701,clean
PROMISES,patient 14,ART S (mm(hg)^^ISO+),48702,48722,artifact
PROMISES,patient 14,ART S (mm(hg)^^ISO+),48723,49034,clean
PROMISES,patient 14,ART S (mm(hg)^^ISO+),49035,49055,artifact
PROMISES,patient 14,ART S (mm(hg)^^ISO+),49056,49121,clean
PROMISES,patient 14,ART S (mm(hg)^^ISO+),49122,49142,artifact
PROMISES,patient 14,ART S (mm(hg)^^ISO+),49143,49173,clean
PROMISES,patient 14,ART S (mm(hg)^^ISO+),49174,49194,artifact
PROMISES,patient 14,ART S (mm(hg)^^ISO+),49195,49687,clean
PROMISES,patient 14,ART S (mm(hg)^^ISO+),49688,49728,artifact
PROMISES,patient 14,ART S (mm(hg)^^ISO+),49729,51058,clean
PROMISES,patient 14,ART S (mm(hg)^^ISO+),51059,51148,artifact
PROMISES,patient 14,ART S (mm(hg)^^ISO+),51149,51775,clean
PROMISES,patient 14,ART S (mm(hg)^^ISO+),51776,51798,artifact
PROMISES,patient 14,ART S (mm(hg)^^ISO+),51799,52381,clean
PROMISES,patient 14,ART S (mm(hg)^^ISO+),52382,52418,artifact
PROMISES,patient 14,ART S (mm(hg)^^ISO+),52419,52448,clean
PROMISES,patient 14,ART S (mm(hg)^^ISO+),52449,52489,artifact
PROMISES,patient 14,ART S (mm(hg)^^ISO+),52490,52643,clean
PROMISES,patient 14,ART S (mm(hg)^^ISO+),52644,52668,artifact
PROMISES,patient 14,ART S (mm(hg)^^ISO+),52669,52775,clean
PROMISES,patient 14,ART S (mm(hg)^^ISO+),52776,52833,artifact
PROMISES,patient 14,ART S (mm(hg)^^ISO+),52834,52866,clean
PROMISES,patient 14,ART S (mm(hg)^^ISO+),52867,52906,artifact
PROMISES,patient 14,ART S (mm(hg)^^ISO+),52907,52935,clean
PROMISES,patient 14,ART S (mm(hg)^^ISO+),52936,52980,artifact
PROMISES,patient 14,ART S (mm(hg)^^ISO+),52981,53130,clean
PROMISES,patient 14,ART S (mm(hg)^^ISO+),53131,53159,artifact
PROMISES,patient 14,ART S (mm(hg)^^ISO+),53160,53168,clean
PROMISES,patient 14,ART S (mm(hg)^^ISO+),53169,53226,artifact
PROMISES,patient 14,ART S (mm(hg)^^ISO+),53227,53296,clean
PROMISES,patient 14,ART S (mm(hg)^^ISO+),53297,54457,artifact
PROMISES,patient 14,ART D (mm(hg)^^ISO+),33986,34393,clean
PROMISES,patient 14,ART D (mm(hg)^^ISO+),34394,34422,artifact
PROMISES,patient 14,ART D (mm(hg)^^ISO+),34423,35991,clean
PROMISES,patient 14,ART D (mm(hg)^^ISO+),35992,36023,artifact
PROMISES,patient 14,ART D (mm(hg)^^ISO+),36024,46258,clean
PROMISES,patient 14,ART D (mm(hg)^^ISO+),46260,46260,artifact
PROMISES,patient 14,ART D (mm(hg)^^ISO+),46260,46266,clean
PROMISES,patient 14,ART D (mm(hg)^^ISO+),46268,46268,artifact
PROMISES,patient 14,ART D (mm(hg)^^ISO+),46268,46292,clean
PROMISES,patient 14,ART D (mm(hg)^^ISO+),46294,46294,artifact
PROMISES,patient 14,ART D (mm(hg)^^ISO+),46294,46332,clean
PROMISES,patient 14,ART D (mm(hg)^^ISO+),46334,46334,artifact
PROMISES,patient 14,ART D (mm(hg)^^ISO+),46334,46355,clean
PROMISES,patient 14,ART D (mm(hg)^^ISO+),46357,46357,artifact
PROMISES,patient 14,ART D (mm(hg)^^ISO+),46357,46430,clean
PROMISES,patient 14,ART D (mm(hg)^^ISO+),46432,46432,artifact
PROMISES,patient 14,ART D (mm(hg)^^ISO+),46432,46439,clean
PROMISES,patient 14,ART D (mm(hg)^^ISO+),46440,46440,artifact
PROMISES,patient 14,ART D (mm(hg)^^ISO+),46440,46440,clean
PROMISES,patient 14,ART D (mm(hg)^^ISO+),46442,46442,artifact
PROMISES,patient 14,ART D (mm(hg)^^ISO+),46442,46454,clean
PROMISES,patient 14,ART D (mm(hg)^^ISO+),46456,46456,artifact
PROMISES,patient 14,ART D (mm(hg)^^ISO+),46456,46461,clean
PROMISES,patient 14,ART D (mm(hg)^^ISO+),46462,46462,artifact
PROMISES,patient 14,ART D (mm(hg)^^ISO+),46462,46541,clean
PROMISES,patient 14,ART D (mm(hg)^^ISO+),46543,46543,artifact
PROMISES,patient 14,ART D (mm(hg)^^ISO+),46543,46548,clean
PROMISES,patient 14,ART D (mm(hg)^^ISO+),46550,46550,artifact
PROMISES,patient 14,ART D (mm(hg)^^ISO+),46550,46552,clean
PROMISES,patient 14,ART D (mm(hg)^^ISO+),46554,46554,artifact
PROMISES,patient 14,ART D (mm(hg)^^ISO+),46554,46586,clean
PROMISES,patient 14,ART D (mm(hg)^^ISO+),46587,46587,artifact
PROMISES,patient 14,ART D (mm(hg)^^ISO+),46587,46618,clean
PROMISES,patient 14,ART D (mm(hg)^^ISO+),46620,46620,artifact
PROMISES,patient 14,ART D (mm(hg)^^ISO+),46620,46622,clean
PROMISES,patient 14,ART D (mm(hg)^^ISO+),46623,46623,artifact
PROMISES,patient 14,ART D (mm(hg)^^ISO+),46623,46624,clean
PROMISES,patient 14,ART D (mm(hg)^^ISO+),46626,46626,artifact
PROMISES,patient 14,ART D (mm(hg)^^ISO+),46626,48701,clean
PROMISES,patient 14,ART D (mm(hg)^^ISO+),48702,48722,artifact
PROMISES,patient 14,ART D (mm(hg)^^ISO+),48723,49034,clean
PROMISES,patient 14,ART D (mm(hg)^^ISO+),49035,49055,artifact
PROMISES,patient 14,ART D (mm(hg)^^ISO+),49056,49121,clean
PROMISES,patient 14,ART D (mm(hg)^^ISO+),49122,49142,artifact
PROMISES,patient 14,ART D (mm(hg)^^ISO+),49143,49173,clean
PROMISES,patient 14,ART D (mm(hg)^^ISO+),49174,49194,artifact
PROMISES,patient 14,ART D (mm(hg)^^ISO+),49195,49687,clean
PROMISES,patient 14,ART D (mm(hg)^^ISO+),49688,49728,artifact
PROMISES,patient 14,ART D (mm(hg)^^ISO+),49729,51058,clean
PROMISES,patient 14,ART D (mm(hg)^^ISO+),51059,51148,artifact
PROMISES,patient 14,ART D (mm(hg)^^ISO+),51149,51775,clean
PROMISES,patient 14,ART D (mm(hg)^^ISO+),51776,51798,artifact
PROMISES,patient 14,ART D (mm(hg)^^ISO+),51799,52381,clean
PROMISES,patient 14,ART D (mm(hg)^^ISO+),52382,52418,artifact
PROMISES,patient 14,ART D (mm(hg)^^ISO+),52419,52448,clean
PROMISES,patient 14,ART D (mm(hg)^^ISO+),52449,52489,artifact
PROMISES,patient 14,ART D (mm(hg)^^ISO+),52490,52643,clean
PROMISES,patient 14,ART D (mm(hg)^^ISO+),52644,52668,artifact
PROMISES,patient 14,ART D (mm(hg)^^ISO+),52669,52775,clean
PROMISES,patient 14,ART D (mm(hg)^^ISO+),52776,52833,artifact
PROMISES,patient 14,ART D (mm(hg)^^ISO+),52834,52866,clean
PROMISES,patient 14,ART D (mm(hg)^^ISO+),52867,52906,artifact
PROMISES,patient 14,ART D (mm(hg)^^ISO+),52907,52935,clean
PROMISES,patient 14,ART D (mm(hg)^^ISO+),52936,52980,artifact
PROMISES,patient 14,ART D (mm(hg)^^ISO+),52981,53130,clean
PROMISES,patient 14,ART D (mm(hg)^^ISO+),53131,53159,artifact
PROMISES,patient 14,ART D (mm(hg)^^ISO+),53160,53168,clean
PROMISES,patient 14,ART D (mm(hg)^^ISO+),53169,53226,artifact
PROMISES,patient 14,ART D (mm(hg)^^ISO+),53227,53296,clean
PROMISES,patient 14,ART D (mm(hg)^^ISO+),53297,54457,artifact
PROMISES,patient 14,ART M (mm(hg)^^ISO+),33986,34393,clean
PROMISES,patient 14,ART M (mm(hg)^^ISO+),34394,34422,artifact
PROMISES,patient 14,ART M (mm(hg)^^ISO+),34423,35991,clean
PROMISES,patient 14,ART M (mm(hg)^^ISO+),35992,36023,artifact
PROMISES,patient 14,ART M (mm(hg)^^ISO+),36024,46240,clean
PROMISES,patient 14,ART M (mm(hg)^^ISO+),46241,46241,artifact
PROMISES,patient 14,ART M (mm(hg)^^ISO+),46241,46266,clean
PROMISES,patient 14,ART M (mm(hg)^^ISO+),46268,46268,artifact
PROMISES,patient 14,ART M (mm(hg)^^ISO+),46268,46272,clean
PROMISES,patient 14,ART M (mm(hg)^^ISO+),46273,46273,artifact
PROMISES,patient 14,ART M (mm(hg)^^ISO+),46273,46301,clean
PROMISES,patient 14,ART M (mm(hg)^^ISO+),46303,46303,artifact
PROMISES,patient 14,ART M (mm(hg)^^ISO+),46303,46307,clean
PROMISES,patient 14,ART M (mm(hg)^^ISO+),46309,46309,artifact
PROMISES,patient 14,ART M (mm(hg)^^ISO+),46309,46314,clean
PROMISES,patient 14,ART M (mm(hg)^^ISO+),46316,46316,artifact
PROMISES,patient 14,ART M (mm(hg)^^ISO+),46316,46323,clean
PROMISES,patient 14,ART M (mm(hg)^^ISO+),46324,46324,artifact
PROMISES,patient 14,ART M (mm(hg)^^ISO+),46324,46342,clean
PROMISES,patient 14,ART M (mm(hg)^^ISO+),46343,46343,artifact
PROMISES,patient 14,ART M (mm(hg)^^ISO+),46343,46365,clean
PROMISES,patient 14,ART M (mm(hg)^^ISO+),46367,46367,artifact
PROMISES,patient 14,ART M (mm(hg)^^ISO+),46367,46367,clean
PROMISES,patient 14,ART M (mm(hg)^^ISO+),46369,46369,artifact
PROMISES,patient 14,ART M (mm(hg)^^ISO+),46369,46370,clean
PROMISES,patient 14,ART M (mm(hg)^^ISO+),46372,46372,artifact
PROMISES,patient 14,ART M (mm(hg)^^ISO+),46372,46454,clean
PROMISES,patient 14,ART M (mm(hg)^^ISO+),46456,46456,artifact
PROMISES,patient 14,ART M (mm(hg)^^ISO+),46456,46490,clean
PROMISES,patient 14,ART M (mm(hg)^^ISO+),46492,46492,artifact
PROMISES,patient 14,ART M (mm(hg)^^ISO+),46492,46524,clean
PROMISES,patient 14,ART M (mm(hg)^^ISO+),46526,46526,artifact
PROMISES,patient 14,ART M (mm(hg)^^ISO+),46526,46539,clean
PROMISES,patient 14,ART M (mm(hg)^^ISO+),46541,46541,artifact
PROMISES,patient 14,ART M (mm(hg)^^ISO+),46541,46552,clean
PROMISES,patient 14,ART M (mm(hg)^^ISO+),46554,46554,artifact
PROMISES,patient 14,ART M (mm(hg)^^ISO+),46554,46561,clean
PROMISES,patient 14,ART M (mm(hg)^^ISO+),46562,46562,artifact
PROMISES,patient 14,ART M (mm(hg)^^ISO+),46562,46578,clean
PROMISES,patient 14,ART M (mm(hg)^^ISO+),46580,46580,artifact
PROMISES,patient 14,ART M (mm(hg)^^ISO+),46580,46580,clean
PROMISES,patient 14,ART M (mm(hg)^^ISO+),46582,46582,artifact
PROMISES,patient 14,ART M (mm(hg)^^ISO+),46582,46586,clean
PROMISES,patient 14,ART M (mm(hg)^^ISO+),46587,46587,artifact
PROMISES,patient 14,ART M (mm(hg)^^ISO+),46587,46603,clean
PROMISES,patient 14,ART M (mm(hg)^^ISO+),46605,46605,artifact
PROMISES,patient 14,ART M (mm(hg)^^ISO+),46605,46616,clean
PROMISES,patient 14,ART M (mm(hg)^^ISO+),46618,46618,artifact
PROMISES,patient 14,ART M (mm(hg)^^ISO+),46618,46622,clean
PROMISES,patient 14,ART M (mm(hg)^^ISO+),46623,46623,artifact
PROMISES,patient 14,ART M (mm(hg)^^ISO+),46623,48701,clean
PROMISES,patient 14,ART M (mm(hg)^^ISO+),48702,48722,artifact
PROMISES,patient 14,ART M (mm(hg)^^ISO+),48723,49034,clean
PROMISES,patient 14,ART M (mm(hg)^^ISO+),49035,49055,artifact
PROMISES,patient 14,ART M (mm(hg)^^ISO+),49056,49121,clean
PROMISES,patient 14,ART M (mm(hg)^^ISO+),49122,49142,artifact
PROMISES,patient 14,ART M (mm(hg)^^ISO+),49143,49173,clean
PROMISES,patient 14,ART M (mm(hg)^^ISO+),49174,49194,artifact
PROMISES,patient 14,ART M (mm(hg)^^ISO+),49195,49687,clean
PROMISES,patient 14,ART M (mm(hg)^^ISO+),49688,49728,artifact
PROMISES,patient 14,ART M (mm(hg)^^ISO+),49729,51058,clean
PROMISES,patient 14,ART M (mm(hg)^^ISO+),51059,51148,artifact
PROMISES,patient 14,ART M (mm(hg)^^ISO+),51149,51775,clean
PROMISES,patient 14,ART M (mm(hg)^^ISO+),51776,51798,artifact
PROMISES,patient 14,ART M (mm(hg)^^ISO+),51799,52381,clean
PROMISES,patient 14,ART M (mm(hg)^^ISO+),52382,52418,artifact
PROMISES,patient 14,ART M (mm(hg)^^ISO+),52419,52448,clean
PROMISES,patient 14,ART M (mm(hg)^^ISO+),52449,52489,artifact
PROMISES,patient 14,ART M (mm(hg)^^ISO+),52490,52643,clean
PROMISES,patient 14,ART M (mm(hg)^^ISO+),52644,52668,artifact
PROMISES,patient 14,ART M (mm(hg)^^ISO+),52669,52775,clean
PROMISES,patient 14,ART M (mm(hg)^^ISO+),52776,52833,artifact
PROMISES,patient 14,ART M (mm(hg)^^ISO+),52834,52866,clean
PROMISES,patient 14,ART M (mm(hg)^^ISO+),52867,52906,artifact
PROMISES,patient 14,ART M (mm(hg)^^ISO+),52907,52935,clean
PROMISES,patient 14,ART M (mm(hg)^^ISO+),52936,52980,artifact
PROMISES,patient 14,ART M (mm(hg)^^ISO+),52981,53130,clean
PROMISES,patient 14,ART M (mm(hg)^^ISO+),53131,53159,artifact
PROMISES,patient 14,ART M (mm(hg)^^ISO+),53160,53168,clean
PROMISES,patient 14,ART M (mm(hg)^^ISO+),53169,53226,artifact
PROMISES,patient 14,ART M (mm(hg)^^ISO+),53227,53296,clean
PROMISES,patient 14,ART M (mm(hg)^^ISO+),53297,54457,artifact
PROMISES,patient 15,ART S (mm(hg)^^ISO+),52865,60426,clean
PROMISES,patient 15,ART S (mm(hg)^^ISO+),60427,60427,artifact
PROMISES,patient 15,ART S (mm(hg)^^ISO+),60427,60430,clean
PROMISES,patient 15,ART S (mm(hg)^^ISO+),60431,60431,artifact
PROMISES,patient 15,ART S (mm(hg)^^ISO+),60431,60461,clean
PROMISES,patient 15,ART S (mm(hg)^^ISO+),60462,60462,artifact
PROMISES,patient 15,ART S (mm(hg)^^ISO+),60462,60465,clean
PROMISES,patient 15,ART S (mm(hg)^^ISO+),60466,60466,artifact
PROMISES,patient 15,ART S (mm(hg)^^ISO+),60466,60496,clean
PROMISES,patient 15,ART S (mm(hg)^^ISO+),60497,60497,artifact
PROMISES,patient 15,ART S (mm(hg)^^ISO+),60497,60508,clean
PROMISES,patient 15,ART S (mm(hg)^^ISO+),60509,60509,artifact
PROMISES,patient 15,ART S (mm(hg)^^ISO+),60509,60578,clean
PROMISES,patient 15,ART S (mm(hg)^^ISO+),60579,60579,artifact
PROMISES,patient 15,ART S (mm(hg)^^ISO+),60579,60594,clean
PROMISES,patient 15,ART S (mm(hg)^^ISO+),60595,60632,artifact
PROMISES,patient 15,ART S (mm(hg)^^ISO+),60633,62319,clean
PROMISES,patient 15,ART S (mm(hg)^^ISO+),62321,62321,artifact
PROMISES,patient 15,ART S (mm(hg)^^ISO+),62321,62321,clean
PROMISES,patient 15,ART S (mm(hg)^^ISO+),62323,62323,artifact
PROMISES,patient 15,ART S (mm(hg)^^ISO+),62323,63041,clean
PROMISES,patient 15,ART S (mm(hg)^^ISO+),63042,63135,artifact
PROMISES,patient 15,ART S (mm(hg)^^ISO+),63136,67729,clean
PROMISES,patient 15,ART D (mm(hg)^^ISO+),52865,60465,clean
PROMISES,patient 15,ART D (mm(hg)^^ISO+),60466,60466,artifact
PROMISES,patient 15,ART D (mm(hg)^^ISO+),60466,60500,clean
PROMISES,patient 15,ART D (mm(hg)^^ISO+),60501,60501,artifact
PROMISES,patient 15,ART D (mm(hg)^^ISO+),60501,60535,clean
PROMISES,patient 15,ART D (mm(hg)^^ISO+),60536,60536,artifact
PROMISES,patient 15,ART D (mm(hg)^^ISO+),60536,60594,clean
PROMISES,patient 15,ART D (mm(hg)^^ISO+),60595,60632,artifact
PROMISES,patient 15,ART D (mm(hg)^^ISO+),60633,63041,clean
PROMISES,patient 15,ART D (mm(hg)^^ISO+),63042,63135,artifact
PROMISES,patient 15,ART D (mm(hg)^^ISO+),63136,67729,clean
PROMISES,patient 15,ART M (mm(hg)^^ISO+),52865,60457,clean
PROMISES,patient 15,ART M (mm(hg)^^ISO+),60458,60458,artifact
PROMISES,patient 15,ART M (mm(hg)^^ISO+),60458,60461,clean
PROMISES,patient 15,ART M (mm(hg)^^ISO+),60462,60462,artifact
PROMISES,patient 15,ART M (mm(hg)^^ISO+),60462,60469,clean
PROMISES,patient 15,ART M (mm(hg)^^ISO+),60470,60470,artifact
PROMISES,patient 15,ART M (mm(hg)^^ISO+),60470,60508,clean
PROMISES,patient 15,ART M (mm(hg)^^ISO+),60509,60509,artifact
PROMISES,patient 15,ART M (mm(hg)^^ISO+),60509,60531,clean
PROMISES,patient 15,ART M (mm(hg)^^ISO+),60532,60532,artifact
PROMISES,patient 15,ART M (mm(hg)^^ISO+),60532,60543,clean
PROMISES,patient 15,ART M (mm(hg)^^ISO+),60544,60544,artifact
PROMISES,patient 15,ART M (mm(hg)^^ISO+),60544,60582,clean
PROMISES,patient 15,ART M (mm(hg)^^ISO+),60583,60583,artifact
PROMISES,patient 15,ART M (mm(hg)^^ISO+),60583,60594,clean
PROMISES,patient 15,ART M (mm(hg)^^ISO+),60595,60632,artifact
PROMISES,patient 15,ART M (mm(hg)^^ISO+),60633,63041,clean
PROMISES,patient 15,ART M (mm(hg)^^ISO+),63042,63135,artifact
PROMISES,patient 15,ART M (mm(hg)^^ISO+),63136,67729,clean
PROMISES,patient 16,ART S (mm(hg)^^ISO+),33652,36695,clean
PROMISES,patient 16,ART S (mm(hg)^^ISO+),36696,36716,artifact
PROMISES,patient 16,ART S (mm(hg)^^ISO+),36717,36730,clean
PROMISES,patient 16,ART S (mm(hg)^^ISO+),36731,36751,artifact
PROMISES,patient 16,ART S (mm(hg)^^ISO+),36752,36786,clean
PROMISES,patient 16,ART S (mm(hg)^^ISO+),36787,36807,artifact
PROMISES,patient 16,ART S (mm(hg)^^ISO+),36808,36871,clean
PROMISES,patient 16,ART S (mm(hg)^^ISO+),36872,36964,artifact
PROMISES,patient 16,ART S (mm(hg)^^ISO+),36965,36971,clean
PROMISES,patient 16,ART S (mm(hg)^^ISO+),36972,36994,artifact
PROMISES,patient 16,ART S (mm(hg)^^ISO+),36995,37194,clean
PROMISES,patient 16,ART S (mm(hg)^^ISO+),37195,37215,artifact
PROMISES,patient 16,ART S (mm(hg)^^ISO+),37216,37771,clean
PROMISES,patient 16,ART S (mm(hg)^^ISO+),37772,37792,artifact
PROMISES,patient 16,ART S (mm(hg)^^ISO+),37793,37817,clean
PROMISES,patient 16,ART S (mm(hg)^^ISO+),37818,37916,artifact
PROMISES,patient 16,ART S (mm(hg)^^ISO+),37917,38187,clean
PROMISES,patient 16,ART S (mm(hg)^^ISO+),38188,38210,artifact
PROMISES,patient 16,ART S (mm(hg)^^ISO+),38211,38237,clean
PROMISES,patient 16,ART S (mm(hg)^^ISO+),38238,38284,artifact
PROMISES,patient 16,ART S (mm(hg)^^ISO+),38285,38619,clean
PROMISES,patient 16,ART S (mm(hg)^^ISO+),38620,38665,artifact
PROMISES,patient 16,ART S (mm(hg)^^ISO+),38666,38793,clean
PROMISES,patient 16,ART S (mm(hg)^^ISO+),38794,38821,artifact
PROMISES,patient 16,ART S (mm(hg)^^ISO+),38822,39015,clean
PROMISES,patient 16,ART S (mm(hg)^^ISO+),39016,39090,artifact
PROMISES,patient 16,ART S (mm(hg)^^ISO+),39091,39097,clean
PROMISES,patient 16,ART S (mm(hg)^^ISO+),39098,39125,artifact
PROMISES,patient 16,ART S (mm(hg)^^ISO+),39126,39528,clean
PROMISES,patient 16,ART S (mm(hg)^^ISO+),39529,39557,artifact
PROMISES,patient 16,ART S (mm(hg)^^ISO+),39558,39563,clean
PROMISES,patient 16,ART S (mm(hg)^^ISO+),39564,39589,artifact
PROMISES,patient 16,ART S (mm(hg)^^ISO+),39590,39639,clean
PROMISES,patient 16,ART S (mm(hg)^^ISO+),39640,39672,artifact
PROMISES,patient 16,ART S (mm(hg)^^ISO+),39673,40974,clean
PROMISES,patient 16,ART S (mm(hg)^^ISO+),40975,40996,artifact
PROMISES,patient 16,ART S (mm(hg)^^ISO+),40997,41039,clean
PROMISES,patient 16,ART S (mm(hg)^^ISO+),41040,41062,artifact
PROMISES,patient 16,ART S (mm(hg)^^ISO+),41063,41761,clean
PROMISES,patient 16,ART S (mm(hg)^^ISO+),41762,41792,artifact
PROMISES,patient 16,ART S (mm(hg)^^ISO+),41793,41809,clean
PROMISES,patient 16,ART S (mm(hg)^^ISO+),41810,41845,artifact
PROMISES,patient 16,ART S (mm(hg)^^ISO+),41846,42538,clean
PROMISES,patient 16,ART D (mm(hg)^^ISO+),33652,36695,clean
PROMISES,patient 16,ART D (mm(hg)^^ISO+),36696,36716,artifact
PROMISES,patient 16,ART D (mm(hg)^^ISO+),36717,36730,clean
PROMISES,patient 16,ART D (mm(hg)^^ISO+),36731,36751,artifact
PROMISES,patient 16,ART D (mm(hg)^^ISO+),36752,36786,clean
PROMISES,patient 16,ART D (mm(hg)^^ISO+),36787,36807,artifact
PROMISES,patient 16,ART D (mm(hg)^^ISO+),36808,36871,clean
PROMISES,patient 16,ART D (mm(hg)^^ISO+),36872,36964,artifact
PROMISES,patient 16,ART D (mm(hg)^^ISO+),36965,36971,clean
PROMISES,patient 16,ART D (mm(hg)^^ISO+),36972,36994,artifact
PROMISES,patient 16,ART D (mm(hg)^^ISO+),36995,37194,clean
PROMISES,patient 16,ART D (mm(hg)^^ISO+),37195,37215,artifact
PROMISES,patient 16,ART D (mm(hg)^^ISO+),37216,37771,clean
PROMISES,patient 16,ART D (mm(hg)^^ISO+),37772,37792,artifact
PROMISES,patient 16,ART D (mm(hg)^^ISO+),37793,37817,clean
PROMISES,patient 16,ART D (mm(hg)^^ISO+),37818,37916,artifact
PROMISES,patient 16,ART D (mm(hg)^^ISO+),37917,38187,clean
PROMISES,patient 16,ART D (mm(hg)^^ISO+),38188,38210,artifact
PROMISES,patient 16,ART D (mm(hg)^^ISO+),38211,38237,clean
PROMISES,patient 16,ART D (mm(hg)^^ISO+),38238,38284,artifact
PROMISES,patient 16,ART D (mm(hg)^^ISO+),38285,38619,clean
PROMISES,patient 16,ART D (mm(hg)^^ISO+),38620,38665,artifact
PROMISES,patient 16,ART D (mm(hg)^^ISO+),38666,38793,clean
PROMISES,patient 16,ART D (mm(hg)^^ISO+),38794,38821,artifact
PROMISES,patient 16,ART D (mm(hg)^^ISO+),38822,39015,clean
PROMISES,patient 16,ART D (mm(hg)^^ISO+),39016,39090,artifact
PROMISES,patient 16,ART D (mm(hg)^^ISO+),39091,39097,clean
PROMISES,patient 16,ART D (mm(hg)^^ISO+),39098,39125,artifact
PROMISES,patient 16,ART D (mm(hg)^^ISO+),39126,39528,clean
PROMISES,patient 16,ART D (mm(hg)^^ISO+),39529,39557,artifact
PROMISES,patient 16,ART D (mm(hg)^^ISO+),39558,39563,clean
PROMISES,patient 16,ART D (mm(hg)^^ISO+),39564,39589,artifact
PROMISES,patient 16,ART D (mm(hg)^^ISO+),39590,39639,clean
PROMISES,patient 16,ART D (mm(hg)^^ISO+),39640,39672,artifact
PROMISES,patient 16,ART D (mm(hg)^^ISO+),39673,40974,clean
PROMISES,patient 16,ART D (mm(hg)^^ISO+),40975,40996,artifact
PROMISES,patient 16,ART D (mm(hg)^^ISO+),40997,41039,clean
PROMISES,patient 16,ART D (mm(hg)^^ISO+),41040,41062,artifact
PROMISES,patient 16,ART D (mm(hg)^^ISO+),41063,41761,clean
PROMISES,patient 16,ART D (mm(hg)^^ISO+),41762,41792,artifact
PROMISES,patient 16,ART D (mm(hg)^^ISO+),41793,41809,clean
PROMISES,patient 16,ART D (mm(hg)^^ISO+),41810,41845,artifact
PROMISES,patient 16,ART D (mm(hg)^^ISO+),41846,42538,clean
PROMISES,patient 16,ART M (mm(hg)^^ISO+),33652,36695,clean
PROMISES,patient 16,ART M (mm(hg)^^ISO+),36696,36716,artifact
PROMISES,patient 16,ART M (mm(hg)^^ISO+),36717,36730,clean
PROMISES,patient 16,ART M (mm(hg)^^ISO+),36731,36751,artifact
PROMISES,patient 16,ART M (mm(hg)^^ISO+),36752,36786,clean
PROMISES,patient 16,ART M (mm(hg)^^ISO+),36787,36807,artifact
PROMISES,patient 16,ART M (mm(hg)^^ISO+),36808,36871,clean
PROMISES,patient 16,ART M (mm(hg)^^ISO+),36872,36964,artifact
PROMISES,patient 16,ART M (mm(hg)^^ISO+),36965,36971,clean
PROMISES,patient 16,ART M (mm(hg)^^ISO+),36972,36994,artifact
PROMISES,patient 16,ART M (mm(hg)^^ISO+),36995,37194,clean
PROMISES,patient 16,ART M (mm(hg)^^ISO+),37195,37215,artifact
PROMISES,patient 16,ART M (mm(hg)^^ISO+),37216,37771,clean
PROMISES,patient 16,ART M (mm(hg)^^ISO+),37772,37792,artifact
PROMISES,patient 16,ART M (mm(hg)^^ISO+),37793,37817,clean
PROMISES,patient 16,ART M (mm(hg)^^ISO+),37818,37916,artifact
PROMISES,patient 16,ART M (mm(hg)^^ISO+),37917,38187,clean
PROMISES,patient 16,ART M (mm(hg)^^ISO+),38188,38210,artifact
PROMISES,patient 16,ART M (mm(hg)^^ISO+),38211,38237,clean
PROMISES,patient 16,ART M (mm(hg)^^ISO+),38238,38284,artifact
PROMISES,patient 16,ART M (mm(hg)^^ISO+),38285,38619,clean
PROMISES,patient 16,ART M (mm(hg)^^ISO+),38620,38665,artifact
PROMISES,patient 16,ART M (mm(hg)^^ISO+),38666,38793,clean
PROMISES,patient 16,ART M (mm(hg)^^ISO+),38794,38821,artifact
PROMISES,patient 16,ART M (mm(hg)^^ISO+),38822,39015,clean
PROMISES,patient 16,ART M (mm(hg)^^ISO+),39016,39090,artifact
PROMISES,patient 16,ART M (mm(hg)^^ISO+),39091,39097,clean
PROMISES,patient 16,ART M (mm(hg)^^ISO+),39098,39125,artifact
PROMISES,patient 16,ART M (mm(hg)^^ISO+),39126,39528,clean
PROMISES,patient 16,ART M (mm(hg)^^ISO+),39529,39557,artifact
PROMISES,patient 16,ART M (mm(hg)^^ISO+),39558,39563,clean
PROMISES,patient 16,ART M (mm(hg)^^ISO+),39564,39589,artifact
PROMISES,patient 16,ART M (mm(hg)^^ISO+),39590,39639,clean
PROMISES,patient 16,ART M (mm(hg)^^ISO+),39640,39672,artifact
PROMISES,patient 16,ART M (mm(hg)^^ISO+),39673,40974,clean
PROMISES,patient 16,ART M (mm(hg)^^ISO+),40975,40996,artifact
PROMISES,patient 16,ART M (mm(hg)^^ISO+),40997,41039,clean
PROMISES,patient 16,ART M (mm(hg)^^ISO+),41040,41062,artifact
PROMISES,patient 16,ART M (mm(hg)^^ISO+),41063,41761,clean
PROMISES,patient 16,ART M (mm(hg)^^ISO+),41762,41792,artifact
PROMISES,patient 16,ART M (mm(hg)^^ISO+),41793,41809,clean
PROMISES,patient 16,ART M (mm(hg)^^ISO+),41810,41845,artifact
PROMISES,patient 16,ART M (mm(hg)^^ISO+),41846,42538,clean
PROMISES,patient 18,ART S (mm(hg)^^ISO+),32125,38616,clean
PROMISES,patient 18,ART S (mm(hg)^^ISO+),38617,38637,artifact
PROMISES,patient 18,ART S (mm(hg)^^ISO+),38638,39743,clean
PROMISES,patient 18,ART S (mm(hg)^^ISO+),39744,39766,artifact
PROMISES,patient 18,ART S (mm(hg)^^ISO+),39767,42746,clean
PROMISES,patient 18,ART S (mm(hg)^^ISO+),42747,42767,artifact
PROMISES,patient 18,ART S (mm(hg)^^ISO+),42768,44752,clean
PROMISES,patient 18,ART S (mm(hg)^^ISO+),44753,44782,artifact
PROMISES,patient 18,ART S (mm(hg)^^ISO+),44783,44892,clean
PROMISES,patient 18,ART S (mm(hg)^^ISO+),44893,44921,artifact
PROMISES,patient 18,ART S (mm(hg)^^ISO+),44922,45177,clean
PROMISES,patient 18,ART S (mm(hg)^^ISO+),45178,45212,artifact
PROMISES,patient 18,ART S (mm(hg)^^ISO+),45213,45295,clean
PROMISES,patient 18,ART D (mm(hg)^^ISO+),32125,38616,clean
PROMISES,patient 18,ART D (mm(hg)^^ISO+),38617,38637,artifact
PROMISES,patient 18,ART D (mm(hg)^^ISO+),38638,39743,clean
PROMISES,patient 18,ART D (mm(hg)^^ISO+),39744,39766,artifact
PROMISES,patient 18,ART D (mm(hg)^^ISO+),39767,42746,clean
PROMISES,patient 18,ART D (mm(hg)^^ISO+),42747,42767,artifact
PROMISES,patient 18,ART D (mm(hg)^^ISO+),42768,44752,clean
PROMISES,patient 18,ART D (mm(hg)^^ISO+),44753,44782,artifact
PROMISES,patient 18,ART D (mm(hg)^^ISO+),44783,44892,clean
PROMISES,patient 18,ART D (mm(hg)^^ISO+),44893,44921,artifact
PROMISES,patient 18,ART D (mm(hg)^^ISO+),44922,45177,clean
PROMISES,patient 18,ART D (mm(hg)^^ISO+),45178,45212,artifact
PROMISES,patient 18,ART D (mm(hg)^^ISO+),45213,45295,clean
PROMISES,patient 18,ART M (mm(hg)^^ISO+),32125,38616,clean
PROMISES,patient 18,ART M (mm(hg)^^ISO+),38617,38637,artifact
PROMISES,patient 18,ART M (mm(hg)^^ISO+),38638,39743,clean
PROMISES,patient 18,ART M (mm(hg)^^ISO+),39744,39766,artifact
PROMISES,patient 18,ART M (mm(hg)^^ISO+),39767,42746,clean
PROMISES,patient 18,ART M (mm(hg)^^ISO+),42747,42767,artifact
PROMISES,patient 18,ART M (mm(hg)^^ISO+),42768,44752,clean
PROMISES,patient 18,ART M (mm(hg)^^ISO+),44753,44782,artifact
PROMISES,patient 18,ART M (mm(hg)^^ISO+),44783,44892,clean
PROMISES,patient 18,ART M (mm(hg)^^ISO+),44893,44921,artifact
PROMISES,patient 18,ART M (mm(hg)^^ISO+),44922,45177,clean
PROMISES,patient 18,ART M (mm(hg)^^ISO+),45178,45212,artifact
PROMISES,patient 18,ART M (mm(hg)^^ISO+),45213,45295,clean
PROMISES,patient 19,ART S (mm(hg)^^ISO+),48849,48852,clean
PROMISES,patient 19,ART S (mm(hg)^^ISO+),48854,48854,artifact
PROMISES,patient 19,ART S (mm(hg)^^ISO+),48854,48861,clean
PROMISES,patient 19,ART S (mm(hg)^^ISO+),48863,48863,artifact
PROMISES,patient 19,ART S (mm(hg)^^ISO+),48863,48866,clean
PROMISES,patient 19,ART S (mm(hg)^^ISO+),48868,48868,artifact
PROMISES,patient 19,ART S (mm(hg)^^ISO+),48868,48868,clean
PROMISES,patient 19,ART S (mm(hg)^^ISO+),48870,48870,artifact
PROMISES,patient 19,ART S (mm(hg)^^ISO+),48870,48875,clean
PROMISES,patient 19,ART S (mm(hg)^^ISO+),48877,48877,artifact
PROMISES,patient 19,ART S (mm(hg)^^ISO+),48877,48886,clean
PROMISES,patient 19,ART S (mm(hg)^^ISO+),48888,48888,artifact
PROMISES,patient 19,ART S (mm(hg)^^ISO+),48888,48893,clean
PROMISES,patient 19,ART S (mm(hg)^^ISO+),48895,48895,artifact
PROMISES,patient 19,ART S (mm(hg)^^ISO+),48895,48914,clean
PROMISES,patient 19,ART S (mm(hg)^^ISO+),48916,48916,artifact
PROMISES,patient 19,ART S (mm(hg)^^ISO+),48916,48943,clean
PROMISES,patient 19,ART S (mm(hg)^^ISO+),48945,48945,artifact
PROMISES,patient 19,ART S (mm(hg)^^ISO+),48945,48949,clean
PROMISES,patient 19,ART S (mm(hg)^^ISO+),48951,48951,artifact
PROMISES,patient 19,ART S (mm(hg)^^ISO+),48951,48952,clean
PROMISES,patient 19,ART S (mm(hg)^^ISO+),48954,48954,artifact
PROMISES,patient 19,ART S (mm(hg)^^ISO+),48954,48964,clean
PROMISES,patient 19,ART S (mm(hg)^^ISO+),48966,48966,artifact
PROMISES,patient 19,ART S (mm(hg)^^ISO+),48966,48996,clean
PROMISES,patient 19,ART S (mm(hg)^^ISO+),48998,48998,artifact
PROMISES,patient 19,ART S (mm(hg)^^ISO+),48998,52367,clean
PROMISES,patient 19,ART S (mm(hg)^^ISO+),52368,52392,artifact
PROMISES,patient 19,ART S (mm(hg)^^ISO+),52393,52859,clean
PROMISES,patient 19,ART D (mm(hg)^^ISO+),48849,52367,clean
PROMISES,patient 19,ART D (mm(hg)^^ISO+),52368,52392,artifact
PROMISES,patient 19,ART D (mm(hg)^^ISO+),52393,52859,clean
PROMISES,patient 19,ART M (mm(hg)^^ISO+),48849,48849,clean
PROMISES,patient 19,ART M (mm(hg)^^ISO+),48851,48851,artifact
PROMISES,patient 19,ART M (mm(hg)^^ISO+),48851,48856,clean
PROMISES,patient 19,ART M (mm(hg)^^ISO+),48858,48858,artifact
PROMISES,patient 19,ART M (mm(hg)^^ISO+),48858,48866,clean
PROMISES,patient 19,ART M (mm(hg)^^ISO+),48868,48868,artifact
PROMISES,patient 19,ART M (mm(hg)^^ISO+),48868,48868,clean
PROMISES,patient 19,ART M (mm(hg)^^ISO+),48870,48870,artifact
PROMISES,patient 19,ART M (mm(hg)^^ISO+),48870,48877,clean
PROMISES,patient 19,ART M (mm(hg)^^ISO+),48879,48879,artifact
PROMISES,patient 19,ART M (mm(hg)^^ISO+),48879,48886,clean
PROMISES,patient 19,ART M (mm(hg)^^ISO+),48888,48888,artifact
PROMISES,patient 19,ART M (mm(hg)^^ISO+),48888,48914,clean
PROMISES,patient 19,ART M (mm(hg)^^ISO+),48916,48916,artifact
PROMISES,patient 19,ART M (mm(hg)^^ISO+),48916,48930,clean
PROMISES,patient 19,ART M (mm(hg)^^ISO+),48932,48932,artifact
PROMISES,patient 19,ART M (mm(hg)^^ISO+),48932,48947,clean
PROMISES,patient 19,ART M (mm(hg)^^ISO+),48949,48949,artifact
PROMISES,patient 19,ART M (mm(hg)^^ISO+),48949,48959,clean
PROMISES,patient 19,ART M (mm(hg)^^ISO+),48961,48961,artifact
PROMISES,patient 19,ART M (mm(hg)^^ISO+),48961,48963,clean
PROMISES,patient 19,ART M (mm(hg)^^ISO+),48964,48964,artifact
PROMISES,patient 19,ART M (mm(hg)^^ISO+),48964,49002,clean
PROMISES,patient 19,ART M (mm(hg)^^ISO+),49003,49003,artifact
PROMISES,patient 19,ART M (mm(hg)^^ISO+),49003,52367,clean
PROMISES,patient 19,ART M (mm(hg)^^ISO+),52368,52392,artifact
PROMISES,patient 19,ART M (mm(hg)^^ISO+),52393,52859,clean
PROMISES,patient 20,ART D (mm(hg)^^ISO+),33048,43251,clean
PROMISES,patient 20,ART S (mm(hg)^^ISO+),33048,43251,clean
PROMISES,patient 20,ART M (mm(hg)^^ISO+),33048,43251,clean
PROMISES,patient 20,S_change,33048,33048,clean
PROMISES,patient 20,S_change,33049,43251,artifact
PROMISES,patient 20,D_change,33048,33048,clean
PROMISES,patient 20,D_change,33049,43251,artifact
PROMISES,patient 20,M_change,33048,33048,clean
PROMISES,patient 20,M_change,33049,43251,artifact
PROMISES,patient 20,keep,33048,43251,artifact
PROMISES,patient 20,artifact_reason,33048,43251,clean
PROMISES,patient 20,datetime,33048,43251,artifact
PROMISES,patient 21,ART D (mm(hg)^^ISO+),33490,35741,clean
PROMISES,patient 21,ART D (mm(hg)^^ISO+),35743,35743,artifact
PROMISES,patient 21,ART D (mm(hg)^^ISO+),35743,44481,clean
PROMISES,patient 21,ART S (mm(hg)^^ISO+),33490,44481,clean
PROMISES,patient 21,ART M (mm(hg)^^ISO+),33490,44481,clean
PROMISES,patient 21,S_change,33490,33490,clean
PROMISES,patient 21,S_change,33491,44481,artifact
PROMISES,patient 21,D_change,33490,33490,clean
PROMISES,patient 21,D_change,33491,44481,artifact
PROMISES,patient 21,M_change,33490,33490,clean
PROMISES,patient 21,M_change,33491,44481,artifact
PROMISES,patient 21,keep,33490,44481,artifact
PROMISES,patient 21,artifact_reason,33490,44481,clean
PROMISES,patient 21,datetime,33490,44481,artifact
PROMISES,patient 22,ART S (mm(hg)^^ISO+),30374,31462,clean
PROMISES,patient 22,ART S (mm(hg)^^ISO+),31463,31483,artifact
PROMISES,patient 22,ART S (mm(hg)^^ISO+),31484,31490,clean
PROMISES,patient 22,ART S (mm(hg)^^ISO+),31491,31511,artifact
PROMISES,patient 22,ART S (mm(hg)^^ISO+),31512,31597,clean
PROMISES,patient 22,ART S (mm(hg)^^ISO+),31598,31641,artifact
PROMISES,patient 22,ART S (mm(hg)^^ISO+),31642,34597,clean
PROMISES,patient 22,ART S (mm(hg)^^ISO+),34598,34707,artifact
PROMISES,patient 22,ART S (mm(hg)^^ISO+),34708,40555,clean
PROMISES,patient 22,ART D (mm(hg)^^ISO+),30374,31462,clean
PROMISES,patient 22,ART D (mm(hg)^^ISO+),31463,31483,artifact
PROMISES,patient 22,ART D (mm(hg)^^ISO+),31484,31490,clean
PROMISES,patient 22,ART D (mm(hg)^^ISO+),31491,31511,artifact
PROMISES,patient 22,ART D (mm(hg)^^ISO+),31512,31597,clean
PROMISES,patient 22,ART D (mm(hg)^^ISO+),31598,31641,artifact
PROMISES,patient 22,ART D (mm(hg)^^ISO+),31642,32037,clean
PROMISES,patient 22,ART D (mm(hg)^^ISO+),32038,32038,artifact
PROMISES,patient 22,ART D (mm(hg)^^ISO+),32038,34597,clean
PROMISES,patient 22,ART D (mm(hg)^^ISO+),34598,34707,artifact
PROMISES,patient 22,ART D (mm(hg)^^ISO+),34708,39212,clean
PROMISES,patient 22,ART D (mm(hg)^^ISO+),39213,39213,artifact
PROMISES,patient 22,ART D (mm(hg)^^ISO+),39213,40555,clean
PROMISES,patient 22,ART M (mm(hg)^^ISO+),30374,31462,clean
PROMISES,patient 22,ART M (mm(hg)^^ISO+),31463,31483,artifact
PROMISES,patient 22,ART M (mm(hg)^^ISO+),31484,31490,clean
PROMISES,patient 22,ART M (mm(hg)^^ISO+),31491,31511,artifact
PROMISES,patient 22,ART M (mm(hg)^^ISO+),31512,31597,clean
PROMISES,patient 22,ART M (mm(hg)^^ISO+),31598,31641,artifact
PROMISES,patient 22,ART M (mm(hg)^^ISO+),31642,32037,clean
PROMISES,patient 22,ART M (mm(hg)^^ISO+),32038,32038,artifact
PROMISES,patient 22,ART M (mm(hg)^^ISO+),32038,34597,clean
PROMISES,patient 22,ART M (mm(hg)^^ISO+),34598,34707,artifact
PROMISES,patient 22,ART M (mm(hg)^^ISO+),34708,39216,clean
PROMISES,patient 22,ART M (mm(hg)^^ISO+),39217,39217,artifact
PROMISES,patient 22,ART M (mm(hg)^^ISO+),39217,40555,clean
PROMISES,patient 23,ART S (mm(hg)^^ISO+),42408,43398,clean
PROMISES,patient 23,ART S (mm(hg)^^ISO+),43400,43400,artifact
PROMISES,patient 23,ART S (mm(hg)^^ISO+),43400,43406,clean
PROMISES,patient 23,ART S (mm(hg)^^ISO+),43408,43408,artifact
PROMISES,patient 23,ART S (mm(hg)^^ISO+),43408,43410,clean
PROMISES,patient 23,ART S (mm(hg)^^ISO+),43411,43411,artifact
PROMISES,patient 23,ART S (mm(hg)^^ISO+),43411,43415,clean
PROMISES,patient 23,ART S (mm(hg)^^ISO+),43416,43416,artifact
PROMISES,patient 23,ART S (mm(hg)^^ISO+),43416,43426,clean
PROMISES,patient 23,ART S (mm(hg)^^ISO+),43427,43427,artifact
PROMISES,patient 23,ART S (mm(hg)^^ISO+),43427,43431,clean
PROMISES,patient 23,ART S (mm(hg)^^ISO+),43432,43432,artifact
PROMISES,patient 23,ART S (mm(hg)^^ISO+),43432,43457,clean
PROMISES,patient 23,ART S (mm(hg)^^ISO+),43459,43459,artifact
PROMISES,patient 23,ART S (mm(hg)^^ISO+),43459,43460,clean
PROMISES,patient 23,ART S (mm(hg)^^ISO+),43462,43462,artifact
PROMISES,patient 23,ART S (mm(hg)^^ISO+),43462,43475,clean
PROMISES,patient 23,ART S (mm(hg)^^ISO+),43476,43476,artifact
PROMISES,patient 23,ART S (mm(hg)^^ISO+),43476,43476,clean
PROMISES,patient 23,ART S (mm(hg)^^ISO+),43478,43478,artifact
PROMISES,patient 23,ART S (mm(hg)^^ISO+),43478,43510,clean
PROMISES,patient 23,ART S (mm(hg)^^ISO+),43512,43512,artifact
PROMISES,patient 23,ART S (mm(hg)^^ISO+),43512,43516,clean
PROMISES,patient 23,ART S (mm(hg)^^ISO+),43517,43517,artifact
PROMISES,patient 23,ART S (mm(hg)^^ISO+),43517,43524,clean
PROMISES,patient 23,ART S (mm(hg)^^ISO+),43525,43525,artifact
PROMISES,patient 23,ART S (mm(hg)^^ISO+),43525,43527,clean
PROMISES,patient 23,ART S (mm(hg)^^ISO+),43528,43528,artifact
PROMISES,patient 23,ART S (mm(hg)^^ISO+),43528,43556,clean
PROMISES,patient 23,ART S (mm(hg)^^ISO+),43558,43558,artifact
PROMISES,patient 23,ART S (mm(hg)^^ISO+),43558,43560,clean
PROMISES,patient 23,ART S (mm(hg)^^ISO+),43561,43561,artifact
PROMISES,patient 23,ART S (mm(hg)^^ISO+),43561,43572,clean
PROMISES,patient 23,ART S (mm(hg)^^ISO+),43574,43574,artifact
PROMISES,patient 23,ART S (mm(hg)^^ISO+),43574,43593,clean
PROMISES,patient 23,ART S (mm(hg)^^ISO+),43594,43594,artifact
PROMISES,patient 23,ART S (mm(hg)^^ISO+),43594,43614,clean
PROMISES,patient 23,ART S (mm(hg)^^ISO+),43615,43615,artifact
PROMISES,patient 23,ART S (mm(hg)^^ISO+),43615,43616,clean
PROMISES,patient 23,ART S (mm(hg)^^ISO+),43618,43618,artifact
PROMISES,patient 23,ART S (mm(hg)^^ISO+),43618,43637,clean
PROMISES,patient 23,ART S (mm(hg)^^ISO+),43639,43639,artifact
PROMISES,patient 23,ART S (mm(hg)^^ISO+),43639,43675,clean
PROMISES,patient 23,ART S (mm(hg)^^ISO+),43677,43677,artifact
PROMISES,patient 23,ART S (mm(hg)^^ISO+),43677,43730,clean
PROMISES,patient 23,ART S (mm(hg)^^ISO+),43732,43732,artifact
PROMISES,patient 23,ART S (mm(hg)^^ISO+),43732,43734,clean
PROMISES,patient 23,ART S (mm(hg)^^ISO+),43735,43735,artifact
PROMISES,patient 23,ART S (mm(hg)^^ISO+),43735,43744,clean
PROMISES,patient 23,ART S (mm(hg)^^ISO+),43745,43745,artifact
PROMISES,patient 23,ART S (mm(hg)^^ISO+),43745,43758,clean
PROMISES,patient 23,ART S (mm(hg)^^ISO+),43759,43759,artifact
PROMISES,patient 23,ART S (mm(hg)^^ISO+),43759,43764,clean
PROMISES,patient 23,ART S (mm(hg)^^ISO+),43765,43765,artifact
PROMISES,patient 23,ART S (mm(hg)^^ISO+),43765,43772,clean
PROMISES,patient 23,ART S (mm(hg)^^ISO+),43774,43774,artifact
PROMISES,patient 23,ART S (mm(hg)^^ISO+),43774,44607,clean
PROMISES,patient 23,ART S (mm(hg)^^ISO+),44608,44640,artifact
PROMISES,patient 23,ART S (mm(hg)^^ISO+),44641,45088,clean
PROMISES,patient 23,ART S (mm(hg)^^ISO+),45089,45089,artifact
PROMISES,patient 23,ART S (mm(hg)^^ISO+),45089,45788,clean
PROMISES,patient 23,ART S (mm(hg)^^ISO+),45789,45818,artifact
PROMISES,patient 23,ART S (mm(hg)^^ISO+),45819,50289,clean
PROMISES,patient 23,ART D (mm(hg)^^ISO+),42408,43398,clean
PROMISES,patient 23,ART D (mm(hg)^^ISO+),43400,43400,artifact
PROMISES,patient 23,ART D (mm(hg)^^ISO+),43400,43406,clean
PROMISES,patient 23,ART D (mm(hg)^^ISO+),43408,43408,artifact
PROMISES,patient 23,ART D (mm(hg)^^ISO+),43408,43410,clean
PROMISES,patient 23,ART D (mm(hg)^^ISO+),43411,43411,artifact
PROMISES,patient 23,ART D (mm(hg)^^ISO+),43411,43421,clean
PROMISES,patient 23,ART D (mm(hg)^^ISO+),43423,43423,artifact
PROMISES,patient 23,ART D (mm(hg)^^ISO+),43423,43447,clean
PROMISES,patient 23,ART D (mm(hg)^^ISO+),43448,43448,artifact
PROMISES,patient 23,ART D (mm(hg)^^ISO+),43448,43455,clean
PROMISES,patient 23,ART D (mm(hg)^^ISO+),43456,43456,artifact
PROMISES,patient 23,ART D (mm(hg)^^ISO+),43456,43462,clean
PROMISES,patient 23,ART D (mm(hg)^^ISO+),43464,43464,artifact
PROMISES,patient 23,ART D (mm(hg)^^ISO+),43464,43470,clean
PROMISES,patient 23,ART D (mm(hg)^^ISO+),43471,43471,artifact
PROMISES,patient 23,ART D (mm(hg)^^ISO+),43471,43521,clean
PROMISES,patient 23,ART D (mm(hg)^^ISO+),43522,43522,artifact
PROMISES,patient 23,ART D (mm(hg)^^ISO+),43522,43524,clean
PROMISES,patient 23,ART D (mm(hg)^^ISO+),43525,43525,artifact
PROMISES,patient 23,ART D (mm(hg)^^ISO+),43525,43576,clean
PROMISES,patient 23,ART D (mm(hg)^^ISO+),43578,43578,artifact
PROMISES,patient 23,ART D (mm(hg)^^ISO+),43578,43581,clean
PROMISES,patient 23,ART D (mm(hg)^^ISO+),43583,43583,artifact
PROMISES,patient 23,ART D (mm(hg)^^ISO+),43583,43686,clean
PROMISES,patient 23,ART D (mm(hg)^^ISO+),43687,43687,artifact
PROMISES,patient 23,ART D (mm(hg)^^ISO+),43687,43689,clean
PROMISES,patient 23,ART D (mm(hg)^^ISO+),43690,43690,artifact
PROMISES,patient 23,ART D (mm(hg)^^ISO+),43690,43692,clean
PROMISES,patient 23,ART D (mm(hg)^^ISO+),43693,43693,artifact
PROMISES,patient 23,ART D (mm(hg)^^ISO+),43693,43744,clean
PROMISES,patient 23,ART D (mm(hg)^^ISO+),43745,43745,artifact
PROMISES,patient 23,ART D (mm(hg)^^ISO+),43745,43761,clean
PROMISES,patient 23,ART D (mm(hg)^^ISO+),43762,43762,artifact
PROMISES,patient 23,ART D (mm(hg)^^ISO+),43762,43765,clean
PROMISES,patient 23,ART D (mm(hg)^^ISO+),43767,43767,artifact
PROMISES,patient 23,ART D (mm(hg)^^ISO+),43767,44607,clean
PROMISES,patient 23,ART D (mm(hg)^^ISO+),44608,44640,artifact
PROMISES,patient 23,ART D (mm(hg)^^ISO+),44641,45788,clean
PROMISES,patient 23,ART D (mm(hg)^^ISO+),45789,45818,artifact
PROMISES,patient 23,ART D (mm(hg)^^ISO+),45819,50289,clean
PROMISES,patient 23,ART M (mm(hg)^^ISO+),42408,43397,clean
PROMISES,patient 23,ART M (mm(hg)^^ISO+),43398,43398,artifact
PROMISES,patient 23,ART M (mm(hg)^^ISO+),43398,43410,clean
PROMISES,patient 23,ART M (mm(hg)^^ISO+),43411,43411,artifact
PROMISES,patient 23,ART M (mm(hg)^^ISO+),43411,43418,clean
PROMISES,patient 23,ART M (mm(hg)^^ISO+),43420,43420,artifact
PROMISES,patient 23,ART M (mm(hg)^^ISO+),43420,43443,clean
PROMISES,patient 23,ART M (mm(hg)^^ISO+),43444,43444,artifact
PROMISES,patient 23,ART M (mm(hg)^^ISO+),43444,43470,clean
PROMISES,patient 23,ART M (mm(hg)^^ISO+),43471,43471,artifact
PROMISES,patient 23,ART M (mm(hg)^^ISO+),43471,43478,clean
PROMISES,patient 23,ART M (mm(hg)^^ISO+),43480,43480,artifact
PROMISES,patient 23,ART M (mm(hg)^^ISO+),43480,43510,clean
PROMISES,patient 23,ART M (mm(hg)^^ISO+),43512,43512,artifact
PROMISES,patient 23,ART M (mm(hg)^^ISO+),43512,43531,clean
PROMISES,patient 23,ART M (mm(hg)^^ISO+),43532,43532,artifact
PROMISES,patient 23,ART M (mm(hg)^^ISO+),43532,43548,clean
PROMISES,patient 23,ART M (mm(hg)^^ISO+),43549,43549,artifact
PROMISES,patient 23,ART M (mm(hg)^^ISO+),43549,43556,clean
PROMISES,patient 23,ART M (mm(hg)^^ISO+),43558,43558,artifact
PROMISES,patient 23,ART M (mm(hg)^^ISO+),43558,43566,clean
PROMISES,patient 23,ART M (mm(hg)^^ISO+),43567,43567,artifact
PROMISES,patient 23,ART M (mm(hg)^^ISO+),43567,43567,clean
PROMISES,patient 23,ART M (mm(hg)^^ISO+),43569,43569,artifact
PROMISES,patient 23,ART M (mm(hg)^^ISO+),43569,43571,clean
PROMISES,patient 23,ART M (mm(hg)^^ISO+),43572,43572,artifact
PROMISES,patient 23,ART M (mm(hg)^^ISO+),43572,43572,clean
PROMISES,patient 23,ART M (mm(hg)^^ISO+),43574,43574,artifact
PROMISES,patient 23,ART M (mm(hg)^^ISO+),43574,43599,clean
PROMISES,patient 23,ART M (mm(hg)^^ISO+),43601,43601,artifact
PROMISES,patient 23,ART M (mm(hg)^^ISO+),43601,43601,clean
PROMISES,patient 23,ART M (mm(hg)^^ISO+),43603,43603,artifact
PROMISES,patient 23,ART M (mm(hg)^^ISO+),43603,43619,clean
PROMISES,patient 23,ART M (mm(hg)^^ISO+),43621,43621,artifact
PROMISES,patient 23,ART M (mm(hg)^^ISO+),43621,43644,clean
PROMISES,patient 23,ART M (mm(hg)^^ISO+),43646,43646,artifact
PROMISES,patient 23,ART M (mm(hg)^^ISO+),43646,43650,clean
PROMISES,patient 23,ART M (mm(hg)^^ISO+),43651,43651,artifact
PROMISES,patient 23,ART M (mm(hg)^^ISO+),43651,43697,clean
PROMISES,patient 23,ART M (mm(hg)^^ISO+),43699,43699,artifact
PROMISES,patient 23,ART M (mm(hg)^^ISO+),43699,43705,clean
PROMISES,patient 23,ART M (mm(hg)^^ISO+),43706,43706,artifact
PROMISES,patient 23,ART M (mm(hg)^^ISO+),43706,43715,clean
PROMISES,patient 23,ART M (mm(hg)^^ISO+),43717,43717,artifact
PROMISES,patient 23,ART M (mm(hg)^^ISO+),43717,43722,clean
PROMISES,patient 23,ART M (mm(hg)^^ISO+),43723,43723,artifact
PROMISES,patient 23,ART M (mm(hg)^^ISO+),43723,43734,clean
PROMISES,patient 23,ART M (mm(hg)^^ISO+),43735,43735,artifact
PROMISES,patient 23,ART M (mm(hg)^^ISO+),43735,43744,clean
PROMISES,patient 23,ART M (mm(hg)^^ISO+),43745,43745,artifact
PROMISES,patient 23,ART M (mm(hg)^^ISO+),43745,43765,clean
PROMISES,patient 23,ART M (mm(hg)^^ISO+),43767,43767,artifact
PROMISES,patient 23,ART M (mm(hg)^^ISO+),43767,43767,clean
PROMISES,patient 23,ART M (mm(hg)^^ISO+),43769,43769,artifact
PROMISES,patient 23,ART M (mm(hg)^^ISO+),43769,43771,clean
PROMISES,patient 23,ART M (mm(hg)^^ISO+),43772,43772,artifact
PROMISES,patient 23,ART M (mm(hg)^^ISO+),43772,44607,clean
PROMISES,patient 23,ART M (mm(hg)^^ISO+),44608,44640,artifact
PROMISES,patient 23,ART M (mm(hg)^^ISO+),44641,45788,clean
PROMISES,patient 23,ART M (mm(hg)^^ISO+),45789,45818,artifact
PROMISES,patient 23,ART M (mm(hg)^^ISO+),45819,50289,clean
PROMISES,patient 24,ART D (mm(hg)^^ISO+),38273,54205,clean
PROMISES,patient 24,ART S (mm(hg)^^ISO+),38273,54205,clean
PROMISES,patient 24,ART M (mm(hg)^^ISO+),38273,54205,clean
PROMISES,patient 24,S_change,38273,38273,clean
PROMISES,patient 24,S_change,38274,54205,artifact
PROMISES,patient 24,D_change,38273,38273,clean
PROMISES,patient 24,D_change,38274,54205,artifact
PROMISES,patient 24,M_change,38273,38273,clean
PROMISES,patient 24,M_change,38274,54205,artifact
PROMISES,patient 24,keep,38273,54205,artifact
PROMISES,patient 24,artifact_reason,38273,54205,clean
PROMISES,patient 24,datetime,38273,54205,artifact
PROMISES,patient 25,ART S (mm(hg)^^ISO+),48098,56841,clean
PROMISES,patient 25,ART S (mm(hg)^^ISO+),56842,56871,artifact
PROMISES,patient 25,ART S (mm(hg)^^ISO+),56872,60433,clean
PROMISES,patient 25,ART D (mm(hg)^^ISO+),48098,56841,clean
PROMISES,patient 25,ART D (mm(hg)^^ISO+),56842,56871,artifact
PROMISES,patient 25,ART D (mm(hg)^^ISO+),56872,60433,clean
PROMISES,patient 25,ART M (mm(hg)^^ISO+),48098,56841,clean
PROMISES,patient 25,ART M (mm(hg)^^ISO+),56842,56871,artifact
PROMISES,patient 25,ART M (mm(hg)^^ISO+),56872,60433,clean
PROMISES,patient 26,ART S (mm(hg)^^ISO+),33719,46464,clean
PROMISES,patient 26,ART S (mm(hg)^^ISO+),46465,46567,artifact
PROMISES,patient 26,ART S (mm(hg)^^ISO+),46568,49863,clean
PROMISES,patient 26,ART D (mm(hg)^^ISO+),33719,46464,clean
PROMISES,patient 26,ART D (mm(hg)^^ISO+),46465,46567,artifact
PROMISES,patient 26,ART D (mm(hg)^^ISO+),46568,46720,clean
PROMISES,patient 26,ART D (mm(hg)^^ISO+),46721,46721,artifact
PROMISES,patient 26,ART D (mm(hg)^^ISO+),46721,49863,clean
PROMISES,patient 26,ART M (mm(hg)^^ISO+),33719,46464,clean
PROMISES,patient 26,ART M (mm(hg)^^ISO+),46465,46567,artifact
PROMISES,patient 26,ART M (mm(hg)^^ISO+),46568,49863,clean
PROMISES,patient 27,ART S (mm(hg)^^ISO+),32702,40478,clean
PROMISES,patient 27,ART S (mm(hg)^^ISO+),40479,40501,artifact
PROMISES,patient 27,ART S (mm(hg)^^ISO+),40502,43374,clean
PROMISES,patient 27,ART D (mm(hg)^^ISO+),32702,40478,clean
PROMISES,patient 27,ART D (mm(hg)^^ISO+),40479,40501,artifact
PROMISES,patient 27,ART D (mm(hg)^^ISO+),40502,43374,clean
PROMISES,patient 27,ART M (mm(hg)^^ISO+),32702,40478,clean
PROMISES,patient 27,ART M (mm(hg)^^ISO+),40479,40501,artifact
PROMISES,patient 27,ART M (mm(hg)^^ISO+),40502,43374,clean
PROMISES,patient 28,ART S (mm(hg)^^ISO+),52104,54308,clean
PROMISES,patient 28,ART S (mm(hg)^^ISO+),54309,54342,artifact
PROMISES,patient 28,ART S (mm(hg)^^ISO+),54343,56175,clean
PROMISES,patient 28,ART S (mm(hg)^^ISO+),56176,56176,artifact
PROMISES,patient 28,ART S (mm(hg)^^ISO+),56176,56795,clean
PROMISES,patient 28,ART D (mm(hg)^^ISO+),52104,54308,clean
PROMISES,patient 28,ART D (mm(hg)^^ISO+),54309,54342,artifact
PROMISES,patient 28,ART D (mm(hg)^^ISO+),54343,56795,clean
PROMISES,patient 28,ART M (mm(hg)^^ISO+),52104,54308,clean
PROMISES,patient 28,ART M (mm(hg)^^ISO+),54309,54342,artifact
PROMISES,patient 28,ART M (mm(hg)^^ISO+),54343,56795,clean
PROMISES,patient 29,ART S (mm(hg)^^ISO+),31128,31256,clean
PROMISES,patient 29,ART S (mm(hg)^^ISO+),31257,31326,artifact
PROMISES,patient 29,ART S (mm(hg)^^ISO+),31327,31418,clean
PROMISES,patient 29,ART S (mm(hg)^^ISO+),31419,31649,artifact
PROMISES,patient 29,ART S (mm(hg)^^ISO+),31650,32304,clean
PROMISES,patient 29,ART S (mm(hg)^^ISO+),32305,32326,artifact
PROMISES,patient 29,ART S (mm(hg)^^ISO+),32327,32579,clean
PROMISES,patient 29,ART S (mm(hg)^^ISO+),32580,32601,artifact
PROMISES,patient 29,ART S (mm(hg)^^ISO+),32602,32643,clean
PROMISES,patient 29,ART S (mm(hg)^^ISO+),32644,32692,artifact
PROMISES,patient 29,ART S (mm(hg)^^ISO+),32693,32863,clean
PROMISES,patient 29,ART S (mm(hg)^^ISO+),32864,32884,artifact
PROMISES,patient 29,ART S (mm(hg)^^ISO+),32885,37079,clean
PROMISES,patient 29,ART D (mm(hg)^^ISO+),31128,31256,clean
PROMISES,patient 29,ART D (mm(hg)^^ISO+),31257,31326,artifact
PROMISES,patient 29,ART D (mm(hg)^^ISO+),31327,31418,clean
PROMISES,patient 29,ART D (mm(hg)^^ISO+),31419,31649,artifact
PROMISES,patient 29,ART D (mm(hg)^^ISO+),31650,32304,clean
PROMISES,patient 29,ART D (mm(hg)^^ISO+),32305,32326,artifact
PROMISES,patient 29,ART D (mm(hg)^^ISO+),32327,32579,clean
PROMISES,patient 29,ART D (mm(hg)^^ISO+),32580,32601,artifact
PROMISES,patient 29,ART D (mm(hg)^^ISO+),32602,32643,clean
PROMISES,patient 29,ART D (mm(hg)^^ISO+),32644,32692,artifact
PROMISES,patient 29,ART D (mm(hg)^^ISO+),32693,32863,clean
PROMISES,patient 29,ART D (mm(hg)^^ISO+),32864,32884,artifact
PROMISES,patient 29,ART D (mm(hg)^^ISO+),32885,37079,clean
PROMISES,patient 29,ART M (mm(hg)^^ISO+),31128,31256,clean
PROMISES,patient 29,ART M (mm(hg)^^ISO+),31257,31326,artifact
PROMISES,patient 29,ART M (mm(hg)^^ISO+),31327,31418,clean
PROMISES,patient 29,ART M (mm(hg)^^ISO+),31419,31649,artifact
PROMISES,patient 29,ART M (mm(hg)^^ISO+),31650,32304,clean
PROMISES,patient 29,ART M (mm(hg)^^ISO+),32305,32326,artifact
PROMISES,patient 29,ART M (mm(hg)^^ISO+),32327,32579,clean
PROMISES,patient 29,ART M (mm(hg)^^ISO+),32580,32601,artifact
PROMISES,patient 29,ART M (mm(hg)^^ISO+),32602,32643,clean
PROMISES,patient 29,ART M (mm(hg)^^ISO+),32644,32692,artifact
PROMISES,patient 29,ART M (mm(hg)^^ISO+),32693,32863,clean
PROMISES,patient 29,ART M (mm(hg)^^ISO+),32864,32884,artifact
PROMISES,patient 29,ART M (mm(hg)^^ISO+),32885,37079,clean
PROMISES,patient 30,ART S (mm(hg)^^ISO+),31670,34363,clean
PROMISES,patient 30,ART S (mm(hg)^^ISO+),34364,34408,artifact
PROMISES,patient 30,ART S (mm(hg)^^ISO+),34409,36030,clean
PROMISES,patient 30,ART S (mm(hg)^^ISO+),36031,36058,artifact
PROMISES,patient 30,ART S (mm(hg)^^ISO+),36059,36059,clean
PROMISES,patient 30,ART S (mm(hg)^^ISO+),36060,36097,artifact
PROMISES,patient 30,ART S (mm(hg)^^ISO+),36098,36110,clean
PROMISES,patient 30,ART S (mm(hg)^^ISO+),36111,36146,artifact
PROMISES,patient 30,ART S (mm(hg)^^ISO+),36147,38267,clean
PROMISES,patient 30,ART S (mm(hg)^^ISO+),38268,38290,artifact
PROMISES,patient 30,ART S (mm(hg)^^ISO+),38291,44694,clean
PROMISES,patient 30,ART D (mm(hg)^^ISO+),31670,34363,clean
PROMISES,patient 30,ART D (mm(hg)^^ISO+),34364,34408,artifact
PROMISES,patient 30,ART D (mm(hg)^^ISO+),34409,36030,clean
PROMISES,patient 30,ART D (mm(hg)^^ISO+),36031,36058,artifact
PROMISES,patient 30,ART D (mm(hg)^^ISO+),36059,36059,clean
PROMISES,patient 30,ART D (mm(hg)^^ISO+),36060,36097,artifact
PROMISES,patient 30,ART D (mm(hg)^^ISO+),36098,36110,clean
PROMISES,patient 30,ART D (mm(hg)^^ISO+),36111,36146,artifact
PROMISES,patient 30,ART D (mm(hg)^^ISO+),36147,38267,clean
PROMISES,patient 30,ART D (mm(hg)^^ISO+),38268,38290,artifact
PROMISES,patient 30,ART D (mm(hg)^^ISO+),38291,44694,clean
PROMISES,patient 30,ART M (mm(hg)^^ISO+),31670,34363,clean
PROMISES,patient 30,ART M (mm(hg)^^ISO+),34364,34408,artifact
PROMISES,patient 30,ART M (mm(hg)^^ISO+),34409,36030,clean
PROMISES,patient 30,ART M (mm(hg)^^ISO+),36031,36058,artifact
PROMISES,patient 30,ART M (mm(hg)^^ISO+),36059,36059,clean
PROMISES,patient 30,ART M (mm(hg)^^ISO+),36060,36097,artifact
PROMISES,patient 30,ART M (mm(hg)^^ISO+),36098,36110,clean
PROMISES,patient 30,ART M (mm(hg)^^ISO+),36111,36146,artifact
PROMISES,patient 30,ART M (mm(hg)^^ISO+),36147,38267,clean
PROMISES,patient 30,ART M (mm(hg)^^ISO+),38268,38290,artifact
PROMISES,patient 30,ART M (mm(hg)^^ISO+),38291,44694,clean
PROMISES,patient 31,ART S (mm(hg)^^ISO+),40922,41215,clean
PROMISES,patient 31,ART S (mm(hg)^^ISO+),41217,41217,artifact
PROMISES,patient 31,ART S (mm(hg)^^ISO+),41217,41642,clean
PROMISES,patient 31,ART S (mm(hg)^^ISO+),41643,41679,artifact
PROMISES,patient 31,ART S (mm(hg)^^ISO+),41680,41850,clean
PROMISES,patient 31,ART S (mm(hg)^^ISO+),41851,41871,artifact
PROMISES,patient 31,ART S (mm(hg)^^ISO+),41872,41938,clean
PROMISES,patient 31,ART S (mm(hg)^^ISO+),41939,41966,artifact
PROMISES,patient 31,ART S (mm(hg)^^ISO+),41967,48324,clean
PROMISES,patient 31,ART S (mm(hg)^^ISO+),48325,48354,artifact
PROMISES,patient 31,ART S (mm(hg)^^ISO+),48355,58951,clean
PROMISES,patient 31,ART D (mm(hg)^^ISO+),40922,41134,clean
PROMISES,patient 31,ART D (mm(hg)^^ISO+),41136,41136,artifact
PROMISES,patient 31,ART D (mm(hg)^^ISO+),41136,41136,clean
PROMISES,patient 31,ART D (mm(hg)^^ISO+),41138,41138,artifact
PROMISES,patient 31,ART D (mm(hg)^^ISO+),41138,41150,clean
PROMISES,patient 31,ART D (mm(hg)^^ISO+),41151,41151,artifact
PROMISES,patient 31,ART D (mm(hg)^^ISO+),41151,41160,clean
PROMISES,patient 31,ART D (mm(hg)^^ISO+),41161,41161,artifact
PROMISES,patient 31,ART D (mm(hg)^^ISO+),41161,41167,clean
PROMISES,patient 31,ART D (mm(hg)^^ISO+),41169,41169,artifact
PROMISES,patient 31,ART D (mm(hg)^^ISO+),41169,41173,clean
PROMISES,patient 31,ART D (mm(hg)^^ISO+),41175,41175,artifact
PROMISES,patient 31,ART D (mm(hg)^^ISO+),41175,41201,clean
PROMISES,patient 31,ART D (mm(hg)^^ISO+),41202,41202,artifact
PROMISES,patient 31,ART D (mm(hg)^^ISO+),41202,41215,clean
PROMISES,patient 31,ART D (mm(hg)^^ISO+),41217,41217,artifact
PROMISES,patient 31,ART D (mm(hg)^^ISO+),41217,41233,clean
PROMISES,patient 31,ART D (mm(hg)^^ISO+),41235,41235,artifact
PROMISES,patient 31,ART D (mm(hg)^^ISO+),41235,41238,clean
PROMISES,patient 31,ART D (mm(hg)^^ISO+),41240,41240,artifact
PROMISES,patient 31,ART D (mm(hg)^^ISO+),41240,41240,clean
PROMISES,patient 31,ART D (mm(hg)^^ISO+),41242,41242,artifact
PROMISES,patient 31,ART D (mm(hg)^^ISO+),41242,41251,clean
PROMISES,patient 31,ART D (mm(hg)^^ISO+),41253,41253,artifact
PROMISES,patient 31,ART D (mm(hg)^^ISO+),41253,41253,clean
PROMISES,patient 31,ART D (mm(hg)^^ISO+),41255,41255,artifact
PROMISES,patient 31,ART D (mm(hg)^^ISO+),41255,41259,clean
PROMISES,patient 31,ART D (mm(hg)^^ISO+),41261,41261,artifact
PROMISES,patient 31,ART D (mm(hg)^^ISO+),41261,41261,clean
PROMISES,patient 31,ART D (mm(hg)^^ISO+),41263,41263,artifact
PROMISES,patient 31,ART D (mm(hg)^^ISO+),41263,41280,clean
PROMISES,patient 31,ART D (mm(hg)^^ISO+),41282,41282,artifact
PROMISES,patient 31,ART D (mm(hg)^^ISO+),41282,41284,clean
PROMISES,patient 31,ART D (mm(hg)^^ISO+),41286,41286,artifact
PROMISES,patient 31,ART D (mm(hg)^^ISO+),41286,41288,clean
PROMISES,patient 31,ART D (mm(hg)^^ISO+),41289,41289,artifact
PROMISES,patient 31,ART D (mm(hg)^^ISO+),41289,41294,clean
PROMISES,patient 31,ART D (mm(hg)^^ISO+),41295,41295,artifact
PROMISES,patient 31,ART D (mm(hg)^^ISO+),41295,41295,clean
PROMISES,patient 31,ART D (mm(hg)^^ISO+),41297,41297,artifact
PROMISES,patient 31,ART D (mm(hg)^^ISO+),41297,41300,clean
PROMISES,patient 31,ART D (mm(hg)^^ISO+),41302,41302,artifact
PROMISES,patient 31,ART D (mm(hg)^^ISO+),41302,41308,clean
PROMISES,patient 31,ART D (mm(hg)^^ISO+),41310,41310,artifact
PROMISES,patient 31,ART D (mm(hg)^^ISO+),41310,41314,clean
PROMISES,patient 31,ART D (mm(hg)^^ISO+),41316,41316,artifact
PROMISES,patient 31,ART D (mm(hg)^^ISO+),41316,41316,clean
PROMISES,patient 31,ART D (mm(hg)^^ISO+),41318,41318,artifact
PROMISES,patient 31,ART D (mm(hg)^^ISO+),41318,41320,clean
PROMISES,patient 31,ART D (mm(hg)^^ISO+),41322,41322,artifact
PROMISES,patient 31,ART D (mm(hg)^^ISO+),41322,41333,clean
PROMISES,patient 31,ART D (mm(hg)^^ISO+),41335,41335,artifact
PROMISES,patient 31,ART D (mm(hg)^^ISO+),41335,41339,clean
PROMISES,patient 31,ART D (mm(hg)^^ISO+),41341,41341,artifact
PROMISES,patient 31,ART D (mm(hg)^^ISO+),41341,41352,clean
PROMISES,patient 31,ART D (mm(hg)^^ISO+),41354,41354,artifact
PROMISES,patient 31,ART D (mm(hg)^^ISO+),41354,41372,clean
PROMISES,patient 31,ART D (mm(hg)^^ISO+),41374,41374,artifact
PROMISES,patient 31,ART D (mm(hg)^^ISO+),41374,41380,clean
PROMISES,patient 31,ART D (mm(hg)^^ISO+),41382,41382,artifact
PROMISES,patient 31,ART D (mm(hg)^^ISO+),41382,41386,clean
PROMISES,patient 31,ART D (mm(hg)^^ISO+),41388,41388,artifact
PROMISES,patient 31,ART D (mm(hg)^^ISO+),41388,41410,clean
PROMISES,patient 31,ART D (mm(hg)^^ISO+),41412,41412,artifact
PROMISES,patient 31,ART D (mm(hg)^^ISO+),41412,41433,clean
PROMISES,patient 31,ART D (mm(hg)^^ISO+),41435,41435,artifact
PROMISES,patient 31,ART D (mm(hg)^^ISO+),41435,41449,clean
PROMISES,patient 31,ART D (mm(hg)^^ISO+),41451,41451,artifact
PROMISES,patient 31,ART D (mm(hg)^^ISO+),41451,41451,clean
PROMISES,patient 31,ART D (mm(hg)^^ISO+),41453,41453,artifact
PROMISES,patient 31,ART D (mm(hg)^^ISO+),41453,41461,clean
PROMISES,patient 31,ART D (mm(hg)^^ISO+),41463,41463,artifact
PROMISES,patient 31,ART D (mm(hg)^^ISO+),41463,41463,clean
PROMISES,patient 31,ART D (mm(hg)^^ISO+),41465,41465,artifact
PROMISES,patient 31,ART D (mm(hg)^^ISO+),41465,41471,clean
PROMISES,patient 31,ART D (mm(hg)^^ISO+),41473,41473,artifact
PROMISES,patient 31,ART D (mm(hg)^^ISO+),41473,41477,clean
PROMISES,patient 31,ART D (mm(hg)^^ISO+),41479,41479,artifact
PROMISES,patient 31,ART D (mm(hg)^^ISO+),41479,41483,clean
PROMISES,patient 31,ART D (mm(hg)^^ISO+),41484,41484,artifact
PROMISES,patient 31,ART D (mm(hg)^^ISO+),41484,41642,clean
PROMISES,patient 31,ART D (mm(hg)^^ISO+),41643,41679,artifact
PROMISES,patient 31,ART D (mm(hg)^^ISO+),41680,41850,clean
PROMISES,patient 31,ART D (mm(hg)^^ISO+),41851,41871,artifact
PROMISES,patient 31,ART D (mm(hg)^^ISO+),41872,41938,clean
PROMISES,patient 31,ART D (mm(hg)^^ISO+),41939,41966,artifact
PROMISES,patient 31,ART D (mm(hg)^^ISO+),41967,48324,clean
PROMISES,patient 31,ART D (mm(hg)^^ISO+),48325,48354,artifact
PROMISES,patient 31,ART D (mm(hg)^^ISO+),48355,58951,clean
PROMISES,patient 31,ART M (mm(hg)^^ISO+),40922,41134,clean
PROMISES,patient 31,ART M (mm(hg)^^ISO+),41136,41136,artifact
PROMISES,patient 31,ART M (mm(hg)^^ISO+),41136,41136,clean
PROMISES,patient 31,ART M (mm(hg)^^ISO+),41138,41138,artifact
PROMISES,patient 31,ART M (mm(hg)^^ISO+),41138,41140,clean
PROMISES,patient 31,ART M (mm(hg)^^ISO+),41142,41142,artifact
PROMISES,patient 31,ART M (mm(hg)^^ISO+),41142,41147,clean
PROMISES,patient 31,ART M (mm(hg)^^ISO+),41148,41148,artifact
PROMISES,patient 31,ART M (mm(hg)^^ISO+),41148,41150,clean
PROMISES,patient 31,ART M (mm(hg)^^ISO+),41151,41151,artifact
PROMISES,patient 31,ART M (mm(hg)^^ISO+),41151,41151,clean
PROMISES,patient 31,ART M (mm(hg)^^ISO+),41153,41153,artifact
PROMISES,patient 31,ART M (mm(hg)^^ISO+),41153,41155,clean
PROMISES,patient 31,ART M (mm(hg)^^ISO+),41156,41156,artifact
PROMISES,patient 31,ART M (mm(hg)^^ISO+),41156,41185,clean
PROMISES,patient 31,ART M (mm(hg)^^ISO+),41187,41187,artifact
PROMISES,patient 31,ART M (mm(hg)^^ISO+),41187,41201,clean
PROMISES,patient 31,ART M (mm(hg)^^ISO+),41202,41202,artifact
PROMISES,patient 31,ART M (mm(hg)^^ISO+),41202,41225,clean
PROMISES,patient 31,ART M (mm(hg)^^ISO+),41226,41226,artifact
PROMISES,patient 31,ART M (mm(hg)^^ISO+),41226,41226,clean
PROMISES,patient 31,ART M (mm(hg)^^ISO+),41228,41228,artifact
PROMISES,patient 31,ART M (mm(hg)^^ISO+),41228,41245,clean
PROMISES,patient 31,ART M (mm(hg)^^ISO+),41247,41247,artifact
PROMISES,patient 31,ART M (mm(hg)^^ISO+),41247,41251,clean
PROMISES,patient 31,ART M (mm(hg)^^ISO+),41253,41253,artifact
PROMISES,patient 31,ART M (mm(hg)^^ISO+),41253,41253,clean
PROMISES,patient 31,ART M (mm(hg)^^ISO+),41255,41255,artifact
PROMISES,patient 31,ART M (mm(hg)^^ISO+),41255,41271,clean
PROMISES,patient 31,ART M (mm(hg)^^ISO+),41273,41273,artifact
PROMISES,patient 31,ART M (mm(hg)^^ISO+),41273,41284,clean
PROMISES,patient 31,ART M (mm(hg)^^ISO+),41286,41286,artifact
PROMISES,patient 31,ART M (mm(hg)^^ISO+),41286,41304,clean
PROMISES,patient 31,ART M (mm(hg)^^ISO+),41306,41306,artifact
PROMISES,patient 31,ART M (mm(hg)^^ISO+),41306,41320,clean
PROMISES,patient 31,ART M (mm(hg)^^ISO+),41322,41322,artifact
PROMISES,patient 31,ART M (mm(hg)^^ISO+),41322,41327,clean
PROMISES,patient 31,ART M (mm(hg)^^ISO+),41328,41328,artifact
PROMISES,patient 31,ART M (mm(hg)^^ISO+),41328,41343,clean
PROMISES,patient 31,ART M (mm(hg)^^ISO+),41345,41345,artifact
PROMISES,patient 31,ART M (mm(hg)^^ISO+),41345,41348,clean
PROMISES,patient 31,ART M (mm(hg)^^ISO+),41350,41350,artifact
PROMISES,patient 31,ART M (mm(hg)^^ISO+),41350,41363,clean
PROMISES,patient 31,ART M (mm(hg)^^ISO+),41365,41365,artifact
PROMISES,patient 31,ART M (mm(hg)^^ISO+),41365,41376,clean
PROMISES,patient 31,ART M (mm(hg)^^ISO+),41378,41378,artifact
PROMISES,patient 31,ART M (mm(hg)^^ISO+),41378,41391,clean
PROMISES,patient 31,ART M (mm(hg)^^ISO+),41393,41393,artifact
PROMISES,patient 31,ART M (mm(hg)^^ISO+),41393,41401,clean
PROMISES,patient 31,ART M (mm(hg)^^ISO+),41403,41403,artifact
PROMISES,patient 31,ART M (mm(hg)^^ISO+),41403,41410,clean
PROMISES,patient 31,ART M (mm(hg)^^ISO+),41412,41412,artifact
PROMISES,patient 31,ART M (mm(hg)^^ISO+),41412,41451,clean
PROMISES,patient 31,ART M (mm(hg)^^ISO+),41453,41453,artifact
PROMISES,patient 31,ART M (mm(hg)^^ISO+),41453,41467,clean
PROMISES,patient 31,ART M (mm(hg)^^ISO+),41469,41469,artifact
PROMISES,patient 31,ART M (mm(hg)^^ISO+),41469,41642,clean
PROMISES,patient 31,ART M (mm(hg)^^ISO+),41643,41679,artifact
PROMISES,patient 31,ART M (mm(hg)^^ISO+),41680,41850,clean
PROMISES,patient 31,ART M (mm(hg)^^ISO+),41851,41871,artifact
PROMISES,patient 31,ART M (mm(hg)^^ISO+),41872,41938,clean
PROMISES,patient 31,ART M (mm(hg)^^ISO+),41939,41966,artifact
PROMISES,patient 31,ART M (mm(hg)^^ISO+),41967,43231,clean
PROMISES,patient 31,ART M (mm(hg)^^ISO+),43232,43232,artifact
PROMISES,patient 31,ART M (mm(hg)^^ISO+),43232,48324,clean
PROMISES,patient 31,ART M (mm(hg)^^ISO+),48325,48354,artifact
PROMISES,patient 31,ART M (mm(hg)^^ISO+),48355,58951,clean
PROMISES,patient 32,ART S (mm(hg)^^ISO+),32942,36326,clean
PROMISES,patient 32,ART S (mm(hg)^^ISO+),36327,36390,artifact
PROMISES,patient 32,ART S (mm(hg)^^ISO+),36391,38160,clean
PROMISES,patient 32,ART S (mm(hg)^^ISO+),38161,38196,artifact
PROMISES,patient 32,ART S (mm(hg)^^ISO+),38197,45010,clean
PROMISES,patient 32,ART D (mm(hg)^^ISO+),32942,36326,clean
PROMISES,patient 32,ART D (mm(hg)^^ISO+),36327,36390,artifact
PROMISES,patient 32,ART D (mm(hg)^^ISO+),36391,38160,clean
PROMISES,patient 32,ART D (mm(hg)^^ISO+),38161,38196,artifact
PROMISES,patient 32,ART D (mm(hg)^^ISO+),38197,45010,clean
PROMISES,patient 32,ART M (mm(hg)^^ISO+),32942,36326,clean
PROMISES,patient 32,ART M (mm(hg)^^ISO+),36327,36390,artifact
PROMISES,patient 32,ART M (mm(hg)^^ISO+),36391,38160,clean
PROMISES,patient 32,ART M (mm(hg)^^ISO+),38161,38196,artifact
PROMISES,patient 32,ART M (mm(hg)^^ISO+),38197,45010,clean
PROMISES,patient 33,ART S (mm(hg)^^ISO+),33488,43079,clean
PROMISES,patient 33,ART S (mm(hg)^^ISO+),43080,43100,artifact
PROMISES,patient 33,ART S (mm(hg)^^ISO+),43101,45452,clean
PROMISES,patient 33,ART D (mm(hg)^^ISO+),33488,43079,clean
PROMISES,patient 33,ART D (mm(hg)^^ISO+),43080,43100,artifact
PROMISES,patient 33,ART D (mm(hg)^^ISO+),43101,45452,clean
PROMISES,patient 33,ART M (mm(hg)^^ISO+),33488,43079,clean
PROMISES,patient 33,ART M (mm(hg)^^ISO+),43080,43100,artifact
PROMISES,patient 33,ART M (mm(hg)^^ISO+),43101,45452,clean
PROMISES,patient 35,ART S (mm(hg)^^ISO+),31941,37617,clean
PROMISES,patient 35,ART S (mm(hg)^^ISO+),37619,37619,artifact
PROMISES,patient 35,ART S (mm(hg)^^ISO+),37619,37702,clean
PROMISES,patient 35,ART S (mm(hg)^^ISO+),37703,37726,artifact
PROMISES,patient 35,ART S (mm(hg)^^ISO+),37727,37839,clean
PROMISES,patient 35,ART S (mm(hg)^^ISO+),37840,37840,artifact
PROMISES,patient 35,ART S (mm(hg)^^ISO+),37840,38325,clean
PROMISES,patient 35,ART D (mm(hg)^^ISO+),31941,37627,clean
PROMISES,patient 35,ART D (mm(hg)^^ISO+),37629,37629,artifact
PROMISES,patient 35,ART D (mm(hg)^^ISO+),37629,37639,clean
PROMISES,patient 35,ART D (mm(hg)^^ISO+),37641,37641,artifact
PROMISES,patient 35,ART D (mm(hg)^^ISO+),37641,37702,clean
PROMISES,patient 35,ART D (mm(hg)^^ISO+),37703,37726,artifact
PROMISES,patient 35,ART D (mm(hg)^^ISO+),37727,38049,clean
PROMISES,patient 35,ART D (mm(hg)^^ISO+),38050,38050,artifact
PROMISES,patient 35,ART D (mm(hg)^^ISO+),38050,38052,clean
PROMISES,patient 35,ART D (mm(hg)^^ISO+),38053,38053,artifact
PROMISES,patient 35,ART D (mm(hg)^^ISO+),38053,38097,clean
PROMISES,patient 35,ART D (mm(hg)^^ISO+),38099,38099,artifact
PROMISES,patient 35,ART D (mm(hg)^^ISO+),38099,38106,clean
PROMISES,patient 35,ART D (mm(hg)^^ISO+),38107,38107,artifact
PROMISES,patient 35,ART D (mm(hg)^^ISO+),38107,38111,clean
PROMISES,patient 35,ART D (mm(hg)^^ISO+),38112,38112,artifact
PROMISES,patient 35,ART D (mm(hg)^^ISO+),38112,38125,clean
PROMISES,patient 35,ART D (mm(hg)^^ISO+),38127,38127,artifact
PROMISES,patient 35,ART D (mm(hg)^^ISO+),38127,38325,clean
PROMISES,patient 35,ART M (mm(hg)^^ISO+),31941,37639,clean
PROMISES,patient 35,ART M (mm(hg)^^ISO+),37641,37641,artifact
PROMISES,patient 35,ART M (mm(hg)^^ISO+),37641,37702,clean
PROMISES,patient 35,ART M (mm(hg)^^ISO+),37703,37726,artifact
PROMISES,patient 35,ART M (mm(hg)^^ISO+),37727,37819,clean
PROMISES,patient 35,ART M (mm(hg)^^ISO+),37820,37820,artifact
PROMISES,patient 35,ART M (mm(hg)^^ISO+),37820,38053,clean
PROMISES,patient 35,ART M (mm(hg)^^ISO+),38055,38055,artifact
PROMISES,patient 35,ART M (mm(hg)^^ISO+),38055,38073,clean
PROMISES,patient 35,ART M (mm(hg)^^ISO+),38074,38074,artifact
PROMISES,patient 35,ART M (mm(hg)^^ISO+),38074,38084,clean
PROMISES,patient 35,ART M (mm(hg)^^ISO+),38086,38086,artifact
PROMISES,patient 35,ART M (mm(hg)^^ISO+),38086,38101,clean
PROMISES,patient 35,ART M (mm(hg)^^ISO+),38103,38103,artifact
PROMISES,patient 35,ART M (mm(hg)^^ISO+),38103,38107,clean
PROMISES,patient 35,ART M (mm(hg)^^ISO+),38109,38109,artifact
PROMISES,patient 35,ART M (mm(hg)^^ISO+),38109,38115,clean
PROMISES,patient 35,ART M (mm(hg)^^ISO+),38117,38117,artifact
PROMISES,patient 35,ART M (mm(hg)^^ISO+),38117,38125,clean
PROMISES,patient 35,ART M (mm(hg)^^ISO+),38127,38127,artifact
PROMISES,patient 35,ART M (mm(hg)^^ISO+),38127,38137,clean
PROMISES,patient 35,ART M (mm(hg)^^ISO+),38139,38139,artifact
PROMISES,patient 35,ART M (mm(hg)^^ISO+),38139,38139,clean
PROMISES,patient 35,ART M (mm(hg)^^ISO+),38141,38141,artifact
PROMISES,patient 35,ART M (mm(hg)^^ISO+),38141,38143,clean
PROMISES,patient 35,ART M (mm(hg)^^ISO+),38144,38144,artifact
PROMISES,patient 35,ART M (mm(hg)^^ISO+),38144,38162,clean
PROMISES,patient 35,ART M (mm(hg)^^ISO+),38164,38164,artifact
PROMISES,patient 35,ART M (mm(hg)^^ISO+),38164,38325,clean
PROMISES,patient 36,ART S (mm(hg)^^ISO+),33787,38807,clean
PROMISES,patient 36,ART S (mm(hg)^^ISO+),38808,38828,artifact
PROMISES,patient 36,ART S (mm(hg)^^ISO+),38829,38860,clean
PROMISES,patient 36,ART S (mm(hg)^^ISO+),38861,38899,artifact
PROMISES,patient 36,ART S (mm(hg)^^ISO+),38900,39048,clean
PROMISES,patient 36,ART S (mm(hg)^^ISO+),39049,39087,artifact
PROMISES,patient 36,ART S (mm(hg)^^ISO+),39088,39248,clean
PROMISES,patient 36,ART S (mm(hg)^^ISO+),39249,39269,artifact
PROMISES,patient 36,ART S (mm(hg)^^ISO+),39270,39430,clean
PROMISES,patient 36,ART S (mm(hg)^^ISO+),39431,39453,artifact
PROMISES,patient 36,ART S (mm(hg)^^ISO+),39454,39561,clean
PROMISES,patient 36,ART S (mm(hg)^^ISO+),39562,39582,artifact
PROMISES,patient 36,ART S (mm(hg)^^ISO+),39583,40192,clean
PROMISES,patient 36,ART S (mm(hg)^^ISO+),40193,40214,artifact
PROMISES,patient 36,ART S (mm(hg)^^ISO+),40215,40249,clean
PROMISES,patient 36,ART S (mm(hg)^^ISO+),40250,40270,artifact
PROMISES,patient 36,ART S (mm(hg)^^ISO+),40271,40351,clean
PROMISES,patient 36,ART S (mm(hg)^^ISO+),40352,40372,artifact
PROMISES,patient 36,ART S (mm(hg)^^ISO+),40373,40470,clean
PROMISES,patient 36,ART S (mm(hg)^^ISO+),40471,40530,artifact
PROMISES,patient 36,ART S (mm(hg)^^ISO+),40531,40703,clean
PROMISES,patient 36,ART S (mm(hg)^^ISO+),40704,40740,artifact
PROMISES,patient 36,ART S (mm(hg)^^ISO+),40741,41531,clean
PROMISES,patient 36,ART S (mm(hg)^^ISO+),41532,41552,artifact
PROMISES,patient 36,ART S (mm(hg)^^ISO+),41553,41615,clean
PROMISES,patient 36,ART S (mm(hg)^^ISO+),41616,41647,artifact
PROMISES,patient 36,ART S (mm(hg)^^ISO+),41648,41853,clean
PROMISES,patient 36,ART D (mm(hg)^^ISO+),33787,38807,clean
PROMISES,patient 36,ART D (mm(hg)^^ISO+),38808,38828,artifact
PROMISES,patient 36,ART D (mm(hg)^^ISO+),38829,38860,clean
PROMISES,patient 36,ART D (mm(hg)^^ISO+),38861,38899,artifact
PROMISES,patient 36,ART D (mm(hg)^^ISO+),38900,39048,clean
PROMISES,patient 36,ART D (mm(hg)^^ISO+),39049,39087,artifact
PROMISES,patient 36,ART D (mm(hg)^^ISO+),39088,39248,clean
PROMISES,patient 36,ART D (mm(hg)^^ISO+),39249,39269,artifact
PROMISES,patient 36,ART D (mm(hg)^^ISO+),39270,39430,clean
PROMISES,patient 36,ART D (mm(hg)^^ISO+),39431,39453,artifact
PROMISES,patient 36,ART D (mm(hg)^^ISO+),39454,39561,clean
PROMISES,patient 36,ART D (mm(hg)^^ISO+),39562,39582,artifact
PROMISES,patient 36,ART D (mm(hg)^^ISO+),39583,40192,clean
PROMISES,patient 36,ART D (mm(hg)^^ISO+),40193,40214,artifact
PROMISES,patient 36,ART D (mm(hg)^^ISO+),40215,40249,clean
PROMISES,patient 36,ART D (mm(hg)^^ISO+),40250,40270,artifact
PROMISES,patient 36,ART D (mm(hg)^^ISO+),40271,40351,clean
PROMISES,patient 36,ART D (mm(hg)^^ISO+),40352,40372,artifact
PROMISES,patient 36,ART D (mm(hg)^^ISO+),40373,40470,clean
PROMISES,patient 36,ART D (mm(hg)^^ISO+),40471,40530,artifact
PROMISES,patient 36,ART D (mm(hg)^^ISO+),40531,40703,clean
PROMISES,patient 36,ART D (mm(hg)^^ISO+),40704,40740,artifact
PROMISES,patient 36,ART D (mm(hg)^^ISO+),40741,41531,clean
PROMISES,patient 36,ART D (mm(hg)^^ISO+),41532,41552,artifact
PROMISES,patient 36,ART D (mm(hg)^^ISO+),41553,41615,clean
PROMISES,patient 36,ART D (mm(hg)^^ISO+),41616,41647,artifact
PROMISES,patient 36,ART D (mm(hg)^^ISO+),41648,41853,clean
PROMISES,patient 36,ART M (mm(hg)^^ISO+),33787,38807,clean
PROMISES,patient 36,ART M (mm(hg)^^ISO+),38808,38828,artifact
PROMISES,patient 36,ART M (mm(hg)^^ISO+),38829,38860,clean
PROMISES,patient 36,ART M (mm(hg)^^ISO+),38861,38899,artifact
PROMISES,patient 36,ART M (mm(hg)^^ISO+),38900,39048,clean
PROMISES,patient 36,ART M (mm(hg)^^ISO+),39049,39087,artifact
PROMISES,patient 36,ART M (mm(hg)^^ISO+),39088,39248,clean
PROMISES,patient 36,ART M (mm(hg)^^ISO+),39249,39269,artifact
PROMISES,patient 36,ART M (mm(hg)^^ISO+),39270,39430,clean
PROMISES,patient 36,ART M (mm(hg)^^ISO+),39431,39453,artifact
PROMISES,patient 36,ART M (mm(hg)^^ISO+),39454,39561,clean
PROMISES,patient 36,ART M (mm(hg)^^ISO+),39562,39582,artifact
PROMISES,patient 36,ART M (mm(hg)^^ISO+),39583,40192,clean
PROMISES,patient 36,ART M (mm(hg)^^ISO+),40193,40214,artifact
PROMISES,patient 36,ART M (mm(hg)^^ISO+),40215,40249,clean
PROMISES,patient 36,ART M (mm(hg)^^ISO+),40250,40270,artifact
PROMISES,patient 36,ART M (mm(hg)^^ISO+),40271,40351,clean
PROMISES,patient 36,ART M (mm(hg)^^ISO+),40352,40372,artifact
PROMISES,patient 36,ART M (mm(hg)^^ISO+),40373,40470,clean
PROMISES,patient 36,ART M (mm(hg)^^ISO+),40471,40530,artifact
PROMISES,patient 36,ART M (mm(hg)^^ISO+),40531,40703,clean
PROMISES,patient 36,ART M (mm(hg)^^ISO+),40704,40740,artifact
PROMISES,patient 36,ART M (mm(hg)^^ISO+),40741,40993,clean
PROMISES,patient 36,ART M (mm(hg)^^ISO+),40994,40994,artifact
PROMISES,patient 36,ART M (mm(hg)^^ISO+),40994,41531,clean
PROMISES,patient 36,ART M (mm(hg)^^ISO+),41532,41552,artifact
PROMISES,patient 36,ART M (mm(hg)^^ISO+),41553,41615,clean
PROMISES,patient 36,ART M (mm(hg)^^ISO+),41616,41647,artifact
PROMISES,patient 36,ART M (mm(hg)^^ISO+),41648,41853,clean
PROMISES,patient 37,ART S (mm(hg)^^ISO+),32253,33320,clean
PROMISES,patient 37,ART S (mm(hg)^^ISO+),33321,33364,artifact
PROMISES,patient 37,ART S (mm(hg)^^ISO+),33365,33518,clean
PROMISES,patient 37,ART S (mm(hg)^^ISO+),33519,33539,artifact
PROMISES,patient 37,ART S (mm(hg)^^ISO+),33540,33630,clean
PROMISES,patient 37,ART S (mm(hg)^^ISO+),33631,33660,artifact
PROMISES,patient 37,ART S (mm(hg)^^ISO+),33661,33711,clean
PROMISES,patient 37,ART S (mm(hg)^^ISO+),33712,33737,artifact
PROMISES,patient 37,ART S (mm(hg)^^ISO+),33738,37938,clean
PROMISES,patient 37,ART S (mm(hg)^^ISO+),37939,37963,artifact
PROMISES,patient 37,ART S (mm(hg)^^ISO+),37964,44561,clean
PROMISES,patient 37,ART S (mm(hg)^^ISO+),44562,44587,artifact
PROMISES,patient 37,ART S (mm(hg)^^ISO+),44588,45383,clean
PROMISES,patient 37,ART S (mm(hg)^^ISO+),45384,45411,artifact
PROMISES,patient 37,ART S (mm(hg)^^ISO+),45412,46058,clean
PROMISES,patient 37,ART S (mm(hg)^^ISO+),46059,46079,artifact
PROMISES,patient 37,ART S (mm(hg)^^ISO+),46080,46671,clean
PROMISES,patient 37,ART S (mm(hg)^^ISO+),46672,46746,artifact
PROMISES,patient 37,ART S (mm(hg)^^ISO+),46747,48461,clean
PROMISES,patient 37,ART S (mm(hg)^^ISO+),48462,48506,artifact
PROMISES,patient 37,ART S (mm(hg)^^ISO+),48507,50511,clean
PROMISES,patient 37,ART D (mm(hg)^^ISO+),32253,33320,clean
PROMISES,patient 37,ART D (mm(hg)^^ISO+),33321,33364,artifact
PROMISES,patient 37,ART D (mm(hg)^^ISO+),33365,33518,clean
PROMISES,patient 37,ART D (mm(hg)^^ISO+),33519,33539,artifact
PROMISES,patient 37,ART D (mm(hg)^^ISO+),33540,33630,clean
PROMISES,patient 37,ART D (mm(hg)^^ISO+),33631,33660,artifact
PROMISES,patient 37,ART D (mm(hg)^^ISO+),33661,33711,clean
PROMISES,patient 37,ART D (mm(hg)^^ISO+),33712,33737,artifact
PROMISES,patient 37,ART D (mm(hg)^^ISO+),33738,37938,clean
PROMISES,patient 37,ART D (mm(hg)^^ISO+),37939,37963,artifact
PROMISES,patient 37,ART D (mm(hg)^^ISO+),37964,44561,clean
PROMISES,patient 37,ART D (mm(hg)^^ISO+),44562,44587,artifact
PROMISES,patient 37,ART D (mm(hg)^^ISO+),44588,45383,clean
PROMISES,patient 37,ART D (mm(hg)^^ISO+),45384,45411,artifact
PROMISES,patient 37,ART D (mm(hg)^^ISO+),45412,46058,clean
PROMISES,patient 37,ART D (mm(hg)^^ISO+),46059,46079,artifact
PROMISES,patient 37,ART D (mm(hg)^^ISO+),46080,46671,clean
PROMISES,patient 37,ART D (mm(hg)^^ISO+),46672,46746,artifact
PROMISES,patient 37,ART D (mm(hg)^^ISO+),46747,48461,clean
PROMISES,patient 37,ART D (mm(hg)^^ISO+),48462,48506,artifact
PROMISES,patient 37,ART D (mm(hg)^^ISO+),48507,50511,clean
PROMISES,patient 37,ART M (mm(hg)^^ISO+),32253,33320,clean
PROMISES,patient 37,ART M (mm(hg)^^ISO+),33321,33364,artifact
PROMISES,patient 37,ART M (mm(hg)^^ISO+),33365,33518,clean
PROMISES,patient 37,ART M (mm(hg)^^ISO+),33519,33539,artifact
PROMISES,patient 37,ART M (mm(hg)^^ISO+),33540,33630,clean
PROMISES,patient 37,ART M (mm(hg)^^ISO+),33631,33660,artifact
PROMISES,patient 37,ART M (mm(hg)^^ISO+),33661,33711,clean
PROMISES,patient 37,ART M (mm(hg)^^ISO+),33712,33737,artifact
PROMISES,patient 37,ART M (mm(hg)^^ISO+),33738,37938,clean
PROMISES,patient 37,ART M (mm(hg)^^ISO+),37939,37963,artifact
PROMISES,patient 37,ART M (mm(hg)^^ISO+),37964,44561,clean
PROMISES,patient 37,ART M (mm(hg)^^ISO+),44562,44587,artifact
PROMISES,patient 37,ART M (mm(hg)^^ISO+),44588,45383,clean
PROMISES,patient 37,ART M (mm(hg)^^ISO+),45384,45411,artifact
PROMISES,patient 37,ART M (mm(hg)^^ISO+),45412,46058,clean
PROMISES,patient 37,ART M (mm(hg)^^ISO+),46059,46079,artifact
PROMISES,patient 37,ART M (mm(hg)^^ISO+),46080,46671,clean
PROMISES,patient 37,ART M (mm(hg)^^ISO+),46672,46746,artifact
PROMISES,patient 37,ART M (mm(hg)^^ISO+),46747,48461,clean
PROMISES,patient 37,ART M (mm(hg)^^ISO+),48462,48506,artifact
PROMISES,patient 37,ART M (mm(hg)^^ISO+),48507,50511,clean
PROMISES,patient 38,ART S (mm(hg)^^ISO+),31921,31949,clean
PROMISES,patient 38,ART S (mm(hg)^^ISO+),31950,31950,artifact
PROMISES,patient 38,ART S (mm(hg)^^ISO+),31950,31971,clean
PROMISES,patient 38,ART S (mm(hg)^^ISO+),31972,31972,artifact
PROMISES,patient 38,ART S (mm(hg)^^ISO+),31972,31981,clean
PROMISES,patient 38,ART S (mm(hg)^^ISO+),31982,31982,artifact
PROMISES,patient 38,ART S (mm(hg)^^ISO+),31982,32036,clean
PROMISES,patient 38,ART S (mm(hg)^^ISO+),32037,32037,artifact
PROMISES,patient 38,ART S (mm(hg)^^ISO+),32037,32071,clean
PROMISES,patient 38,ART S (mm(hg)^^ISO+),32072,32072,artifact
PROMISES,patient 38,ART S (mm(hg)^^ISO+),32072,32121,clean
PROMISES,patient 38,ART S (mm(hg)^^ISO+),32122,32122,artifact
PROMISES,patient 38,ART S (mm(hg)^^ISO+),32122,32151,clean
PROMISES,patient 38,ART S (mm(hg)^^ISO+),32152,32152,artifact
PROMISES,patient 38,ART S (mm(hg)^^ISO+),32152,32584,clean
PROMISES,patient 38,ART S (mm(hg)^^ISO+),32585,32610,artifact
PROMISES,patient 38,ART S (mm(hg)^^ISO+),32611,35000,clean
PROMISES,patient 38,ART S (mm(hg)^^ISO+),35001,35034,artifact
PROMISES,patient 38,ART S (mm(hg)^^ISO+),35035,40043,clean
PROMISES,patient 38,ART S (mm(hg)^^ISO+),40044,40070,artifact
PROMISES,patient 38,ART S (mm(hg)^^ISO+),40071,40077,clean
PROMISES,patient 38,ART S (mm(hg)^^ISO+),40078,40291,artifact
PROMISES,patient 38,ART S (mm(hg)^^ISO+),40292,40395,clean
PROMISES,patient 38,ART S (mm(hg)^^ISO+),40396,40621,artifact
PROMISES,patient 38,ART S (mm(hg)^^ISO+),40622,40638,clean
PROMISES,patient 38,ART S (mm(hg)^^ISO+),40640,40640,artifact
PROMISES,patient 38,ART S (mm(hg)^^ISO+),40640,40643,clean
PROMISES,patient 38,ART S (mm(hg)^^ISO+),40645,40645,artifact
PROMISES,patient 38,ART S (mm(hg)^^ISO+),40645,40701,clean
PROMISES,patient 38,ART S (mm(hg)^^ISO+),40702,40702,artifact
PROMISES,patient 38,ART S (mm(hg)^^ISO+),40702,40704,clean
PROMISES,patient 38,ART S (mm(hg)^^ISO+),40705,40705,artifact
PROMISES,patient 38,ART S (mm(hg)^^ISO+),40705,40721,clean
PROMISES,patient 38,ART S (mm(hg)^^ISO+),40722,40722,artifact
PROMISES,patient 38,ART S (mm(hg)^^ISO+),40722,40751,clean
PROMISES,patient 38,ART S (mm(hg)^^ISO+),40752,40752,artifact
PROMISES,patient 38,ART S (mm(hg)^^ISO+),40752,40761,clean
PROMISES,patient 38,ART S (mm(hg)^^ISO+),40762,40762,artifact
PROMISES,patient 38,ART S (mm(hg)^^ISO+),40762,40771,clean
PROMISES,patient 38,ART S (mm(hg)^^ISO+),40772,40772,artifact
PROMISES,patient 38,ART S (mm(hg)^^ISO+),40772,40780,clean
PROMISES,patient 38,ART S (mm(hg)^^ISO+),40781,40781,artifact
PROMISES,patient 38,ART S (mm(hg)^^ISO+),40781,40813,clean
PROMISES,patient 38,ART S (mm(hg)^^ISO+),40814,40814,artifact
PROMISES,patient 38,ART S (mm(hg)^^ISO+),40814,40824,clean
PROMISES,patient 38,ART S (mm(hg)^^ISO+),40825,40825,artifact
PROMISES,patient 38,ART S (mm(hg)^^ISO+),40825,40911,clean
PROMISES,patient 38,ART S (mm(hg)^^ISO+),40913,40913,artifact
PROMISES,patient 38,ART S (mm(hg)^^ISO+),40913,40931,clean
PROMISES,patient 38,ART S (mm(hg)^^ISO+),40933,40933,artifact
PROMISES,patient 38,ART S (mm(hg)^^ISO+),40933,40951,clean
PROMISES,patient 38,ART S (mm(hg)^^ISO+),40953,40953,artifact
PROMISES,patient 38,ART S (mm(hg)^^ISO+),40953,40971,clean
PROMISES,patient 38,ART S (mm(hg)^^ISO+),40973,40973,artifact
PROMISES,patient 38,ART S (mm(hg)^^ISO+),40973,41071,clean
PROMISES,patient 38,ART S (mm(hg)^^ISO+),41073,41073,artifact
PROMISES,patient 38,ART S (mm(hg)^^ISO+),41073,41091,clean
PROMISES,patient 38,ART S (mm(hg)^^ISO+),41093,41093,artifact
PROMISES,patient 38,ART S (mm(hg)^^ISO+),41093,41131,clean
PROMISES,patient 38,ART S (mm(hg)^^ISO+),41133,41133,artifact
PROMISES,patient 38,ART S (mm(hg)^^ISO+),41133,41227,clean
PROMISES,patient 38,ART S (mm(hg)^^ISO+),41228,41228,artifact
PROMISES,patient 38,ART S (mm(hg)^^ISO+),41228,41240,clean
PROMISES,patient 38,ART S (mm(hg)^^ISO+),41242,41242,artifact
PROMISES,patient 38,ART S (mm(hg)^^ISO+),41242,41254,clean
PROMISES,patient 38,ART S (mm(hg)^^ISO+),41256,41256,artifact
PROMISES,patient 38,ART S (mm(hg)^^ISO+),41256,41260,clean
PROMISES,patient 38,ART S (mm(hg)^^ISO+),41262,41262,artifact
PROMISES,patient 38,ART S (mm(hg)^^ISO+),41262,41280,clean
PROMISES,patient 38,ART S (mm(hg)^^ISO+),41282,41282,artifact
PROMISES,patient 38,ART S (mm(hg)^^ISO+),41282,41283,clean
PROMISES,patient 38,ART S (mm(hg)^^ISO+),41285,41285,artifact
PROMISES,patient 38,ART S (mm(hg)^^ISO+),41285,41341,clean
PROMISES,patient 38,ART S (mm(hg)^^ISO+),41342,41342,artifact
PROMISES,patient 38,ART S (mm(hg)^^ISO+),41342,41351,clean
PROMISES,patient 38,ART S (mm(hg)^^ISO+),41352,41352,artifact
PROMISES,patient 38,ART S (mm(hg)^^ISO+),41352,41364,clean
PROMISES,patient 38,ART S (mm(hg)^^ISO+),41365,41365,artifact
PROMISES,patient 38,ART S (mm(hg)^^ISO+),41365,41403,clean
PROMISES,patient 38,ART S (mm(hg)^^ISO+),41405,41405,artifact
PROMISES,patient 38,ART S (mm(hg)^^ISO+),41405,41484,clean
PROMISES,patient 38,ART S (mm(hg)^^ISO+),41485,41485,artifact
PROMISES,patient 38,ART S (mm(hg)^^ISO+),41485,41491,clean
PROMISES,patient 38,ART S (mm(hg)^^ISO+),41492,41492,artifact
PROMISES,patient 38,ART S (mm(hg)^^ISO+),41492,41521,clean
PROMISES,patient 38,ART S (mm(hg)^^ISO+),41522,41522,artifact
PROMISES,patient 38,ART S (mm(hg)^^ISO+),41522,41576,clean
PROMISES,patient 38,ART S (mm(hg)^^ISO+),41578,41578,artifact
PROMISES,patient 38,ART S (mm(hg)^^ISO+),41578,41592,clean
PROMISES,patient 38,ART S (mm(hg)^^ISO+),41594,41594,artifact
PROMISES,patient 38,ART S (mm(hg)^^ISO+),41594,41631,clean
PROMISES,patient 38,ART S (mm(hg)^^ISO+),41632,41632,artifact
PROMISES,patient 38,ART S (mm(hg)^^ISO+),41632,41671,clean
PROMISES,patient 38,ART S (mm(hg)^^ISO+),41672,41672,artifact
PROMISES,patient 38,ART S (mm(hg)^^ISO+),41672,41691,clean
PROMISES,patient 38,ART S (mm(hg)^^ISO+),41692,41692,artifact
PROMISES,patient 38,ART S (mm(hg)^^ISO+),41692,41724,clean
PROMISES,patient 38,ART S (mm(hg)^^ISO+),41725,41725,artifact
PROMISES,patient 38,ART S (mm(hg)^^ISO+),41725,41781,clean
PROMISES,patient 38,ART S (mm(hg)^^ISO+),41782,41782,artifact
PROMISES,patient 38,ART S (mm(hg)^^ISO+),41782,41791,clean
PROMISES,patient 38,ART S (mm(hg)^^ISO+),41792,41792,artifact
PROMISES,patient 38,ART S (mm(hg)^^ISO+),41792,41801,clean
PROMISES,patient 38,ART S (mm(hg)^^ISO+),41802,41802,artifact
PROMISES,patient 38,ART S (mm(hg)^^ISO+),41802,41891,clean
PROMISES,patient 38,ART S (mm(hg)^^ISO+),41892,41892,artifact
PROMISES,patient 38,ART S (mm(hg)^^ISO+),41892,41921,clean
PROMISES,patient 38,ART S (mm(hg)^^ISO+),41922,41922,artifact
PROMISES,patient 38,ART S (mm(hg)^^ISO+),41922,41931,clean
PROMISES,patient 38,ART S (mm(hg)^^ISO+),41932,41932,artifact
PROMISES,patient 38,ART S (mm(hg)^^ISO+),41932,41960,clean
PROMISES,patient 38,ART S (mm(hg)^^ISO+),41961,41961,artifact
PROMISES,patient 38,ART S (mm(hg)^^ISO+),41961,42001,clean
PROMISES,patient 38,ART S (mm(hg)^^ISO+),42002,42002,artifact
PROMISES,patient 38,ART S (mm(hg)^^ISO+),42002,42024,clean
PROMISES,patient 38,ART S (mm(hg)^^ISO+),42025,42025,artifact
PROMISES,patient 38,ART S (mm(hg)^^ISO+),42025,42051,clean
PROMISES,patient 38,ART S (mm(hg)^^ISO+),42052,42052,artifact
PROMISES,patient 38,ART S (mm(hg)^^ISO+),42052,42061,clean
PROMISES,patient 38,ART S (mm(hg)^^ISO+),42062,42062,artifact
PROMISES,patient 38,ART S (mm(hg)^^ISO+),42062,42091,clean
PROMISES,patient 38,ART S (mm(hg)^^ISO+),42092,42092,artifact
PROMISES,patient 38,ART S (mm(hg)^^ISO+),42092,42111,clean
PROMISES,patient 38,ART S (mm(hg)^^ISO+),42112,42112,artifact
PROMISES,patient 38,ART S (mm(hg)^^ISO+),42112,42121,clean
PROMISES,patient 38,ART S (mm(hg)^^ISO+),42122,42122,artifact
PROMISES,patient 38,ART S (mm(hg)^^ISO+),42122,42131,clean
PROMISES,patient 38,ART S (mm(hg)^^ISO+),42132,42132,artifact
PROMISES,patient 38,ART S (mm(hg)^^ISO+),42132,42132,clean
PROMISES,patient 38,ART S (mm(hg)^^ISO+),42134,42134,artifact
PROMISES,patient 38,ART S (mm(hg)^^ISO+),42134,42137,clean
PROMISES,patient 38,ART S (mm(hg)^^ISO+),42139,42139,artifact
PROMISES,patient 38,ART S (mm(hg)^^ISO+),42139,42141,clean
PROMISES,patient 38,ART S (mm(hg)^^ISO+),42142,42142,artifact
PROMISES,patient 38,ART S (mm(hg)^^ISO+),42142,42166,clean
PROMISES,patient 38,ART S (mm(hg)^^ISO+),42167,42167,artifact
PROMISES,patient 38,ART S (mm(hg)^^ISO+),42167,42482,clean
PROMISES,patient 38,ART S (mm(hg)^^ISO+),42483,42565,artifact
PROMISES,patient 38,ART S (mm(hg)^^ISO+),42566,42634,clean
PROMISES,patient 38,ART S (mm(hg)^^ISO+),42635,42716,artifact
PROMISES,patient 38,ART S (mm(hg)^^ISO+),42717,49266,clean
PROMISES,patient 38,ART S (mm(hg)^^ISO+),49267,49303,artifact
PROMISES,patient 38,ART S (mm(hg)^^ISO+),49304,49334,clean
PROMISES,patient 38,ART S (mm(hg)^^ISO+),49335,49383,artifact
PROMISES,patient 38,ART S (mm(hg)^^ISO+),49384,49435,clean
PROMISES,patient 38,ART D (mm(hg)^^ISO+),31921,31949,clean
PROMISES,patient 38,ART D (mm(hg)^^ISO+),31950,31950,artifact
PROMISES,patient 38,ART D (mm(hg)^^ISO+),31950,31971,clean
PROMISES,patient 38,ART D (mm(hg)^^ISO+),31972,31972,artifact
PROMISES,patient 38,ART D (mm(hg)^^ISO+),31972,32001,clean
PROMISES,patient 38,ART D (mm(hg)^^ISO+),32002,32002,artifact
PROMISES,patient 38,ART D (mm(hg)^^ISO+),32002,32011,clean
PROMISES,patient 38,ART D (mm(hg)^^ISO+),32012,32012,artifact
PROMISES,patient 38,ART D (mm(hg)^^ISO+),32012,32021,clean
PROMISES,patient 38,ART D (mm(hg)^^ISO+),32022,32022,artifact
PROMISES,patient 38,ART D (mm(hg)^^ISO+),32022,32036,clean
PROMISES,patient 38,ART D (mm(hg)^^ISO+),32037,32037,artifact
PROMISES,patient 38,ART D (mm(hg)^^ISO+),32037,32039,clean
PROMISES,patient 38,ART D (mm(hg)^^ISO+),32040,32040,artifact
PROMISES,patient 38,ART D (mm(hg)^^ISO+),32040,32040,clean
PROMISES,patient 38,ART D (mm(hg)^^ISO+),32042,32042,artifact
PROMISES,patient 38,ART D (mm(hg)^^ISO+),32042,32071,clean
PROMISES,patient 38,ART D (mm(hg)^^ISO+),32072,32072,artifact
PROMISES,patient 38,ART D (mm(hg)^^ISO+),32072,32151,clean
PROMISES,patient 38,ART D (mm(hg)^^ISO+),32152,32152,artifact
PROMISES,patient 38,ART D (mm(hg)^^ISO+),32152,32584,clean
PROMISES,patient 38,ART D (mm(hg)^^ISO+),32585,32610,artifact
PROMISES,patient 38,ART D (mm(hg)^^ISO+),32611,35000,clean
PROMISES,patient 38,ART D (mm(hg)^^ISO+),35001,35034,artifact
PROMISES,patient 38,ART D (mm(hg)^^ISO+),35035,40043,clean
PROMISES,patient 38,ART D (mm(hg)^^ISO+),40044,40070,artifact
PROMISES,patient 38,ART D (mm(hg)^^ISO+),40071,40077,clean
PROMISES,patient 38,ART D (mm(hg)^^ISO+),40078,40291,artifact
PROMISES,patient 38,ART D (mm(hg)^^ISO+),40292,40395,clean
PROMISES,patient 38,ART D (mm(hg)^^ISO+),40396,40621,artifact
PROMISES,patient 38,ART D (mm(hg)^^ISO+),40622,40631,clean
PROMISES,patient 38,ART D (mm(hg)^^ISO+),40632,40632,artifact
PROMISES,patient 38,ART D (mm(hg)^^ISO+),40632,40638,clean
PROMISES,patient 38,ART D (mm(hg)^^ISO+),40640,40640,artifact
PROMISES,patient 38,ART D (mm(hg)^^ISO+),40640,40643,clean
PROMISES,patient 38,ART D (mm(hg)^^ISO+),40645,40645,artifact
PROMISES,patient 38,ART D (mm(hg)^^ISO+),40645,40671,clean
PROMISES,patient 38,ART D (mm(hg)^^ISO+),40672,40672,artifact
PROMISES,patient 38,ART D (mm(hg)^^ISO+),40672,40691,clean
PROMISES,patient 38,ART D (mm(hg)^^ISO+),40692,40692,artifact
PROMISES,patient 38,ART D (mm(hg)^^ISO+),40692,40731,clean
PROMISES,patient 38,ART D (mm(hg)^^ISO+),40732,40732,artifact
PROMISES,patient 38,ART D (mm(hg)^^ISO+),40732,40780,clean
PROMISES,patient 38,ART D (mm(hg)^^ISO+),40781,40781,artifact
PROMISES,patient 38,ART D (mm(hg)^^ISO+),40781,40901,clean
PROMISES,patient 38,ART D (mm(hg)^^ISO+),40903,40903,artifact
PROMISES,patient 38,ART D (mm(hg)^^ISO+),40903,40911,clean
PROMISES,patient 38,ART D (mm(hg)^^ISO+),40913,40913,artifact
PROMISES,patient 38,ART D (mm(hg)^^ISO+),40913,40981,clean
PROMISES,patient 38,ART D (mm(hg)^^ISO+),40983,40983,artifact
PROMISES,patient 38,ART D (mm(hg)^^ISO+),40983,40991,clean
PROMISES,patient 38,ART D (mm(hg)^^ISO+),40993,40993,artifact
PROMISES,patient 38,ART D (mm(hg)^^ISO+),40993,41011,clean
PROMISES,patient 38,ART D (mm(hg)^^ISO+),41013,41013,artifact
PROMISES,patient 38,ART D (mm(hg)^^ISO+),41013,41111,clean
PROMISES,patient 38,ART D (mm(hg)^^ISO+),41113,41113,artifact
PROMISES,patient 38,ART D (mm(hg)^^ISO+),41113,41227,clean
PROMISES,patient 38,ART D (mm(hg)^^ISO+),41228,41228,artifact
PROMISES,patient 38,ART D (mm(hg)^^ISO+),41228,41252,clean
PROMISES,patient 38,ART D (mm(hg)^^ISO+),41254,41254,artifact
PROMISES,patient 38,ART D (mm(hg)^^ISO+),41254,41271,clean
PROMISES,patient 38,ART D (mm(hg)^^ISO+),41272,41272,artifact
PROMISES,patient 38,ART D (mm(hg)^^ISO+),41272,41277,clean
PROMISES,patient 38,ART D (mm(hg)^^ISO+),41278,41278,artifact
PROMISES,patient 38,ART D (mm(hg)^^ISO+),41278,41289,clean
PROMISES,patient 38,ART D (mm(hg)^^ISO+),41291,41291,artifact
PROMISES,patient 38,ART D (mm(hg)^^ISO+),41291,41331,clean
PROMISES,patient 38,ART D (mm(hg)^^ISO+),41332,41332,artifact
PROMISES,patient 38,ART D (mm(hg)^^ISO+),41332,41364,clean
PROMISES,patient 38,ART D (mm(hg)^^ISO+),41365,41365,artifact
PROMISES,patient 38,ART D (mm(hg)^^ISO+),41365,41521,clean
PROMISES,patient 38,ART D (mm(hg)^^ISO+),41522,41522,artifact
PROMISES,patient 38,ART D (mm(hg)^^ISO+),41522,41573,clean
PROMISES,patient 38,ART D (mm(hg)^^ISO+),41575,41575,artifact
PROMISES,patient 38,ART D (mm(hg)^^ISO+),41575,41576,clean
PROMISES,patient 38,ART D (mm(hg)^^ISO+),41578,41578,artifact
PROMISES,patient 38,ART D (mm(hg)^^ISO+),41578,41641,clean
PROMISES,patient 38,ART D (mm(hg)^^ISO+),41642,41642,artifact
PROMISES,patient 38,ART D (mm(hg)^^ISO+),41642,41661,clean
PROMISES,patient 38,ART D (mm(hg)^^ISO+),41662,41662,artifact
PROMISES,patient 38,ART D (mm(hg)^^ISO+),41662,41664,clean
PROMISES,patient 38,ART D (mm(hg)^^ISO+),41665,41665,artifact
PROMISES,patient 38,ART D (mm(hg)^^ISO+),41665,41721,clean
PROMISES,patient 38,ART D (mm(hg)^^ISO+),41722,41722,artifact
PROMISES,patient 38,ART D (mm(hg)^^ISO+),41722,41731,clean
PROMISES,patient 38,ART D (mm(hg)^^ISO+),41732,41732,artifact
PROMISES,patient 38,ART D (mm(hg)^^ISO+),41732,41791,clean
PROMISES,patient 38,ART D (mm(hg)^^ISO+),41792,41792,artifact
PROMISES,patient 38,ART D (mm(hg)^^ISO+),41792,41891,clean
PROMISES,patient 38,ART D (mm(hg)^^ISO+),41892,41892,artifact
PROMISES,patient 38,ART D (mm(hg)^^ISO+),41892,41904,clean
PROMISES,patient 38,ART D (mm(hg)^^ISO+),41905,41905,artifact
PROMISES,patient 38,ART D (mm(hg)^^ISO+),41905,41951,clean
PROMISES,patient 38,ART D (mm(hg)^^ISO+),41952,41952,artifact
PROMISES,patient 38,ART D (mm(hg)^^ISO+),41952,42024,clean
PROMISES,patient 38,ART D (mm(hg)^^ISO+),42025,42025,artifact
PROMISES,patient 38,ART D (mm(hg)^^ISO+),42025,42071,clean
PROMISES,patient 38,ART D (mm(hg)^^ISO+),42072,42072,artifact
PROMISES,patient 38,ART D (mm(hg)^^ISO+),42072,42131,clean
PROMISES,patient 38,ART D (mm(hg)^^ISO+),42132,42132,artifact
PROMISES,patient 38,ART D (mm(hg)^^ISO+),42132,42132,clean
PROMISES,patient 38,ART D (mm(hg)^^ISO+),42134,42134,artifact
PROMISES,patient 38,ART D (mm(hg)^^ISO+),42134,42141,clean
PROMISES,patient 38,ART D (mm(hg)^^ISO+),42142,42142,artifact
PROMISES,patient 38,ART D (mm(hg)^^ISO+),42142,42166,clean
PROMISES,patient 38,ART D (mm(hg)^^ISO+),42167,42167,artifact
PROMISES,patient 38,ART D (mm(hg)^^ISO+),42167,42482,clean
PROMISES,patient 38,ART D (mm(hg)^^ISO+),42483,42565,artifact
PROMISES,patient 38,ART D (mm(hg)^^ISO+),42566,42634,clean
PROMISES,patient 38,ART D (mm(hg)^^ISO+),42635,42716,artifact
PROMISES,patient 38,ART D (mm(hg)^^ISO+),42717,49266,clean
PROMISES,patient 38,ART D (mm(hg)^^ISO+),49267,49303,artifact
PROMISES,patient 38,ART D (mm(hg)^^ISO+),49304,49334,clean
PROMISES,patient 38,ART D (mm(hg)^^ISO+),49335,49383,artifact
PROMISES,patient 38,ART D (mm(hg)^^ISO+),49384,49435,clean
PROMISES,patient 38,ART M (mm(hg)^^ISO+),31921,31921,clean
PROMISES,patient 38,ART M (mm(hg)^^ISO+),31922,31922,artifact
PROMISES,patient 38,ART M (mm(hg)^^ISO+),31922,31959,clean
PROMISES,patient 38,ART M (mm(hg)^^ISO+),31960,31960,artifact
PROMISES,patient 38,ART M (mm(hg)^^ISO+),31960,31971,clean
PROMISES,patient 38,ART M (mm(hg)^^ISO+),31972,31972,artifact
PROMISES,patient 38,ART M (mm(hg)^^ISO+),31972,32039,clean
PROMISES,patient 38,ART M (mm(hg)^^ISO+),32040,32040,artifact
PROMISES,patient 38,ART M (mm(hg)^^ISO+),32040,32081,clean
PROMISES,patient 38,ART M (mm(hg)^^ISO+),32082,32082,artifact
PROMISES,patient 38,ART M (mm(hg)^^ISO+),32082,32151,clean
PROMISES,patient 38,ART M (mm(hg)^^ISO+),32152,32152,artifact
PROMISES,patient 38,ART M (mm(hg)^^ISO+),32152,32584,clean
PROMISES,patient 38,ART M (mm(hg)^^ISO+),32585,32610,artifact
PROMISES,patient 38,ART M (mm(hg)^^ISO+),32611,35000,clean
PROMISES,patient 38,ART M (mm(hg)^^ISO+),35001,35034,artifact
PROMISES,patient 38,ART M (mm(hg)^^ISO+),35035,40043,clean
PROMISES,patient 38,ART M (mm(hg)^^ISO+),40044,40070,artifact
PROMISES,patient 38,ART M (mm(hg)^^ISO+),40071,40077,clean
PROMISES,patient 38,ART M (mm(hg)^^ISO+),40078,40291,artifact
PROMISES,patient 38,ART M (mm(hg)^^ISO+),40292,40395,clean
PROMISES,patient 38,ART M (mm(hg)^^ISO+),40396,40622,artifact
PROMISES,patient 38,ART M (mm(hg)^^ISO+),40622,40631,clean
PROMISES,patient 38,ART M (mm(hg)^^ISO+),40632,40632,artifact
PROMISES,patient 38,ART M (mm(hg)^^ISO+),40632,40638,clean
PROMISES,patient 38,ART M (mm(hg)^^ISO+),40640,40640,artifact
PROMISES,patient 38,ART M (mm(hg)^^ISO+),40640,40643,clean
PROMISES,patient 38,ART M (mm(hg)^^ISO+),40645,40645,artifact
PROMISES,patient 38,ART M (mm(hg)^^ISO+),40645,40671,clean
PROMISES,patient 38,ART M (mm(hg)^^ISO+),40672,40672,artifact
PROMISES,patient 38,ART M (mm(hg)^^ISO+),40672,40814,clean
PROMISES,patient 38,ART M (mm(hg)^^ISO+),40816,40816,artifact
PROMISES,patient 38,ART M (mm(hg)^^ISO+),40816,40824,clean
PROMISES,patient 38,ART M (mm(hg)^^ISO+),40825,40825,artifact
PROMISES,patient 38,ART M (mm(hg)^^ISO+),40825,40901,clean
PROMISES,patient 38,ART M (mm(hg)^^ISO+),40903,40903,artifact
PROMISES,patient 38,ART M (mm(hg)^^ISO+),40903,40911,clean
PROMISES,patient 38,ART M (mm(hg)^^ISO+),40913,40913,artifact
PROMISES,patient 38,ART M (mm(hg)^^ISO+),40913,40951,clean
PROMISES,patient 38,ART M (mm(hg)^^ISO+),40953,40953,artifact
PROMISES,patient 38,ART M (mm(hg)^^ISO+),40953,41081,clean
PROMISES,patient 38,ART M (mm(hg)^^ISO+),41083,41083,artifact
PROMISES,patient 38,ART M (mm(hg)^^ISO+),41083,41091,clean
PROMISES,patient 38,ART M (mm(hg)^^ISO+),41093,41093,artifact
PROMISES,patient 38,ART M (mm(hg)^^ISO+),41093,41111,clean
PROMISES,patient 38,ART M (mm(hg)^^ISO+),41113,41113,artifact
PROMISES,patient 38,ART M (mm(hg)^^ISO+),41113,41227,clean
PROMISES,patient 38,ART M (mm(hg)^^ISO+),41228,41228,artifact
PROMISES,patient 38,ART M (mm(hg)^^ISO+),41228,41236,clean
PROMISES,patient 38,ART M (mm(hg)^^ISO+),41238,41238,artifact
PROMISES,patient 38,ART M (mm(hg)^^ISO+),41238,41243,clean
PROMISES,patient 38,ART M (mm(hg)^^ISO+),41245,41245,artifact
PROMISES,patient 38,ART M (mm(hg)^^ISO+),41245,41247,clean
PROMISES,patient 38,ART M (mm(hg)^^ISO+),41248,41248,artifact
PROMISES,patient 38,ART M (mm(hg)^^ISO+),41248,41254,clean
PROMISES,patient 38,ART M (mm(hg)^^ISO+),41256,41256,artifact
PROMISES,patient 38,ART M (mm(hg)^^ISO+),41256,41260,clean
PROMISES,patient 38,ART M (mm(hg)^^ISO+),41262,41262,artifact
PROMISES,patient 38,ART M (mm(hg)^^ISO+),41262,41271,clean
PROMISES,patient 38,ART M (mm(hg)^^ISO+),41272,41272,artifact
PROMISES,patient 38,ART M (mm(hg)^^ISO+),41272,41280,clean
PROMISES,patient 38,ART M (mm(hg)^^ISO+),41282,41282,artifact
PROMISES,patient 38,ART M (mm(hg)^^ISO+),41282,41283,clean
PROMISES,patient 38,ART M (mm(hg)^^ISO+),41285,41285,artifact
PROMISES,patient 38,ART M (mm(hg)^^ISO+),41285,41289,clean
PROMISES,patient 38,ART M (mm(hg)^^ISO+),41291,41291,artifact
PROMISES,patient 38,ART M (mm(hg)^^ISO+),41291,41364,clean
PROMISES,patient 38,ART M (mm(hg)^^ISO+),41365,41365,artifact
PROMISES,patient 38,ART M (mm(hg)^^ISO+),41365,41381,clean
PROMISES,patient 38,ART M (mm(hg)^^ISO+),41382,41382,artifact
PROMISES,patient 38,ART M (mm(hg)^^ISO+),41382,41403,clean
PROMISES,patient 38,ART M (mm(hg)^^ISO+),41405,41405,artifact
PROMISES,patient 38,ART M (mm(hg)^^ISO+),41405,41497,clean
PROMISES,patient 38,ART M (mm(hg)^^ISO+),41498,41498,artifact
PROMISES,patient 38,ART M (mm(hg)^^ISO+),41498,41573,clean
PROMISES,patient 38,ART M (mm(hg)^^ISO+),41575,41575,artifact
PROMISES,patient 38,ART M (mm(hg)^^ISO+),41575,41581,clean
PROMISES,patient 38,ART M (mm(hg)^^ISO+),41582,41582,artifact
PROMISES,patient 38,ART M (mm(hg)^^ISO+),41582,41631,clean
PROMISES,patient 38,ART M (mm(hg)^^ISO+),41632,41632,artifact
PROMISES,patient 38,ART M (mm(hg)^^ISO+),41632,41651,clean
PROMISES,patient 38,ART M (mm(hg)^^ISO+),41652,41652,artifact
PROMISES,patient 38,ART M (mm(hg)^^ISO+),41652,41701,clean
PROMISES,patient 38,ART M (mm(hg)^^ISO+),41702,41702,artifact
PROMISES,patient 38,ART M (mm(hg)^^ISO+),41702,41751,clean
PROMISES,patient 38,ART M (mm(hg)^^ISO+),41752,41752,artifact
PROMISES,patient 38,ART M (mm(hg)^^ISO+),41752,41791,clean
PROMISES,patient 38,ART M (mm(hg)^^ISO+),41792,41792,artifact
PROMISES,patient 38,ART M (mm(hg)^^ISO+),41792,41801,clean
PROMISES,patient 38,ART M (mm(hg)^^ISO+),41802,41802,artifact
PROMISES,patient 38,ART M (mm(hg)^^ISO+),41802,41811,clean
PROMISES,patient 38,ART M (mm(hg)^^ISO+),41812,41812,artifact
PROMISES,patient 38,ART M (mm(hg)^^ISO+),41812,41821,clean
PROMISES,patient 38,ART M (mm(hg)^^ISO+),41822,41822,artifact
PROMISES,patient 38,ART M (mm(hg)^^ISO+),41822,41851,clean
PROMISES,patient 38,ART M (mm(hg)^^ISO+),41852,41852,artifact
PROMISES,patient 38,ART M (mm(hg)^^ISO+),41852,41881,clean
PROMISES,patient 38,ART M (mm(hg)^^ISO+),41882,41882,artifact
PROMISES,patient 38,ART M (mm(hg)^^ISO+),41882,41911,clean
PROMISES,patient 38,ART M (mm(hg)^^ISO+),41912,41912,artifact
PROMISES,patient 38,ART M (mm(hg)^^ISO+),41912,41921,clean
PROMISES,patient 38,ART M (mm(hg)^^ISO+),41922,41922,artifact
PROMISES,patient 38,ART M (mm(hg)^^ISO+),41922,41931,clean
PROMISES,patient 38,ART M (mm(hg)^^ISO+),41932,41932,artifact
PROMISES,patient 38,ART M (mm(hg)^^ISO+),41932,41971,clean
PROMISES,patient 38,ART M (mm(hg)^^ISO+),41972,41972,artifact
PROMISES,patient 38,ART M (mm(hg)^^ISO+),41972,41981,clean
PROMISES,patient 38,ART M (mm(hg)^^ISO+),41982,41982,artifact
PROMISES,patient 38,ART M (mm(hg)^^ISO+),41982,42001,clean
PROMISES,patient 38,ART M (mm(hg)^^ISO+),42002,42002,artifact
PROMISES,patient 38,ART M (mm(hg)^^ISO+),42002,42024,clean
PROMISES,patient 38,ART M (mm(hg)^^ISO+),42025,42025,artifact
PROMISES,patient 38,ART M (mm(hg)^^ISO+),42025,42041,clean
PROMISES,patient 38,ART M (mm(hg)^^ISO+),42042,42042,artifact
PROMISES,patient 38,ART M (mm(hg)^^ISO+),42042,42061,clean
PROMISES,patient 38,ART M (mm(hg)^^ISO+),42062,42062,artifact
PROMISES,patient 38,ART M (mm(hg)^^ISO+),42062,42091,clean
PROMISES,patient 38,ART M (mm(hg)^^ISO+),42092,42092,artifact
PROMISES,patient 38,ART M (mm(hg)^^ISO+),42092,42121,clean
PROMISES,patient 38,ART M (mm(hg)^^ISO+),42122,42122,artifact
PROMISES,patient 38,ART M (mm(hg)^^ISO+),42122,42137,clean
PROMISES,patient 38,ART M (mm(hg)^^ISO+),42139,42139,artifact
PROMISES,patient 38,ART M (mm(hg)^^ISO+),42139,42141,clean
PROMISES,patient 38,ART M (mm(hg)^^ISO+),42142,42142,artifact
PROMISES,patient 38,ART M (mm(hg)^^ISO+),42142,42166,clean
PROMISES,patient 38,ART M (mm(hg)^^ISO+),42167,42167,artifact
PROMISES,patient 38,ART M (mm(hg)^^ISO+),42167,42169,clean
PROMISES,patient 38,ART M (mm(hg)^^ISO+),42171,42171,artifact
PROMISES,patient 38,ART M (mm(hg)^^ISO+),42171,42482,clean
PROMISES,patient 38,ART M (mm(hg)^^ISO+),42483,42565,artifact
PROMISES,patient 38,ART M (mm(hg)^^ISO+),42566,42634,clean
PROMISES,patient 38,ART M (mm(hg)^^ISO+),42635,42716,artifact
PROMISES,patient 38,ART M (mm(hg)^^ISO+),42717,49266,clean
PROMISES,patient 38,ART M (mm(hg)^^ISO+),49267,49303,artifact
PROMISES,patient 38,ART M (mm(hg)^^ISO+),49304,49334,clean
PROMISES,patient 38,ART M (mm(hg)^^ISO+),49335,49383,artifact
PROMISES,patient 38,ART M (mm(hg)^^ISO+),49384,49435,clean
PROMISES,patient 41,ART S (mm(hg)^^ISO+),34179,39810,clean
PROMISES,patient 41,ART S (mm(hg)^^ISO+),39811,39831,artifact
PROMISES,patient 41,ART S (mm(hg)^^ISO+),39832,41591,clean
PROMISES,patient 41,ART D (mm(hg)^^ISO+),34179,39810,clean
PROMISES,patient 41,ART D (mm(hg)^^ISO+),39811,39831,artifact
PROMISES,patient 41,ART D (mm(hg)^^ISO+),39832,41591,clean
PROMISES,patient 41,ART M (mm(hg)^^ISO+),34179,39810,clean
PROMISES,patient 41,ART M (mm(hg)^^ISO+),39811,39831,artifact
PROMISES,patient 41,ART M (mm(hg)^^ISO+),39832,41591,clean
PROMISES,patient 42,ART D (mm(hg)^^ISO+),49613,57217,clean
PROMISES,patient 42,ART S (mm(hg)^^ISO+),49613,57217,clean
PROMISES,patient 42,ART M (mm(hg)^^ISO+),49613,57217,clean
PROMISES,patient 42,S_change,49613,49613,clean
PROMISES,patient 42,S_change,49614,57217,artifact
PROMISES,patient 42,D_change,49613,49613,clean
PROMISES,patient 42,D_change,49614,57217,artifact
PROMISES,patient 42,M_change,49613,49613,clean
PROMISES,patient 42,M_change,49614,57217,artifact
PROMISES,patient 42,keep,49613,57217,artifact
PROMISES,patient 42,artifact_reason,49613,57217,clean
PROMISES,patient 42,datetime,49613,57217,artifact
PROMISES,patient 43,ART S (mm(hg)^^ISO+),31881,32697,clean
PROMISES,patient 43,ART S (mm(hg)^^ISO+),32698,32698,artifact
PROMISES,patient 43,ART S (mm(hg)^^ISO+),32698,37487,clean
PROMISES,patient 43,ART S (mm(hg)^^ISO+),37488,37515,artifact
PROMISES,patient 43,ART S (mm(hg)^^ISO+),37516,43998,clean
PROMISES,patient 43,ART S (mm(hg)^^ISO+),43999,44029,artifact
PROMISES,patient 43,ART S (mm(hg)^^ISO+),44030,47523,clean
PROMISES,patient 43,ART S (mm(hg)^^ISO+),47524,47524,artifact
PROMISES,patient 43,ART S (mm(hg)^^ISO+),47524,47573,clean
PROMISES,patient 43,ART S (mm(hg)^^ISO+),47574,47574,artifact
PROMISES,patient 43,ART S (mm(hg)^^ISO+),47574,47583,clean
PROMISES,patient 43,ART S (mm(hg)^^ISO+),47584,47584,artifact
PROMISES,patient 43,ART S (mm(hg)^^ISO+),47584,47643,clean
PROMISES,patient 43,ART S (mm(hg)^^ISO+),47644,47644,artifact
PROMISES,patient 43,ART S (mm(hg)^^ISO+),47644,47703,clean
PROMISES,patient 43,ART S (mm(hg)^^ISO+),47704,47704,artifact
PROMISES,patient 43,ART S (mm(hg)^^ISO+),47704,48095,clean
PROMISES,patient 43,ART D (mm(hg)^^ISO+),31881,37487,clean
PROMISES,patient 43,ART D (mm(hg)^^ISO+),37488,37515,artifact
PROMISES,patient 43,ART D (mm(hg)^^ISO+),37516,43998,clean
PROMISES,patient 43,ART D (mm(hg)^^ISO+),43999,44029,artifact
PROMISES,patient 43,ART D (mm(hg)^^ISO+),44030,47563,clean
PROMISES,patient 43,ART D (mm(hg)^^ISO+),47564,47564,artifact
PROMISES,patient 43,ART D (mm(hg)^^ISO+),47564,47573,clean
PROMISES,patient 43,ART D (mm(hg)^^ISO+),47574,47574,artifact
PROMISES,patient 43,ART D (mm(hg)^^ISO+),47574,47623,clean
PROMISES,patient 43,ART D (mm(hg)^^ISO+),47624,47624,artifact
PROMISES,patient 43,ART D (mm(hg)^^ISO+),47624,47653,clean
PROMISES,patient 43,ART D (mm(hg)^^ISO+),47654,47654,artifact
PROMISES,patient 43,ART D (mm(hg)^^ISO+),47654,47693,clean
PROMISES,patient 43,ART D (mm(hg)^^ISO+),47694,47694,artifact
PROMISES,patient 43,ART D (mm(hg)^^ISO+),47694,48095,clean
PROMISES,patient 43,ART M (mm(hg)^^ISO+),31881,32697,clean
PROMISES,patient 43,ART M (mm(hg)^^ISO+),32698,32698,artifact
PROMISES,patient 43,ART M (mm(hg)^^ISO+),32698,37487,clean
PROMISES,patient 43,ART M (mm(hg)^^ISO+),37488,37515,artifact
PROMISES,patient 43,ART M (mm(hg)^^ISO+),37516,43998,clean
PROMISES,patient 43,ART M (mm(hg)^^ISO+),43999,44029,artifact
PROMISES,patient 43,ART M (mm(hg)^^ISO+),44030,47563,clean
PROMISES,patient 43,ART M (mm(hg)^^ISO+),47564,47564,artifact
PROMISES,patient 43,ART M (mm(hg)^^ISO+),47564,47573,clean
PROMISES,patient 43,ART M (mm(hg)^^ISO+),47574,47574,artifact
PROMISES,patient 43,ART M (mm(hg)^^ISO+),47574,47623,clean
PROMISES,patient 43,ART M (mm(hg)^^ISO+),47624,47624,artifact
PROMISES,patient 43,ART M (mm(hg)^^ISO+),47624,47693,clean
PROMISES,patient 43,ART M (mm(hg)^^ISO+),47694,47694,artifact
PROMISES,patient 43,ART M (mm(hg)^^ISO+),47694,48095,clean
PROMISES,patient 44,ART S (mm(hg)^^ISO+),33157,33285,clean
PROMISES,patient 44,ART S (mm(hg)^^ISO+),33286,33309,artifact
PROMISES,patient 44,ART S (mm(hg)^^ISO+),33310,34010,clean
PROMISES,patient 44,ART S (mm(hg)^^ISO+),34011,34042,artifact
PROMISES,patient 44,ART S (mm(hg)^^ISO+),34043,37422,clean
PROMISES,patient 44,ART S (mm(hg)^^ISO+),37423,37423,artifact
PROMISES,patient 44,ART S (mm(hg)^^ISO+),37423,37438,clean
PROMISES,patient 44,ART S (mm(hg)^^ISO+),37439,37439,artifact
PROMISES,patient 44,ART S (mm(hg)^^ISO+),37439,37474,clean
PROMISES,patient 44,ART S (mm(hg)^^ISO+),37475,37475,artifact
PROMISES,patient 44,ART S (mm(hg)^^ISO+),37475,37524,clean
PROMISES,patient 44,ART S (mm(hg)^^ISO+),37525,37525,artifact
PROMISES,patient 44,ART S (mm(hg)^^ISO+),37525,37544,clean
PROMISES,patient 44,ART S (mm(hg)^^ISO+),37545,37545,artifact
PROMISES,patient 44,ART S (mm(hg)^^ISO+),37545,37564,clean
PROMISES,patient 44,ART S (mm(hg)^^ISO+),37565,37565,artifact
PROMISES,patient 44,ART S (mm(hg)^^ISO+),37565,37594,clean
PROMISES,patient 44,ART S (mm(hg)^^ISO+),37595,37595,artifact
PROMISES,patient 44,ART S (mm(hg)^^ISO+),37595,37624,clean
PROMISES,patient 44,ART S (mm(hg)^^ISO+),37625,37625,artifact
PROMISES,patient 44,ART S (mm(hg)^^ISO+),37625,39478,clean
PROMISES,patient 44,ART S (mm(hg)^^ISO+),39479,39501,artifact
PROMISES,patient 44,ART S (mm(hg)^^ISO+),39502,39959,clean
PROMISES,patient 44,ART S (mm(hg)^^ISO+),39960,39983,artifact
PROMISES,patient 44,ART S (mm(hg)^^ISO+),39984,43219,clean
PROMISES,patient 44,ART S (mm(hg)^^ISO+),43220,43222,artifact
PROMISES,patient 44,ART S (mm(hg)^^ISO+),43223,44100,clean
PROMISES,patient 44,ART D (mm(hg)^^ISO+),33157,33285,clean
PROMISES,patient 44,ART D (mm(hg)^^ISO+),33286,33309,artifact
PROMISES,patient 44,ART D (mm(hg)^^ISO+),33310,34010,clean
PROMISES,patient 44,ART D (mm(hg)^^ISO+),34011,34042,artifact
PROMISES,patient 44,ART D (mm(hg)^^ISO+),34043,37438,clean
PROMISES,patient 44,ART D (mm(hg)^^ISO+),37439,37439,artifact
PROMISES,patient 44,ART D (mm(hg)^^ISO+),37439,37494,clean
PROMISES,patient 44,ART D (mm(hg)^^ISO+),37495,37495,artifact
PROMISES,patient 44,ART D (mm(hg)^^ISO+),37495,37514,clean
PROMISES,patient 44,ART D (mm(hg)^^ISO+),37515,37515,artifact
PROMISES,patient 44,ART D (mm(hg)^^ISO+),37515,37584,clean
PROMISES,patient 44,ART D (mm(hg)^^ISO+),37585,37585,artifact
PROMISES,patient 44,ART D (mm(hg)^^ISO+),37585,37604,clean
PROMISES,patient 44,ART D (mm(hg)^^ISO+),37605,37605,artifact
PROMISES,patient 44,ART D (mm(hg)^^ISO+),37605,39478,clean
PROMISES,patient 44,ART D (mm(hg)^^ISO+),39479,39501,artifact
PROMISES,patient 44,ART D (mm(hg)^^ISO+),39502,39959,clean
PROMISES,patient 44,ART D (mm(hg)^^ISO+),39960,39983,artifact
PROMISES,patient 44,ART D (mm(hg)^^ISO+),39984,44100,clean
PROMISES,patient 44,ART M (mm(hg)^^ISO+),33157,33285,clean
PROMISES,patient 44,ART M (mm(hg)^^ISO+),33286,33309,artifact
PROMISES,patient 44,ART M (mm(hg)^^ISO+),33310,34010,clean
PROMISES,patient 44,ART M (mm(hg)^^ISO+),34011,34042,artifact
PROMISES,patient 44,ART M (mm(hg)^^ISO+),34043,37422,clean
PROMISES,patient 44,ART M (mm(hg)^^ISO+),37423,37423,artifact
PROMISES,patient 44,ART M (mm(hg)^^ISO+),37423,37434,clean
PROMISES,patient 44,ART M (mm(hg)^^ISO+),37435,37435,artifact
PROMISES,patient 44,ART M (mm(hg)^^ISO+),37435,37514,clean
PROMISES,patient 44,ART M (mm(hg)^^ISO+),37515,37515,artifact
PROMISES,patient 44,ART M (mm(hg)^^ISO+),37515,37534,clean
PROMISES,patient 44,ART M (mm(hg)^^ISO+),37535,37535,artifact
PROMISES,patient 44,ART M (mm(hg)^^ISO+),37535,37564,clean
PROMISES,patient 44,ART M (mm(hg)^^ISO+),37565,37565,artifact
PROMISES,patient 44,ART M (mm(hg)^^ISO+),37565,37594,clean
PROMISES,patient 44,ART M (mm(hg)^^ISO+),37595,37595,artifact
PROMISES,patient 44,ART M (mm(hg)^^ISO+),37595,37624,clean
PROMISES,patient 44,ART M (mm(hg)^^ISO+),37625,37625,artifact
PROMISES,patient 44,ART M (mm(hg)^^ISO+),37625,39478,clean
PROMISES,patient 44,ART M (mm(hg)^^ISO+),39479,39501,artifact
PROMISES,patient 44,ART M (mm(hg)^^ISO+),39502,39959,clean
PROMISES,patient 44,ART M (mm(hg)^^ISO+),39960,39983,artifact
PROMISES,patient 44,ART M (mm(hg)^^ISO+),39984,43219,clean
PROMISES,patient 44,ART M (mm(hg)^^ISO+),43220,43222,artifact
PROMISES,patient 44,ART M (mm(hg)^^ISO+),43223,43223,clean
PROMISES,patient 44,ART M (mm(hg)^^ISO+),43224,43225,artifact
PROMISES,patient 44,ART M (mm(hg)^^ISO+),43220,44100,clean
PROMISES,patient 46,ART S (mm(hg)^^ISO+),35051,35065,clean
PROMISES,patient 46,ART S (mm(hg)^^ISO+),35066,35118,artifact
PROMISES,patient 46,ART S (mm(hg)^^ISO+),35119,36341,clean
PROMISES,patient 46,ART S (mm(hg)^^ISO+),36342,36383,artifact
PROMISES,patient 46,ART S (mm(hg)^^ISO+),36384,36885,clean
PROMISES,patient 46,ART S (mm(hg)^^ISO+),36886,36913,artifact
PROMISES,patient 46,ART S (mm(hg)^^ISO+),36914,44821,clean
PROMISES,patient 46,ART S (mm(hg)^^ISO+),44822,44882,artifact
PROMISES,patient 46,ART S (mm(hg)^^ISO+),44883,45338,clean
PROMISES,patient 46,ART S (mm(hg)^^ISO+),45339,45449,artifact
PROMISES,patient 46,ART S (mm(hg)^^ISO+),45450,45488,clean
PROMISES,patient 46,ART S (mm(hg)^^ISO+),45489,45509,artifact
PROMISES,patient 46,ART S (mm(hg)^^ISO+),45510,45517,clean
PROMISES,patient 46,ART S (mm(hg)^^ISO+),45518,45547,artifact
PROMISES,patient 46,ART S (mm(hg)^^ISO+),45548,45798,clean
PROMISES,patient 46,ART S (mm(hg)^^ISO+),45799,45829,artifact
PROMISES,patient 46,ART S (mm(hg)^^ISO+),45830,46183,clean
PROMISES,patient 46,ART S (mm(hg)^^ISO+),46184,46287,artifact
PROMISES,patient 46,ART S (mm(hg)^^ISO+),46288,46302,clean
PROMISES,patient 46,ART S (mm(hg)^^ISO+),46303,46349,artifact
PROMISES,patient 46,ART S (mm(hg)^^ISO+),46350,47346,clean
PROMISES,patient 46,ART S (mm(hg)^^ISO+),47347,47377,artifact
PROMISES,patient 46,ART S (mm(hg)^^ISO+),47378,49587,clean
PROMISES,patient 46,ART S (mm(hg)^^ISO+),49588,49639,artifact
PROMISES,patient 46,ART S (mm(hg)^^ISO+),49640,50988,clean
PROMISES,patient 46,ART S (mm(hg)^^ISO+),50989,51110,artifact
PROMISES,patient 46,ART S (mm(hg)^^ISO+),51111,53469,clean
PROMISES,patient 46,ART S (mm(hg)^^ISO+),53470,53500,artifact
PROMISES,patient 46,ART S (mm(hg)^^ISO+),53501,54327,clean
PROMISES,patient 46,ART S (mm(hg)^^ISO+),54328,54361,artifact
PROMISES,patient 46,ART S (mm(hg)^^ISO+),54362,54650,clean
PROMISES,patient 46,ART S (mm(hg)^^ISO+),54651,54693,artifact
PROMISES,patient 46,ART S (mm(hg)^^ISO+),54694,55540,clean
PROMISES,patient 46,ART S (mm(hg)^^ISO+),55542,55542,artifact
PROMISES,patient 46,ART S (mm(hg)^^ISO+),55542,55542,clean
PROMISES,patient 46,ART S (mm(hg)^^ISO+),55544,55544,artifact
PROMISES,patient 46,ART S (mm(hg)^^ISO+),55544,55558,clean
PROMISES,patient 46,ART S (mm(hg)^^ISO+),55559,55559,artifact
PROMISES,patient 46,ART S (mm(hg)^^ISO+),55559,55608,clean
PROMISES,patient 46,ART S (mm(hg)^^ISO+),55609,55609,artifact
PROMISES,patient 46,ART S (mm(hg)^^ISO+),55609,55618,clean
PROMISES,patient 46,ART S (mm(hg)^^ISO+),55619,55619,artifact
PROMISES,patient 46,ART S (mm(hg)^^ISO+),55619,55698,clean
PROMISES,patient 46,ART S (mm(hg)^^ISO+),55699,55699,artifact
PROMISES,patient 46,ART S (mm(hg)^^ISO+),55699,55846,clean
PROMISES,patient 46,ART S (mm(hg)^^ISO+),55847,55867,artifact
PROMISES,patient 46,ART S (mm(hg)^^ISO+),55868,56034,clean
PROMISES,patient 46,ART S (mm(hg)^^ISO+),56035,56066,artifact
PROMISES,patient 46,ART S (mm(hg)^^ISO+),56067,56384,clean
PROMISES,patient 46,ART S (mm(hg)^^ISO+),56385,56427,artifact
PROMISES,patient 46,ART S (mm(hg)^^ISO+),56428,56591,clean
PROMISES,patient 46,ART S (mm(hg)^^ISO+),56592,56626,artifact
PROMISES,patient 46,ART S (mm(hg)^^ISO+),56627,56641,clean
PROMISES,patient 46,ART S (mm(hg)^^ISO+),56642,56689,artifact
PROMISES,patient 46,ART S (mm(hg)^^ISO+),56690,56729,clean
PROMISES,patient 46,ART S (mm(hg)^^ISO+),56730,56750,artifact
PROMISES,patient 46,ART S (mm(hg)^^ISO+),56751,56803,clean
PROMISES,patient 46,ART S (mm(hg)^^ISO+),56804,56845,artifact
PROMISES,patient 46,ART S (mm(hg)^^ISO+),56846,56878,clean
PROMISES,patient 46,ART S (mm(hg)^^ISO+),56879,57015,artifact
PROMISES,patient 46,ART S (mm(hg)^^ISO+),57016,57065,clean
PROMISES,patient 46,ART S (mm(hg)^^ISO+),57066,60269,artifact
PROMISES,patient 46,ART D (mm(hg)^^ISO+),35051,35065,clean
PROMISES,patient 46,ART D (mm(hg)^^ISO+),35066,35118,artifact
PROMISES,patient 46,ART D (mm(hg)^^ISO+),35119,36341,clean
PROMISES,patient 46,ART D (mm(hg)^^ISO+),36342,36383,artifact
PROMISES,patient 46,ART D (mm(hg)^^ISO+),36384,36885,clean
PROMISES,patient 46,ART D (mm(hg)^^ISO+),36886,36913,artifact
PROMISES,patient 46,ART D (mm(hg)^^ISO+),36914,44821,clean
PROMISES,patient 46,ART D (mm(hg)^^ISO+),44822,44882,artifact
PROMISES,patient 46,ART D (mm(hg)^^ISO+),44883,45338,clean
PROMISES,patient 46,ART D (mm(hg)^^ISO+),45339,45449,artifact
PROMISES,patient 46,ART D (mm(hg)^^ISO+),45450,45488,clean
PROMISES,patient 46,ART D (mm(hg)^^ISO+),45489,45509,artifact
PROMISES,patient 46,ART D (mm(hg)^^ISO+),45510,45517,clean
PROMISES,patient 46,ART D (mm(hg)^^ISO+),45518,45547,artifact
PROMISES,patient 46,ART D (mm(hg)^^ISO+),45548,45798,clean
PROMISES,patient 46,ART D (mm(hg)^^ISO+),45799,45829,artifact
PROMISES,patient 46,ART D (mm(hg)^^ISO+),45830,46183,clean
PROMISES,patient 46,ART D (mm(hg)^^ISO+),46184,46287,artifact
PROMISES,patient 46,ART D (mm(hg)^^ISO+),46288,46302,clean
PROMISES,patient 46,ART D (mm(hg)^^ISO+),46303,46349,artifact
PROMISES,patient 46,ART D (mm(hg)^^ISO+),46350,47346,clean
PROMISES,patient 46,ART D (mm(hg)^^ISO+),47347,47377,artifact
PROMISES,patient 46,ART D (mm(hg)^^ISO+),47378,49508,clean
PROMISES,patient 46,ART D (mm(hg)^^ISO+),49509,49509,artifact
PROMISES,patient 46,ART D (mm(hg)^^ISO+),49509,49578,clean
PROMISES,patient 46,ART D (mm(hg)^^ISO+),49579,49579,artifact
PROMISES,patient 46,ART D (mm(hg)^^ISO+),49579,49587,clean
PROMISES,patient 46,ART D (mm(hg)^^ISO+),49588,49639,artifact
PROMISES,patient 46,ART D (mm(hg)^^ISO+),49640,50988,clean
PROMISES,patient 46,ART D (mm(hg)^^ISO+),50989,51110,artifact
PROMISES,patient 46,ART D (mm(hg)^^ISO+),51111,53469,clean
PROMISES,patient 46,ART D (mm(hg)^^ISO+),53470,53500,artifact
PROMISES,patient 46,ART D (mm(hg)^^ISO+),53501,54327,clean
PROMISES,patient 46,ART D (mm(hg)^^ISO+),54328,54361,artifact
PROMISES,patient 46,ART D (mm(hg)^^ISO+),54362,54650,clean
PROMISES,patient 46,ART D (mm(hg)^^ISO+),54651,54693,artifact
PROMISES,patient 46,ART D (mm(hg)^^ISO+),54694,55608,clean
PROMISES,patient 46,ART D (mm(hg)^^ISO+),55609,55609,artifact
PROMISES,patient 46,ART D (mm(hg)^^ISO+),55609,55658,clean
PROMISES,patient 46,ART D (mm(hg)^^ISO+),55659,55659,artifact
PROMISES,patient 46,ART D (mm(hg)^^ISO+),55659,55846,clean
PROMISES,patient 46,ART D (mm(hg)^^ISO+),55847,55867,artifact
PROMISES,patient 46,ART D (mm(hg)^^ISO+),55868,56034,clean
PROMISES,patient 46,ART D (mm(hg)^^ISO+),56035,56066,artifact
PROMISES,patient 46,ART D (mm(hg)^^ISO+),56067,56384,clean
PROMISES,patient 46,ART D (mm(hg)^^ISO+),56385,56427,artifact
PROMISES,patient 46,ART D (mm(hg)^^ISO+),56428,56591,clean
PROMISES,patient 46,ART D (mm(hg)^^ISO+),56592,56626,artifact
PROMISES,patient 46,ART D (mm(hg)^^ISO+),56627,56641,clean
PROMISES,patient 46,ART D (mm(hg)^^ISO+),56642,56689,artifact
PROMISES,patient 46,ART D (mm(hg)^^ISO+),56690,56729,clean
PROMISES,patient 46,ART D (mm(hg)^^ISO+),56730,56750,artifact
PROMISES,patient 46,ART D (mm(hg)^^ISO+),56751,56803,clean
PROMISES,patient 46,ART D (mm(hg)^^ISO+),56804,56845,artifact
PROMISES,patient 46,ART D (mm(hg)^^ISO+),56846,56878,clean
PROMISES,patient 46,ART D (mm(hg)^^ISO+),56879,57015,artifact
PROMISES,patient 46,ART D (mm(hg)^^ISO+),57016,57065,clean
PROMISES,patient 46,ART D (mm(hg)^^ISO+),57066,60269,artifact
PROMISES,patient 46,ART M (mm(hg)^^ISO+),35051,35065,clean
PROMISES,patient 46,ART M (mm(hg)^^ISO+),35066,35118,artifact
PROMISES,patient 46,ART M (mm(hg)^^ISO+),35119,36341,clean
PROMISES,patient 46,ART M (mm(hg)^^ISO+),36342,36383,artifact
PROMISES,patient 46,ART M (mm(hg)^^ISO+),36384,36885,clean
PROMISES,patient 46,ART M (mm(hg)^^ISO+),36886,36913,artifact
PROMISES,patient 46,ART M (mm(hg)^^ISO+),36914,44821,clean
PROMISES,patient 46,ART M (mm(hg)^^ISO+),44822,44882,artifact
PROMISES,patient 46,ART M (mm(hg)^^ISO+),44883,45338,clean
PROMISES,patient 46,ART M (mm(hg)^^ISO+),45339,45449,artifact
PROMISES,patient 46,ART M (mm(hg)^^ISO+),45450,45488,clean
PROMISES,patient 46,ART M (mm(hg)^^ISO+),45489,45509,artifact
PROMISES,patient 46,ART M (mm(hg)^^ISO+),45510,45517,clean
PROMISES,patient 46,ART M (mm(hg)^^ISO+),45518,45547,artifact
PROMISES,patient 46,ART M (mm(hg)^^ISO+),45548,45798,clean
PROMISES,patient 46,ART M (mm(hg)^^ISO+),45799,45829,artifact
PROMISES,patient 46,ART M (mm(hg)^^ISO+),45830,46183,clean
PROMISES,patient 46,ART M (mm(hg)^^ISO+),46184,46287,artifact
PROMISES,patient 46,ART M (mm(hg)^^ISO+),46288,46302,clean
PROMISES,patient 46,ART M (mm(hg)^^ISO+),46303,46349,artifact
PROMISES,patient 46,ART M (mm(hg)^^ISO+),46350,47346,clean
PROMISES,patient 46,ART M (mm(hg)^^ISO+),47347,47377,artifact
PROMISES,patient 46,ART M (mm(hg)^^ISO+),47378,49498,clean
PROMISES,patient 46,ART M (mm(hg)^^ISO+),49499,49499,artifact
PROMISES,patient 46,ART M (mm(hg)^^ISO+),49499,49587,clean
PROMISES,patient 46,ART M (mm(hg)^^ISO+),49588,49639,artifact
PROMISES,patient 46,ART M (mm(hg)^^ISO+),49640,50988,clean
PROMISES,patient 46,ART M (mm(hg)^^ISO+),50989,51110,artifact
PROMISES,patient 46,ART M (mm(hg)^^ISO+),51111,53469,clean
PROMISES,patient 46,ART M (mm(hg)^^ISO+),53470,53500,artifact
PROMISES,patient 46,ART M (mm(hg)^^ISO+),53501,54327,clean
PROMISES,patient 46,ART M (mm(hg)^^ISO+),54328,54361,artifact
PROMISES,patient 46,ART M (mm(hg)^^ISO+),54362,54650,clean
PROMISES,patient 46,ART M (mm(hg)^^ISO+),54651,54693,artifact
PROMISES,patient 46,ART M (mm(hg)^^ISO+),54694,55540,clean
PROMISES,patient 46,ART M (mm(hg)^^ISO+),55542,55542,artifact
PROMISES,patient 46,ART M (mm(hg)^^ISO+),55542,55588,clean
PROMISES,patient 46,ART M (mm(hg)^^ISO+),55589,55589,artifact
PROMISES,patient 46,ART M (mm(hg)^^ISO+),55589,55846,clean
PROMISES,patient 46,ART M (mm(hg)^^ISO+),55847,55867,artifact
PROMISES,patient 46,ART M (mm(hg)^^ISO+),55868,56034,clean
PROMISES,patient 46,ART M (mm(hg)^^ISO+),56035,56066,artifact
PROMISES,patient 46,ART M (mm(hg)^^ISO+),56067,56384,clean
PROMISES,patient 46,ART M (mm(hg)^^ISO+),56385,56427,artifact
PROMISES,patient 46,ART M (mm(hg)^^ISO+),56428,56591,clean
PROMISES,patient 46,ART M (mm(hg)^^ISO+),56592,56626,artifact
PROMISES,patient 46,ART M (mm(hg)^^ISO+),56627,56641,clean
PROMISES,patient 46,ART M (mm(hg)^^ISO+),56642,56689,artifact
PROMISES,patient 46,ART M (mm(hg)^^ISO+),56690,56729,clean
PROMISES,patient 46,ART M (mm(hg)^^ISO+),56730,56750,artifact
PROMISES,patient 46,ART M (mm(hg)^^ISO+),56751,56803,clean
PROMISES,patient 46,ART M (mm(hg)^^ISO+),56804,56845,artifact
PROMISES,patient 46,ART M (mm(hg)^^ISO+),56846,56878,clean
PROMISES,patient 46,ART M (mm(hg)^^ISO+),56879,57015,artifact
PROMISES,patient 46,ART M (mm(hg)^^ISO+),57016,57065,clean
PROMISES,patient 46,ART M (mm(hg)^^ISO+),57066,60269,artifact
PROMISES,patient 47,ART S (mm(hg)^^ISO+),32556,34334,clean
PROMISES,patient 47,ART S (mm(hg)^^ISO+),34335,34335,artifact
PROMISES,patient 47,ART S (mm(hg)^^ISO+),34335,39652,clean
PROMISES,patient 47,ART S (mm(hg)^^ISO+),39653,39682,artifact
PROMISES,patient 47,ART S (mm(hg)^^ISO+),39683,43222,clean
PROMISES,patient 47,ART S (mm(hg)^^ISO+),43223,43223,artifact
PROMISES,patient 47,ART S (mm(hg)^^ISO+),43224,43225,clean
PROMISES,patient 47,ART S (mm(hg)^^ISO+),43226,43230,artifact
PROMISES,patient 47,ART S (mm(hg)^^ISO+),43223,45406,clean
PROMISES,patient 47,ART D (mm(hg)^^ISO+),32556,39652,clean
PROMISES,patient 47,ART D (mm(hg)^^ISO+),39653,39682,artifact
PROMISES,patient 47,ART D (mm(hg)^^ISO+),39683,39821,clean
PROMISES,patient 47,ART D (mm(hg)^^ISO+),39822,39822,artifact
PROMISES,patient 47,ART D (mm(hg)^^ISO+),39822,43222,clean
PROMISES,patient 47,ART D (mm(hg)^^ISO+),43223,43223,artifact
PROMISES,patient 47,ART D (mm(hg)^^ISO+),43224,43226,clean
PROMISES,patient 47,ART D (mm(hg)^^ISO+),43227,43230,artifact
PROMISES,patient 47,ART D (mm(hg)^^ISO+),43223,45223,clean
PROMISES,patient 47,ART D (mm(hg)^^ISO+),45224,45224,artifact
PROMISES,patient 47,ART D (mm(hg)^^ISO+),45224,45234,clean
PROMISES,patient 47,ART D (mm(hg)^^ISO+),45236,45236,artifact
PROMISES,patient 47,ART D (mm(hg)^^ISO+),45236,45246,clean
PROMISES,patient 47,ART D (mm(hg)^^ISO+),45247,45247,artifact
PROMISES,patient 47,ART D (mm(hg)^^ISO+),45247,45328,clean
PROMISES,patient 47,ART D (mm(hg)^^ISO+),45329,45329,artifact
PROMISES,patient 47,ART D (mm(hg)^^ISO+),45329,45336,clean
PROMISES,patient 47,ART D (mm(hg)^^ISO+),45338,45338,artifact
PROMISES,patient 47,ART D (mm(hg)^^ISO+),45338,45376,clean
PROMISES,patient 47,ART D (mm(hg)^^ISO+),45378,45378,artifact
PROMISES,patient 47,ART D (mm(hg)^^ISO+),45378,45378,clean
PROMISES,patient 47,ART D (mm(hg)^^ISO+),45380,45380,artifact
PROMISES,patient 47,ART D (mm(hg)^^ISO+),45380,45390,clean
PROMISES,patient 47,ART D (mm(hg)^^ISO+),45392,45392,artifact
PROMISES,patient 47,ART D (mm(hg)^^ISO+),45392,45394,clean
PROMISES,patient 47,ART D (mm(hg)^^ISO+),45396,45396,artifact
PROMISES,patient 47,ART D (mm(hg)^^ISO+),45396,45404,clean
PROMISES,patient 47,ART D (mm(hg)^^ISO+),45406,45406,artifact
PROMISES,patient 47,ART D (mm(hg)^^ISO+),45406,45406,clean
PROMISES,patient 47,ART M (mm(hg)^^ISO+),32556,34294,clean
PROMISES,patient 47,ART M (mm(hg)^^ISO+),34295,34295,artifact
PROMISES,patient 47,ART M (mm(hg)^^ISO+),34295,34334,clean
PROMISES,patient 47,ART M (mm(hg)^^ISO+),34335,34335,artifact
PROMISES,patient 47,ART M (mm(hg)^^ISO+),34335,39652,clean
PROMISES,patient 47,ART M (mm(hg)^^ISO+),39653,39682,artifact
PROMISES,patient 47,ART M (mm(hg)^^ISO+),39683,45224,clean
PROMISES,patient 47,ART M (mm(hg)^^ISO+),45226,45226,artifact
PROMISES,patient 47,ART M (mm(hg)^^ISO+),45226,45228,clean
PROMISES,patient 47,ART M (mm(hg)^^ISO+),45229,45229,artifact
PROMISES,patient 47,ART M (mm(hg)^^ISO+),45229,45238,clean
PROMISES,patient 47,ART M (mm(hg)^^ISO+),45240,45240,artifact
PROMISES,patient 47,ART M (mm(hg)^^ISO+),45240,45254,clean
PROMISES,patient 47,ART M (mm(hg)^^ISO+),45256,45256,artifact
PROMISES,patient 47,ART M (mm(hg)^^ISO+),45256,45260,clean
PROMISES,patient 47,ART M (mm(hg)^^ISO+),45262,45262,artifact
PROMISES,patient 47,ART M (mm(hg)^^ISO+),45262,45269,clean
PROMISES,patient 47,ART M (mm(hg)^^ISO+),45271,45271,artifact
PROMISES,patient 47,ART M (mm(hg)^^ISO+),45271,45277,clean
PROMISES,patient 47,ART M (mm(hg)^^ISO+),45279,45279,artifact
PROMISES,patient 47,ART M (mm(hg)^^ISO+),45279,45299,clean
PROMISES,patient 47,ART M (mm(hg)^^ISO+),45301,45301,artifact
PROMISES,patient 47,ART M (mm(hg)^^ISO+),45301,45328,clean
PROMISES,patient 47,ART M (mm(hg)^^ISO+),45329,45329,artifact
PROMISES,patient 47,ART M (mm(hg)^^ISO+),45329,45351,clean
PROMISES,patient 47,ART M (mm(hg)^^ISO+),45353,45353,artifact
PROMISES,patient 47,ART M (mm(hg)^^ISO+),45353,45388,clean
PROMISES,patient 47,ART M (mm(hg)^^ISO+),45390,45390,artifact
PROMISES,patient 47,ART M (mm(hg)^^ISO+),45390,45406,clean
PROMISES,patient 48,ART S (mm(hg)^^ISO+),33909,42496,clean
PROMISES,patient 48,ART S (mm(hg)^^ISO+),42497,42534,artifact
PROMISES,patient 48,ART S (mm(hg)^^ISO+),42535,45514,clean
PROMISES,patient 48,ART S (mm(hg)^^ISO+),45516,45516,artifact
PROMISES,patient 48,ART S (mm(hg)^^ISO+),45516,45573,clean
PROMISES,patient 48,ART S (mm(hg)^^ISO+),45574,45574,artifact
PROMISES,patient 48,ART S (mm(hg)^^ISO+),45574,45608,clean
PROMISES,patient 48,ART S (mm(hg)^^ISO+),45609,45609,artifact
PROMISES,patient 48,ART S (mm(hg)^^ISO+),45609,50351,clean
PROMISES,patient 48,ART S (mm(hg)^^ISO+),50352,50377,artifact
PROMISES,patient 48,ART S (mm(hg)^^ISO+),50378,50569,clean
PROMISES,patient 48,ART D (mm(hg)^^ISO+),33909,42496,clean
PROMISES,patient 48,ART D (mm(hg)^^ISO+),42497,42534,artifact
PROMISES,patient 48,ART D (mm(hg)^^ISO+),42535,45599,clean
PROMISES,patient 48,ART D (mm(hg)^^ISO+),45601,45601,artifact
PROMISES,patient 48,ART D (mm(hg)^^ISO+),45601,45602,clean
PROMISES,patient 48,ART D (mm(hg)^^ISO+),45604,45604,artifact
PROMISES,patient 48,ART D (mm(hg)^^ISO+),45604,45632,clean
PROMISES,patient 48,ART D (mm(hg)^^ISO+),45634,45634,artifact
PROMISES,patient 48,ART D (mm(hg)^^ISO+),45634,45744,clean
PROMISES,patient 48,ART D (mm(hg)^^ISO+),45745,45745,artifact
PROMISES,patient 48,ART D (mm(hg)^^ISO+),45745,45864,clean
PROMISES,patient 48,ART D (mm(hg)^^ISO+),45865,45865,artifact
PROMISES,patient 48,ART D (mm(hg)^^ISO+),45865,50351,clean
PROMISES,patient 48,ART D (mm(hg)^^ISO+),50352,50377,artifact
PROMISES,patient 48,ART D (mm(hg)^^ISO+),50378,50569,clean
PROMISES,patient 48,ART M (mm(hg)^^ISO+),33909,40063,clean
PROMISES,patient 48,ART M (mm(hg)^^ISO+),40064,40064,artifact
PROMISES,patient 48,ART M (mm(hg)^^ISO+),40064,42496,clean
PROMISES,patient 48,ART M (mm(hg)^^ISO+),42497,42534,artifact
PROMISES,patient 48,ART M (mm(hg)^^ISO+),42535,45494,clean
PROMISES,patient 48,ART M (mm(hg)^^ISO+),45496,45496,artifact
PROMISES,patient 48,ART M (mm(hg)^^ISO+),45496,45609,clean
PROMISES,patient 48,ART M (mm(hg)^^ISO+),45611,45611,artifact
PROMISES,patient 48,ART M (mm(hg)^^ISO+),45611,45629,clean
PROMISES,patient 48,ART M (mm(hg)^^ISO+),45631,45631,artifact
PROMISES,patient 48,ART M (mm(hg)^^ISO+),45631,45824,clean
PROMISES,patient 48,ART M (mm(hg)^^ISO+),45825,45825,artifact
PROMISES,patient 48,ART M (mm(hg)^^ISO+),45825,45864,clean
PROMISES,patient 48,ART M (mm(hg)^^ISO+),45865,45865,artifact
PROMISES,patient 48,ART M (mm(hg)^^ISO+),45865,50351,clean
PROMISES,patient 48,ART M (mm(hg)^^ISO+),50352,50377,artifact
PROMISES,patient 48,ART M (mm(hg)^^ISO+),50378,50569,clean
PROMISES,patient 49,ART S (mm(hg)^^ISO+),32887,35043,clean
PROMISES,patient 49,ART S (mm(hg)^^ISO+),35044,35420,artifact
PROMISES,patient 49,ART S (mm(hg)^^ISO+),35421,38263,clean
PROMISES,patient 49,ART S (mm(hg)^^ISO+),38264,38314,artifact
PROMISES,patient 49,ART S (mm(hg)^^ISO+),38315,38534,clean
PROMISES,patient 49,ART D (mm(hg)^^ISO+),32887,35043,clean
PROMISES,patient 49,ART D (mm(hg)^^ISO+),35044,35420,artifact
PROMISES,patient 49,ART D (mm(hg)^^ISO+),35421,38263,clean
PROMISES,patient 49,ART D (mm(hg)^^ISO+),38264,38314,artifact
PROMISES,patient 49,ART D (mm(hg)^^ISO+),38315,38534,clean
PROMISES,patient 49,ART M (mm(hg)^^ISO+),32887,35043,clean
PROMISES,patient 49,ART M (mm(hg)^^ISO+),35044,35420,artifact
PROMISES,patient 49,ART M (mm(hg)^^ISO+),35421,38263,clean
PROMISES,patient 49,ART M (mm(hg)^^ISO+),38264,38314,artifact
PROMISES,patient 49,ART M (mm(hg)^^ISO+),38315,38534,clean
PROMISES,patient 50,ART S (mm(hg)^^ISO+),34996,41183,clean
PROMISES,patient 50,ART S (mm(hg)^^ISO+),41184,41300,artifact
PROMISES,patient 50,ART S (mm(hg)^^ISO+),41301,43217,clean
PROMISES,patient 50,ART S (mm(hg)^^ISO+),43218,43220,artifact
PROMISES,patient 50,ART S (mm(hg)^^ISO+),43221,46895,clean
PROMISES,patient 50,ART S (mm(hg)^^ISO+),46896,46920,artifact
PROMISES,patient 50,ART S (mm(hg)^^ISO+),46921,53430,clean
PROMISES,patient 50,ART S (mm(hg)^^ISO+),53431,53456,artifact
PROMISES,patient 50,ART S (mm(hg)^^ISO+),53457,54491,clean
PROMISES,patient 50,ART D (mm(hg)^^ISO+),34996,36270,clean
PROMISES,patient 50,ART D (mm(hg)^^ISO+),36271,36271,artifact
PROMISES,patient 50,ART D (mm(hg)^^ISO+),36271,41183,clean
PROMISES,patient 50,ART D (mm(hg)^^ISO+),41184,41300,artifact
PROMISES,patient 50,ART D (mm(hg)^^ISO+),41301,46895,clean
PROMISES,patient 50,ART D (mm(hg)^^ISO+),46896,46920,artifact
PROMISES,patient 50,ART D (mm(hg)^^ISO+),46921,53430,clean
PROMISES,patient 50,ART D (mm(hg)^^ISO+),53431,53456,artifact
PROMISES,patient 50,ART D (mm(hg)^^ISO+),53457,54491,clean
PROMISES,patient 50,ART M (mm(hg)^^ISO+),34996,41183,clean
PROMISES,patient 50,ART M (mm(hg)^^ISO+),41184,41300,artifact
PROMISES,patient 50,ART M (mm(hg)^^ISO+),41301,43217,clean
PROMISES,patient 50,ART M (mm(hg)^^ISO+),43218,43218,artifact
PROMISES,patient 50,ART M (mm(hg)^^ISO+),43219,43221,clean
PROMISES,patient 50,ART M (mm(hg)^^ISO+),43222,43223,artifact
PROMISES,patient 50,ART M (mm(hg)^^ISO+),43218,43486,clean
PROMISES,patient 50,ART M (mm(hg)^^ISO+),43487,43487,artifact
PROMISES,patient 50,ART M (mm(hg)^^ISO+),43487,43536,clean
PROMISES,patient 50,ART M (mm(hg)^^ISO+),43537,43537,artifact
PROMISES,patient 50,ART M (mm(hg)^^ISO+),43537,46895,clean
PROMISES,patient 50,ART M (mm(hg)^^ISO+),46896,46920,artifact
PROMISES,patient 50,ART M (mm(hg)^^ISO+),46921,53430,clean
PROMISES,patient 50,ART M (mm(hg)^^ISO+),53431,53456,artifact
PROMISES,patient 50,ART M (mm(hg)^^ISO+),53457,54491,clean
