project,source,original_column,canonical_variable,domain,signal_type,unit,sampling_rate,filter_required,filter_method,normalization,statistics,graph,available_patients,missing_patients,mapping_confidence,review_reason
COLECTOMIE,bettercare,AIR FLOW,,pending,unknown,pending,pending,pending,pending,pending,pending,pending,15,0,review,no dictionary alias; no-rule-matched
COLECTOMIE,bettercare,ART M,ART_MEAN,pending,pending,pending,pending,pending,pending,pending,pending,pending,14,1,preexisting,
COLECTOMIE,bettercare,ART M Dias,ART_DIA,pending,pending,pending,pending,pending,pending,pending,pending,pending,14,1,preexisting,
COLECTOMIE,bettercare,ART M Sys,ART_SYS,pending,pending,pending,pending,pending,pending,pending,pending,pending,14,1,preexisting,
COLECTOMIE,bettercare,Annotations,,event,unknown,pending,pending,pending,pending,pending,pending,pending,15,0,classified,domain=event; rule:\bannotation; needs signal mapping
COLECTOMIE,bettercare,CO2,,pending,unknown,pending,pending,pending,pending,pending,pending,pending,15,0,review,no dictionary alias; no-rule-matched
COLECTOMIE,bettercare,CVP M,CVP,pending,pending,pending,pending,pending,pending,pending,pending,pending,14,1,preexisting,
COLECTOMIE,bettercare,ECG I,,pending,unknown,pending,pending,pending,pending,pending,pending,pending,15,0,review,no dictionary alias; no-rule-matched
COLECTOMIE,bettercare,ECG II,,pending,unknown,pending,pending,pending,pending,pending,pending,pending,15,0,review,no dictionary alias; no-rule-matched
COLECTOMIE,bettercare,ECG III,,pending,unknown,pending,pending,pending,pending,pending,pending,pending,15,0,review,no dictionary alias; no-rule-matched
COLECTOMIE,bettercare,ECG V1,,pending,unknown,pending,pending,pending,pending,pending,pending,pending,15,0,review,no dictionary alias; no-rule-matched
COLECTOMIE,bettercare,ECG V2,,pending,unknown,pending,pending,pending,pending,pending,pending,pending,15,0,review,no dictionary alias; no-rule-matched
COLECTOMIE,bettercare,ECG V3,,pending,unknown,pending,pending,pending,pending,pending,pending,pending,15,0,review,no dictionary alias; no-rule-matched
COLECTOMIE,bettercare,ECG V4,,pending,unknown,pending,pending,pending,pending,pending,pending,pending,15,0,review,no dictionary alias; no-rule-matched
COLECTOMIE,bettercare,ECG V5,,pending,unknown,pending,pending,pending,pending,pending,pending,pending,15,0,review,no dictionary alias; no-rule-matched
COLECTOMIE,bettercare,ECG V6,,pending,unknown,pending,pending,pending,pending,pending,pending,pending,15,0,review,no dictionary alias; no-rule-matched
COLECTOMIE,bettercare,ECG aVF,,pending,unknown,pending,pending,pending,pending,pending,pending,pending,15,0,review,no dictionary alias; no-rule-matched
COLECTOMIE,bettercare,ECG aVL,,pending,unknown,pending,pending,pending,pending,pending,pending,pending,15,0,review,no dictionary alias; no-rule-matched
COLECTOMIE,bettercare,ECG aVR,,pending,unknown,pending,pending,pending,pending,pending,pending,pending,15,0,review,no dictionary alias; no-rule-matched
COLECTOMIE,bettercare,HR,HR,pending,pending,pending,pending,pending,pending,pending,pending,pending,14,1,preexisting,
COLECTOMIE,bettercare,LA M,,pending,unknown,pending,pending,pending,pending,pending,pending,pending,14,1,review,no dictionary alias; no-rule-matched
COLECTOMIE,bettercare,NIBP M,NBP_MEAN,pending,pending,pending,pending,pending,pending,pending,pending,pending,14,1,preexisting,
COLECTOMIE,bettercare,PA M,PA_MEAN,pending,pending,pending,pending,pending,pending,pending,pending,pending,14,1,preexisting,
COLECTOMIE,bettercare,PA M Dias,PA_DIA,pending,pending,pending,pending,pending,pending,pending,pending,pending,14,1,preexisting,
COLECTOMIE,bettercare,PA M Sys,PA_SYS,pending,pending,pending,pending,pending,pending,pending,pending,pending,14,1,preexisting,
COLECTOMIE,bettercare,PAD,,pending,unknown,pending,pending,pending,pending,pending,pending,pending,15,0,review,no dictionary alias; no-rule-matched
COLECTOMIE,bettercare,PAI,,pending,unknown,pending,pending,pending,pending,pending,pending,pending,15,0,review,no dictionary alias; no-rule-matched
COLECTOMIE,bettercare,PAP,,pending,unknown,pending,pending,pending,pending,pending,pending,pending,15,0,review,no dictionary alias; no-rule-matched
COLECTOMIE,bettercare,PAW,,pending,unknown,pending,pending,pending,pending,pending,pending,pending,15,0,review,no dictionary alias; no-rule-matched
COLECTOMIE,bettercare,PLETH,,pending,unknown,pending,pending,pending,pending,pending,pending,pending,15,0,review,no dictionary alias; no-rule-matched
COLECTOMIE,bettercare,PNI,,pending,unknown,pending,pending,pending,pending,pending,pending,pending,15,0,review,no dictionary alias; no-rule-matched
COLECTOMIE,bettercare,PRES ART,,pending,unknown,pending,pending,pending,pending,pending,pending,pending,15,0,review,no dictionary alias; no-rule-matched
COLECTOMIE,bettercare,PVC,,pending,unknown,pending,pending,pending,pending,pending,pending,pending,15,0,review,no dictionary alias; no-rule-matched
COLECTOMIE,bettercare,RA M,,pending,unknown,pending,pending,pending,pending,pending,pending,pending,14,1,review,no dictionary alias; no-rule-matched
COLECTOMIE,bettercare,RESP,,pending,unknown,pending,pending,pending,pending,pending,pending,pending,15,0,review,candidate dictionary entry: respiratory (rate or waveform? ambiguous)
COLECTOMIE,bettercare,RRc,,ventilator_setting,unknown,pending,pending,pending,pending,pending,pending,pending,14,1,classified,Infinity param: respiratory rate control? verify; needs signal mapping
COLECTOMIE,bettercare,SpO2,SPO2,pending,pending,pending,pending,pending,pending,pending,pending,pending,14,1,preexisting,
COLECTOMIE,bettercare,Time (msecs),,metadata,unknown,pending,pending,pending,pending,pending,pending,pending,15,0,classified,domain=metadata; rule:\btime\b; needs signal mapping
COLECTOMIE,bettercare,VT,TV,pending,pending,pending,pending,pending,pending,pending,pending,pending,15,0,preexisting,
COLECTOMIE,bettercare,etCO2,ETCO2,pending,pending,pending,pending,pending,pending,pending,pending,pending,14,1,preexisting,
COLECTOMIE,bettercare,peak paw,,pending,unknown,pending,pending,pending,pending,pending,pending,pending,14,1,review,no dictionary alias; no-rule-matched
COLECTOMIE,bettercare,vt insp,,pending,unknown,pending,pending,pending,pending,pending,pending,pending,14,1,review,no dictionary alias; no-rule-matched
COLECTOMIE,infinity,%PACED (%^^ISO+),,event,unknown,pending,pending,pending,pending,pending,pending,pending,45,4,classified,Infinity param: percent paced beats; needs signal mapping
COLECTOMIE,infinity,%Tplat (%^^ISO+),,ventilator_setting,unknown,pending,pending,pending,pending,pending,pending,pending,2,47,classified,domain=ventilator_setting; rule:\btplat\b; needs signal mapping
COLECTOMIE,infinity,(),,pending,unknown,pending,pending,pending,pending,pending,pending,pending,4,45,review,no dictionary alias; no-rule-matched
COLECTOMIE,infinity,2nd Anesthesia gas (^^ISO+),,anesthesia_setting,unknown,pending,pending,pending,pending,pending,pending,pending,45,4,classified,domain=anesthesia_setting; rule:\banesthes; needs signal mapping
COLECTOMIE,infinity,ARR (^^ISO+),,pending,unknown,pending,pending,pending,pending,pending,pending,pending,45,4,review,no dictionary alias; no-rule-matched
COLECTOMIE,infinity,ART D (mm(h),ART_DIA,physiological_signal,parameter,mmHg,pending,pending,pending,pending,pending,pending,1,48,alias_base,
COLECTOMIE,infinity,ART D (mm(hg)^^ISO+),ART_DIA,pending,pending,pending,pending,pending,pending,pending,pending,pending,39,10,preexisting,
COLECTOMIE,infinity,ART M (mm(hg)^^ISO+),ART_MEAN,pending,pending,pending,pending,pending,pending,pending,pending,pending,39,10,preexisting,
COLECTOMIE,infinity,ART S (mm(hg)^^ISO+),ART_SYS,pending,pending,pending,pending,pending,pending,pending,pending,pending,39,10,preexisting,
COLECTOMIE,infinity,Age (),,demographic,unknown,pending,pending,pending,pending,pending,pending,pending,1,48,classified,domain=demographic; rule:\bage\b; needs signal mapping
COLECTOMIE,infinity,Age (a^^ISO+),,demographic,unknown,pending,pending,pending,pending,pending,pending,pending,45,4,classified,domain=demographic; rule:\bage\b; needs signal mapping
COLECTOMIE,infinity,Air cons (L^^ISO+),,ventilator_setting_extra,unknown,pending,pending,pending,pending,pending,pending,pending,45,4,classified,domain=ventilator_setting_extra; rule:\bcons\b; needs signal mapping
COLECTOMIE,infinity,Anesthes (),,anesthesia_setting,unknown,pending,pending,pending,pending,pending,pending,pending,1,48,classified,domain=anesthesia_setting; rule:\banesthes; needs signal mapping
COLECTOMIE,infinity,Anesthesia gas (),,anesthesia_setting,unknown,pending,pending,pending,pending,pending,pending,pending,1,48,classified,domain=anesthesia_setting; rule:\banesthes; needs signal mapping
COLECTOMIE,infinity,Anesthesia gas (^^ISO+),,anesthesia_setting,unknown,pending,pending,pending,pending,pending,pending,pending,45,4,classified,domain=anesthesia_setting; rule:\banesthes; needs signal mapping
COLECTOMIE,infinity,Apn Dur (s^^ISO+),,alarm,unknown,pending,pending,pending,pending,pending,pending,pending,45,4,classified,domain=alarm; rule:\bapn; needs signal mapping
COLECTOMIE,infinity,Audio pause (^^ISO+),,alarm,unknown,pending,pending,pending,pending,pending,pending,pending,30,19,classified,domain=alarm; rule:\baudio pause; needs signal mapping
COLECTOMIE,infinity,BCT (/min^^ISO+),,pending,unknown,pending,pending,pending,pending,pending,pending,pending,17,32,review,no dictionary alias; no-rule-matched
COLECTOMIE,infinity,BIS (^^ISO+),BIS,physiological_signal,parameter,index,pending,pending,pending,pending,pending,pending,17,32,alias_base,
COLECTOMIE,infinity,BIS smoothing rate (s^^ISO+),,pending,unknown,pending,pending,pending,pending,pending,pending,pending,17,32,review,no dictionary alias; no-rule-matched
COLECTOMIE,infinity,BSR (%^^ISO+),,pending,unknown,pending,pending,pending,pending,pending,pending,pending,17,32,review,candidate dictionary entry: burst suppression ratio (BIS family)
COLECTOMIE,infinity,CO2 unit (^^ISO+),,metadata,unknown,pending,pending,pending,pending,pending,pending,pending,45,4,classified,Infinity param: CO2 module identifier; needs signal mapping
COLECTOMIE,infinity,CVP (mm(hg)^^ISO+),CVP,pending,pending,pending,pending,pending,pending,pending,pending,pending,9,40,preexisting,
COLECTOMIE,infinity,Carrier gas (^^ISO+),,anesthesia_setting,unknown,pending,pending,pending,pending,pending,pending,pending,45,4,classified,domain=anesthesia_setting; rule:\bgas\b; needs signal mapping
COLECTOMIE,infinity,Cbs+hose (mL/hpa^^ISO+),,ventilator_setting_extra,unknown,pending,pending,pending,pending,pending,pending,pending,45,4,classified,domain=ventilator_setting_extra; rule:\bhose\b; needs signal mapping
COLECTOMIE,infinity,Cdyn (L/bar^^ISO+),,pending,unknown,pending,pending,pending,pending,pending,pending,pending,45,4,review,no dictionary alias; no-rule-matched
COLECTOMIE,infinity,Chose (mL/hpa^^ISO+),,ventilator_setting,unknown,pending,pending,pending,pending,pending,pending,pending,45,4,classified,Infinity param: compliance hose? verify; needs signal mapping
COLECTOMIE,infinity,DEVICENAME,,demographic,unknown,pending,pending,pending,pending,pending,pending,pending,49,0,classified,domain=demographic; rule:\bdevicename\b; needs signal mapping
COLECTOMIE,infinity,DO2 (%^^ISO+),,physiological_signal,unknown,pending,pending,pending,pending,pending,pending,pending,45,4,classified,Infinity param: oxygen delivery? verify; needs signal mapping
COLECTOMIE,infinity,DO2 (),,physiological_signal,unknown,pending,pending,pending,pending,pending,pending,pending,1,48,classified,Infinity param: oxygen delivery? verify; needs signal mapping
COLECTOMIE,infinity,DPsupp set (mbar^^ISO+),,ventilator_setting_extra,unknown,pending,pending,pending,pending,pending,pending,pending,34,15,classified,domain=ventilator_setting_extra; rule:\bdpsupp\b; needs signal mapping
COLECTOMIE,infinity,Des cons (),,ventilator_setting_extra,unknown,pending,pending,pending,pending,pending,pending,pending,1,48,classified,domain=ventilator_setting_extra; rule:\bcons\b; needs signal mapping
COLECTOMIE,infinity,Des cons (mL^^ISO+),,ventilator_setting_extra,unknown,pending,pending,pending,pending,pending,pending,pending,45,4,classified,domain=ventilator_setting_extra; rule:\bcons\b; needs signal mapping
COLECTOMIE,infinity,Des tot (mL^^ISO+),,ventilator_setting_extra,unknown,pending,pending,pending,pending,pending,pending,pending,45,4,classified,domain=ventilator_setting_extra; rule:\btot\b; needs signal mapping
COLECTOMIE,infinity,Device check (^^ISO+),,metadata,unknown,pending,pending,pending,pending,pending,pending,pending,45,4,classified,Infinity param: device self-check flag; needs signal mapping
COLECTOMIE,infinity,E (mbar/L^^ISO+),,ventilator_setting,unknown,pending,pending,pending,pending,pending,pending,pending,45,4,classified,Infinity param: elastance; needs signal mapping
COLECTOMIE,infinity,EMG (db^^ISO+),,pending,unknown,pending,pending,pending,pending,pending,pending,pending,17,32,review,candidate dictionary entry: electromyography (BIS family)
COLECTOMIE,infinity,Enf cons (mL^^ISO+),,ventilator_setting_extra,unknown,pending,pending,pending,pending,pending,pending,pending,45,4,classified,domain=ventilator_setting_extra; rule:\bcons\b; needs signal mapping
COLECTOMIE,infinity,Enf tot (mL^^ISO+),,ventilator_setting_extra,unknown,pending,pending,pending,pending,pending,pending,pending,45,4,classified,domain=ventilator_setting_extra; rule:\btot\b; needs signal mapping
COLECTOMIE,infinity,FG Des (kpa^^ISO+),,ventilator_setting_extra,unknown,pending,pending,pending,pending,pending,pending,pending,45,4,classified,domain=ventilator_setting_extra; rule:\bfg \b; needs signal mapping
COLECTOMIE,infinity,FG Iso (kpa^^ISO+),,ventilator_setting_extra,unknown,pending,pending,pending,pending,pending,pending,pending,45,4,classified,domain=ventilator_setting_extra; rule:\bfg \b; needs signal mapping
COLECTOMIE,infinity,FG O2 (%^^ISO+),,ventilator_setting_extra,unknown,pending,pending,pending,pending,pending,pending,pending,45,4,classified,domain=ventilator_setting_extra; rule:\bfg \b; needs signal mapping
COLECTOMIE,infinity,FG Sev (kpa^^ISO+),,ventilator_setting_extra,unknown,pending,pending,pending,pending,pending,pending,pending,45,4,classified,domain=ventilator_setting_extra; rule:\bfg \b; needs signal mapping
COLECTOMIE,infinity,FG V'Air (mL),,ventilator_setting_extra,unknown,pending,pending,pending,pending,pending,pending,pending,1,48,classified,domain=ventilator_setting_extra; rule:\bfg \b; needs signal mapping
COLECTOMIE,infinity,FG V'Air (mL/min^^ISO+),,ventilator_setting_extra,unknown,pending,pending,pending,pending,pending,pending,pending,45,4,classified,domain=ventilator_setting_extra; rule:\bfg \b; needs signal mapping
COLECTOMIE,infinity,FG V'N2O (mL/min^),,ventilator_setting_extra,unknown,pending,pending,pending,pending,pending,pending,pending,1,48,classified,domain=ventilator_setting_extra; rule:\bfg \b; needs signal mapping
COLECTOMIE,infinity,FG V'N2O (mL/min^^ISO+),,ventilator_setting_extra,unknown,pending,pending,pending,pending,pending,pending,pending,45,4,classified,domain=ventilator_setting_extra; rule:\bfg \b; needs signal mapping
COLECTOMIE,infinity,FG V'O2 (mL),,ventilator_setting_extra,unknown,pending,pending,pending,pending,pending,pending,pending,1,48,classified,domain=ventilator_setting_extra; rule:\bfg \b; needs signal mapping
COLECTOMIE,infinity,FG V'O2 (mL/min^^ISO+),,ventilator_setting_extra,unknown,pending,pending,pending,pending,pending,pending,pending,45,4,classified,domain=ventilator_setting_extra; rule:\bfg \b; needs signal mapping
COLECTOMIE,infinity,FG flow (),,ventilator_setting_extra,unknown,pending,pending,pending,pending,pending,pending,pending,1,48,classified,domain=ventilator_setting_extra; rule:\bfg \b; needs signal mapping
COLECTOMIE,infinity,FG flow (mL/min^^ISO+),,ventilator_setting_extra,unknown,pending,pending,pending,pending,pending,pending,pending,45,4,classified,domain=ventilator_setting_extra; rule:\bfg \b; needs signal mapping
COLECTOMIE,infinity,FiO2 (%^^ISO+),,ventilator_setting,unknown,pending,pending,pending,pending,pending,pending,pending,45,4,classified,Infinity param: fraction of inspired O2; needs signal mapping
COLECTOMIE,infinity,Flow trigger set (L/min^^ISO+),,pending,unknown,pending,pending,pending,pending,pending,pending,pending,34,15,review,no dictionary alias; no-rule-matched
COLECTOMIE,infinity,HR (/min^^ISO+),HR,pending,pending,pending,pending,pending,pending,pending,pending,pending,45,4,preexisting,
COLECTOMIE,infinity,Hal (),,pending,unknown,pending,pending,pending,pending,pending,pending,pending,1,48,review,no dictionary alias; no-rule-matched
COLECTOMIE,infinity,Hal cons (mL^^ISO+),,ventilator_setting_extra,unknown,pending,pending,pending,pending,pending,pending,pending,45,4,classified,domain=ventilator_setting_extra; rule:\bcons\b; needs signal mapping
COLECTOMIE,infinity,Hal tot (mL^^ISO+),,ventilator_setting_extra,unknown,pending,pending,pending,pending,pending,pending,pending,45,4,classified,domain=ventilator_setting_extra; rule:\btot\b; needs signal mapping
COLECTOMIE,infinity,Height (cm^^ISO+),,demographic,unknown,pending,pending,pending,pending,pending,pending,pending,45,4,classified,domain=demographic; rule:\bheight\b; needs signal mapping
COLECTOMIE,infinity,Insp. term. set (%(PIF)^^ISO+),,ventilator_setting,unknown,pending,pending,pending,pending,pending,pending,pending,34,15,classified,Infinity param: inspiratory termination setting; needs signal mapping
COLECTOMIE,infinity,Iso cons (mL^^ISO+),,ventilator_setting_extra,unknown,pending,pending,pending,pending,pending,pending,pending,45,4,classified,domain=ventilator_setting_extra; rule:\bcons\b; needs signal mapping
COLECTOMIE,infinity,Iso tot (mL^^ISO+),,ventilator_setting_extra,unknown,pending,pending,pending,pending,pending,pending,pending,45,4,classified,domain=ventilator_setting_extra; rule:\btot\b; needs signal mapping
COLECTOMIE,infinity,Leak BS (),,ventilator_setting,unknown,pending,pending,pending,pending,pending,pending,pending,1,48,classified,Infinity param: leak (body surface?) verify; needs signal mapping
COLECTOMIE,infinity,Leak BS (mL/min^^ISO+),,ventilator_setting,unknown,pending,pending,pending,pending,pending,pending,pending,45,4,classified,Infinity param: leak (body surface?) verify; needs signal mapping
COLECTOMIE,infinity,MV (),,ventilator_setting,unknown,pending,pending,pending,pending,pending,pending,pending,1,48,classified,Infinity param: minute volume; needs signal mapping
COLECTOMIE,infinity,MV (L/min^^ISO+),,ventilator_setting,unknown,pending,pending,pending,pending,pending,pending,pending,45,4,classified,Infinity param: minute volume; needs signal mapping
COLECTOMIE,infinity,MVe (L/min^^ISO+),,ventilator_setting,unknown,pending,pending,pending,pending,pending,pending,pending,43,6,classified,Infinity param: expiratory minute volume; needs signal mapping
COLECTOMIE,infinity,MVmand (L/min^^ISO+),,ventilator_setting,unknown,pending,pending,pending,pending,pending,pending,pending,45,4,classified,Infinity param: mandatory minute volume; needs signal mapping
COLECTOMIE,infinity,MVspon (),,ventilator_setting,unknown,pending,pending,pending,pending,pending,pending,pending,1,48,classified,Infinity param: spontaneous minute volume; needs signal mapping
COLECTOMIE,infinity,MVspon (L/min^^ISO+),,ventilator_setting,unknown,pending,pending,pending,pending,pending,pending,pending,45,4,classified,Infinity param: spontaneous minute volume; needs signal mapping
COLECTOMIE,infinity,N2O c (),,pending,unknown,pending,pending,pending,pending,pending,pending,pending,1,48,review,no dictionary alias; no-rule-matched
COLECTOMIE,infinity,N2O cons (L^^ISO+),,ventilator_setting_extra,unknown,pending,pending,pending,pending,pending,pending,pending,45,4,classified,domain=ventilator_setting_extra; rule:\bcons\b; needs signal mapping
COLECTOMIE,infinity,NBP D (mm(hg)^^ISO+),NBP_DIA,pending,pending,pending,pending,pending,pending,pending,pending,pending,45,4,preexisting,
COLECTOMIE,infinity,NBP M (mm(hg)^^ISO+),NBP_MEAN,pending,pending,pending,pending,pending,pending,pending,pending,pending,45,4,preexisting,
COLECTOMIE,infinity,NBP S (),NBP_SYS,physiological_signal,unknown,mmHg,pending,pending,pending,pending,pending,pending,1,48,alias_base,
COLECTOMIE,infinity,NBP S (mm(hg)^^ISO+),NBP_SYS,pending,pending,pending,pending,pending,pending,pending,pending,pending,45,4,preexisting,
COLECTOMIE,infinity,NMT-Temp (cel^^ISO+),,pending,unknown,pending,pending,pending,pending,pending,pending,pending,19,30,review,no dictionary alias; no-rule-matched
COLECTOMIE,infinity,O2 cons (L^^ISO+),,ventilator_setting_extra,unknown,pending,pending,pending,pending,pending,pending,pending,45,4,classified,domain=ventilator_setting_extra; rule:\bcons\b; needs signal mapping
COLECTOMIE,infinity,OBSERVATION_DATETIME,,pending,unknown,pending,pending,pending,pending,pending,pending,pending,49,0,review,no dictionary alias; no-rule-matched
COLECTOMIE,infinity,P1 D (mm(hg)^^ISO+),ART_DIA,physiological_signal,unknown,mmHg,pending,pending,pending,pending,pending,pending,14,35,alias_exact,
COLECTOMIE,infinity,P1 M (mm(hg)^^ISO+),ART_MEAN,physiological_signal,unknown,mmHg,pending,pending,pending,pending,pending,pending,14,35,alias_exact,
COLECTOMIE,infinity,P1 S (mm(hg)^^ISO+),ART_SYS,physiological_signal,unknown,mmHg,pending,pending,pending,pending,pending,pending,14,35,alias_exact,
COLECTOMIE,infinity,P2 D (mm(hg)^^ISO+),,pending,unknown,pending,pending,pending,pending,pending,pending,pending,10,39,review,no dictionary alias; no-rule-matched
COLECTOMIE,infinity,P2 M (mm(hg)^^ISO+),,pending,unknown,pending,pending,pending,pending,pending,pending,pending,10,39,review,no dictionary alias; no-rule-matched
COLECTOMIE,infinity,P2 S (mm(hg)^^ISO+),,pending,unknown,pending,pending,pending,pending,pending,pending,pending,10,39,review,no dictionary alias; no-rule-matched
COLECTOMIE,infinity,P3 D (mm(hg)^^ISO+),,pending,unknown,pending,pending,pending,pending,pending,pending,pending,1,48,review,no dictionary alias; no-rule-matched
COLECTOMIE,infinity,P3 M (mm(hg)^^ISO+),,pending,unknown,pending,pending,pending,pending,pending,pending,pending,1,48,review,no dictionary alias; no-rule-matched
COLECTOMIE,infinity,P3 S (mm(hg)^^ISO+),,pending,unknown,pending,pending,pending,pending,pending,pending,pending,1,48,review,no dictionary alias; no-rule-matched
COLECTOMIE,infinity,P4 D (mm(hg)^^ISO+),,pending,unknown,pending,pending,pending,pending,pending,pending,pending,1,48,review,no dictionary alias; no-rule-matched
COLECTOMIE,infinity,P4 M (mm(hg)^^ISO+),,pending,unknown,pending,pending,pending,pending,pending,pending,pending,1,48,review,no dictionary alias; no-rule-matched
COLECTOMIE,infinity,P4 S (mm(hg)^^ISO+),,pending,unknown,pending,pending,pending,pending,pending,pending,pending,1,48,review,no dictionary alias; no-rule-matched
COLECTOMIE,infinity,PA D (mm(hg)^^ISO+),PA_DIA,pending,pending,pending,pending,pending,pending,pending,pending,pending,1,48,preexisting,
COLECTOMIE,infinity,PA M (mm(hg)^^ISO+),PA_MEAN,pending,pending,pending,pending,pending,pending,pending,pending,pending,1,48,preexisting,
COLECTOMIE,infinity,PA S (mm(hg)^^ISO+),PA_SYS,pending,pending,pending,pending,pending,pending,pending,pending,pending,1,48,preexisting,
COLECTOMIE,infinity,PEEP (mbar^^ISO+),PEEP,pending,pending,pending,pending,pending,pending,pending,pending,pending,45,4,preexisting,
COLECTOMIE,infinity,PEEP set (),,ventilator_setting,unknown,pending,pending,pending,pending,pending,pending,pending,1,48,classified,domain=ventilator_setting; rule:\bpeep\b; needs signal mapping
COLECTOMIE,infinity,PEEP set (mbar^^ISO+),,ventilator_setting,unknown,pending,pending,pending,pending,pending,pending,pending,45,4,classified,domain=ventilator_setting; rule:\bpeep\b; needs signal mapping
COLECTOMIE,infinity,PIP (mbar^^ISO+),,ventilator_setting,unknown,pending,pending,pending,pending,pending,pending,pending,45,4,classified,Infinity param: peak inspiratory pressure; needs signal mapping
COLECTOMIE,infinity,PLS (/min^^ISO+),HR,physiological_signal,unknown,bpm,pending,pending,pending,pending,pending,pending,45,4,alias_exact,
COLECTOMIE,infinity,POWER (db^^ISO+),,pending,unknown,pending,pending,pending,pending,pending,pending,pending,17,32,review,no dictionary alias; no-rule-matched
COLECTOMIE,infinity,PPV (%^^ISO+),,pending,unknown,pending,pending,pending,pending,pending,pending,pending,3,46,review,no dictionary alias; no-rule-matched
COLECTOMIE,infinity,PTC (^^ISO+),,pending,unknown,pending,pending,pending,pending,pending,pending,pending,10,39,review,no dictionary alias; no-rule-matched
COLECTOMIE,infinity,PVC/min (),,event,unknown,pending,pending,pending,pending,pending,pending,pending,1,48,classified,Infinity param: premature ventricular contractions per min; needs signal mapping
COLECTOMIE,infinity,PVC/min (/min^^ISO+),,event,unknown,pending,pending,pending,pending,pending,pending,pending,45,4,classified,Infinity param: premature ventricular contractions per min; needs signal mapping
COLECTOMIE,infinity,PWP (mm(hg)^^ISO+),,pending,unknown,pending,pending,pending,pending,pending,pending,pending,1,48,review,no dictionary alias; no-rule-matched
COLECTOMIE,infinity,Pamb (mbar^^ISO+),,pending,unknown,pending,pending,pending,pending,pending,pending,pending,45,4,review,no dictionary alias; no-rule-matched
COLECTOMIE,infinity,Patient Category (^^ISO+),,metadata,unknown,pending,pending,pending,pending,pending,pending,pending,45,4,classified,domain=metadata; rule:\bpatient categor; needs signal mapping
COLECTOMIE,infinity,Pinsp (mbar^^ISO+),,pending,unknown,pending,pending,pending,pending,pending,pending,pending,3,46,review,no dictionary alias; no-rule-matched
COLECTOMIE,infinity,Pmax set (mbar^^ISO+),,ventilator_setting,unknown,pending,pending,pending,pending,pending,pending,pending,45,4,classified,Infinity param: max pressure setting; needs signal mapping
COLECTOMIE,infinity,Pmean (mbar^^ISO+),,ventilator_setting,unknown,pending,pending,pending,pending,pending,pending,pending,45,4,classified,Infinity param: mean airway pressure; needs signal mapping
COLECTOMIE,infinity,Pplat (mbar^^ISO+),,ventilator_setting,unknown,pending,pending,pending,pending,pending,pending,pending,45,4,classified,Infinity param: plateau pressure; needs signal mapping
COLECTOMIE,infinity,Pulse width (us^^ISO+),,pending,unknown,pending,pending,pending,pending,pending,pending,pending,19,30,review,no dictionary alias; no-rule-matched
COLECTOMIE,infinity,R (mbar.s/L^^ISO+),,pending,unknown,pending,pending,pending,pending,pending,pending,pending,45,4,review,no dictionary alias; no-rule-matched
COLECTOMIE,infinity,RR (/min^^ISO+),,pending,unknown,pending,pending,pending,pending,pending,pending,pending,45,4,review,candidate dictionary entry: respiratory rate
COLECTOMIE,infinity,RR set (/min^^ISO+),,ventilator_setting,unknown,pending,pending,pending,pending,pending,pending,pending,45,4,classified,Infinity param: respiratory rate setting; needs signal mapping
COLECTOMIE,infinity,RRapn set (/min^^ISO+),,pending,unknown,pending,pending,pending,pending,pending,pending,pending,8,41,review,no dictionary alias; no-rule-matched
COLECTOMIE,infinity,RRc (/min^^ISO+),,ventilator_setting,unknown,pending,pending,pending,pending,pending,pending,pending,45,4,classified,Infinity param: respiratory rate control? verify; needs signal mapping
COLECTOMIE,infinity,RRf (/min^^ISO+),,pending,unknown,pending,pending,pending,pending,pending,pending,pending,45,4,review,no dictionary alias; no-rule-matched
COLECTOMIE,infinity,RRmand (/min^^ISO+),,ventilator_setting,unknown,pending,pending,pending,pending,pending,pending,pending,45,4,classified,Infinity param: mandatory respiratory rate; needs signal mapping
COLECTOMIE,infinity,RRp (/min),,ventilator_setting,unknown,pending,pending,pending,pending,pending,pending,pending,1,48,classified,Infinity param: respiratory rate parameter; needs signal mapping
COLECTOMIE,infinity,RRp (/min^^ISO+),,ventilator_setting,unknown,pending,pending,pending,pending,pending,pending,pending,45,4,classified,Infinity param: respiratory rate parameter; needs signal mapping
COLECTOMIE,infinity,RRspon (),,ventilator_setting,unknown,pending,pending,pending,pending,pending,pending,pending,1,48,classified,Infinity param: spontaneous respiratory rate; needs signal mapping
COLECTOMIE,infinity,RRspon (/min^^ISO+),,ventilator_setting,unknown,pending,pending,pending,pending,pending,pending,pending,45,4,classified,Infinity param: spontaneous respiratory rate; needs signal mapping
COLECTOMIE,infinity,SEF (hz^^ISO+),,pending,unknown,pending,pending,pending,pending,pending,pending,pending,17,32,review,candidate dictionary entry: spectral edge frequency (BIS family)
COLECTOMIE,infinity,SQI (%^^ISO+),,pending,unknown,pending,pending,pending,pending,pending,pending,pending,17,32,review,no dictionary alias; no-rule-matched
COLECTOMIE,infinity,STANDBY (^^ISO+),,metadata,unknown,pending,pending,pending,pending,pending,pending,pending,39,10,classified,Infinity param: ventilator standby state; needs signal mapping
COLECTOMIE,infinity,STI (mm^^ISO+),,physiological_signal,unknown,pending,pending,pending,pending,pending,pending,pending,45,4,classified,Infinity param: ST lead I; needs signal mapping
COLECTOMIE,infinity,STII (mm^^ISO+),,physiological_signal,unknown,pending,pending,pending,pending,pending,pending,pending,45,4,classified,Infinity param: ST lead II; needs signal mapping
COLECTOMIE,infinity,STIII (mm^^ISO+),,physiological_signal,unknown,pending,pending,pending,pending,pending,pending,pending,45,4,classified,Infinity param: ST lead III; needs signal mapping
COLECTOMIE,infinity,STV (mm^^ISO+),,physiological_signal,unknown,pending,pending,pending,pending,pending,pending,pending,45,4,classified,Infinity param: ST segment value? verify lead; needs signal mapping
COLECTOMIE,infinity,STV+ (mm^^ISO+),,physiological_signal,unknown,pending,pending,pending,pending,pending,pending,pending,41,8,classified,Infinity param: ST segment value? verify lead; needs signal mapping
COLECTOMIE,infinity,STaVF (mm^^ISO+),,physiological_signal,unknown,pending,pending,pending,pending,pending,pending,pending,45,4,classified,Infinity param: ST aVF; needs signal mapping
COLECTOMIE,infinity,STaVL (mm^^ISO+),,physiological_signal,unknown,pending,pending,pending,pending,pending,pending,pending,45,4,classified,Infinity param: ST aVL; needs signal mapping
COLECTOMIE,infinity,STaVR (mm^^ISO+),,physiological_signal,unknown,pending,pending,pending,pending,pending,pending,pending,45,4,classified,Infinity param: ST aVR; needs signal mapping
COLECTOMIE,infinity,Selected agen (),,pending,unknown,pending,pending,pending,pending,pending,pending,pending,1,48,review,no dictionary alias; no-rule-matched
COLECTOMIE,infinity,Selected agent unit (^^ISO+),,anesthesia_setting,unknown,pending,pending,pending,pending,pending,pending,pending,45,4,classified,domain=anesthesia_setting; rule:\bagent\b; needs signal mapping
COLECTOMIE,infinity,Sev cons (mL^^ISO+),,ventilator_setting_extra,unknown,pending,pending,pending,pending,pending,pending,pending,45,4,classified,domain=ventilator_setting_extra; rule:\bcons\b; needs signal mapping
COLECTOMIE,infinity,Sev tot (mL^^ISO+),,ventilator_setting_extra,unknown,pending,pending,pending,pending,pending,pending,pending,45,4,classified,domain=ventilator_setting_extra; rule:\btot\b; needs signal mapping
COLECTOMIE,infinity,Slope set (s^^ISO+),,ventilator_setting,unknown,pending,pending,pending,pending,pending,pending,pending,45,4,classified,Infinity param: pressure slope setting; needs signal mapping
COLECTOMIE,infinity,SpO2 (%^^ISO+),SPO2,pending,pending,pending,pending,pending,pending,pending,pending,pending,45,4,preexisting,
COLECTOMIE,infinity,SpO2 (),SPO2,physiological_signal,parameter,percent,pending,pending,pending,pending,pending,pending,1,48,alias_base,
COLECTOMIE,infinity,Stim current (ma^^ISO+),,pending,unknown,pending,pending,pending,pending,pending,pending,pending,19,30,review,no dictionary alias; no-rule-matched
COLECTOMIE,infinity,TC (s^^ISO+),,pending,unknown,pending,pending,pending,pending,pending,pending,pending,45,4,review,no dictionary alias; no-rule-matched
COLECTOMIE,infinity,TOF-Cnt (^^ISO+),,pending,unknown,pending,pending,pending,pending,pending,pending,pending,19,30,review,no dictionary alias; no-rule-matched
COLECTOMIE,infinity,TOF-Ratio (%^^ISO+),,pending,unknown,pending,pending,pending,pending,pending,pending,pending,19,30,review,no dictionary alias; no-rule-matched
COLECTOMIE,infinity,Ta (cel^^ISO+),TEMP,pending,pending,pending,pending,pending,pending,pending,pending,pending,45,4,preexisting,
COLECTOMIE,infinity,Tb (cel^^ISO+),TEMP,physiological_signal,unknown,celsius,pending,pending,pending,pending,pending,pending,45,4,alias_exact,
COLECTOMIE,infinity,Tcase (min^^ISO+),,metadata,unknown,pending,pending,pending,pending,pending,pending,pending,45,4,classified,Infinity param: test/case marker? verify; needs signal mapping
COLECTOMIE,infinity,Ti set (s^^ISO+),,pending,unknown,pending,pending,pending,pending,pending,pending,pending,45,4,review,no dictionary alias; no-rule-matched
COLECTOMIE,infinity,V'CO2 (mL/min^^ISO+),,pending,unknown,pending,pending,pending,pending,pending,pending,pending,45,4,review,no dictionary alias; no-rule-matched
COLECTOMIE,infinity,V'O2 (0.01 L/min^^ISO+),,physiological_signal,unknown,pending,pending,pending,pending,pending,pending,pending,45,4,classified,Infinity param: O2 consumption? verify; needs signal mapping
COLECTOMIE,infinity,VENT TYPE (),,pending,unknown,pending,pending,pending,pending,pending,pending,pending,49,0,review,no dictionary alias; no-rule-matched
COLECTOMIE,infinity,VT (mL^^ISO+),TV,physiological_signal,unknown,mL,pending,pending,pending,pending,pending,pending,45,4,alias_base,
COLECTOMIE,infinity,VTe (mL^^ISO+),TV,pending,pending,pending,pending,pending,pending,pending,pending,pending,43,6,preexisting,
COLECTOMIE,infinity,VTemand (),,ventilator_setting,unknown,pending,pending,pending,pending,pending,pending,pending,2,47,classified,Infinity param: mandatory tidal volume; needs signal mapping
COLECTOMIE,infinity,VTemand (mL^^ISO+),,ventilator_setting,unknown,pending,pending,pending,pending,pending,pending,pending,45,4,classified,Infinity param: mandatory tidal volume; needs signal mapping
COLECTOMIE,infinity,VTespon (mL^^ISO+),,ventilator_setting,unknown,pending,pending,pending,pending,pending,pending,pending,45,4,classified,Infinity param: spontaneous tidal volume; needs signal mapping
COLECTOMIE,infinity,VTi (mL^^ISO+),,pending,unknown,pending,pending,pending,pending,pending,pending,pending,45,4,review,no dictionary alias; no-rule-matched
COLECTOMIE,infinity,VTi set (mL^^ISO+),,pending,unknown,pending,pending,pending,pending,pending,pending,pending,45,4,review,no dictionary alias; no-rule-matched
COLECTOMIE,infinity,VTimand (mL^^ISO+),,pending,unknown,pending,pending,pending,pending,pending,pending,pending,45,4,review,no dictionary alias; no-rule-matched
COLECTOMIE,infinity,VTispon (mL^^ISO+),,pending,unknown,pending,pending,pending,pending,pending,pending,pending,45,4,review,no dictionary alias; no-rule-matched
COLECTOMIE,infinity,Vent. mode (),,ventilator_setting,unknown,pending,pending,pending,pending,pending,pending,pending,1,48,classified,Infinity param: ventilation mode; needs signal mapping
COLECTOMIE,infinity,Vent. mode (^^ISO+),,ventilator_setting,unknown,pending,pending,pending,pending,pending,pending,pending,45,4,classified,Infinity param: ventilation mode; needs signal mapping
COLECTOMIE,infinity,Weight (kg^^ISO+),,demographic,unknown,pending,pending,pending,pending,pending,pending,pending,45,4,classified,domain=demographic; rule:\bweight\b; needs signal mapping
COLECTOMIE,infinity,dT (cel^^ISO+),,pending,unknown,pending,pending,pending,pending,pending,pending,pending,45,4,review,no dictionary alias; no-rule-matched
COLECTOMIE,infinity,etCO2 (mm(hg)^^ISO+),ETCO2,pending,pending,pending,pending,pending,pending,pending,pending,pending,45,4,preexisting,
COLECTOMIE,infinity,etDes (%^^ISO+),ET_DES,pending,pending,pending,pending,pending,pending,pending,pending,pending,45,4,preexisting,
COLECTOMIE,infinity,etEnf (%^^ISO+),,pending,unknown,pending,pending,pending,pending,pending,pending,pending,45,4,review,no dictionary alias; no-rule-matched
COLECTOMIE,infinity,etHal (%^^ISO+),,pending,unknown,pending,pending,pending,pending,pending,pending,pending,45,4,review,no dictionary alias; no-rule-matched
COLECTOMIE,infinity,etIso (%^^ISO+),,pending,unknown,pending,pending,pending,pending,pending,pending,pending,45,4,review,no dictionary alias; no-rule-matched
COLECTOMIE,infinity,etN2O (%^^ISO+),,physiological_signal,unknown,pending,pending,pending,pending,pending,pending,pending,45,4,classified,Infinity param: end-tidal N2O; needs signal mapping
COLECTOMIE,infinity,etO2 (%^^ISO+),,physiological_signal,unknown,pending,pending,pending,pending,pending,pending,pending,45,4,classified,Infinity param: end-tidal O2; needs signal mapping
COLECTOMIE,infinity,etPrimA (%^^ISO+),,anesthesia_setting,unknown,pending,pending,pending,pending,pending,pending,pending,45,4,classified,Infinity param: end-tidal primary agent? verify; needs signal mapping
COLECTOMIE,infinity,etSecA (%^^ISO+),,anesthesia_setting,unknown,pending,pending,pending,pending,pending,pending,pending,45,4,classified,Infinity param: end-tidal secondary agent? verify; needs signal mapping
COLECTOMIE,infinity,etSev (%^^ISO+),ET_SEVO,pending,pending,pending,pending,pending,pending,pending,pending,pending,45,4,preexisting,
COLECTOMIE,infinity,inCO2 (mm(hg)^^ISO+),,pending,unknown,pending,pending,pending,pending,pending,pending,pending,45,4,review,no dictionary alias; no-rule-matched
COLECTOMIE,infinity,inDes (%^^ISO+),,anesthesia_setting,unknown,pending,pending,pending,pending,pending,pending,pending,45,4,classified,Infinity param: inspired desflurane; needs signal mapping
COLECTOMIE,infinity,inEnf (%^^ISO+),,pending,unknown,pending,pending,pending,pending,pending,pending,pending,45,4,review,no dictionary alias; no-rule-matched
COLECTOMIE,infinity,inHal (%^^ISO+),,anesthesia_setting,unknown,pending,pending,pending,pending,pending,pending,pending,45,4,classified,Infinity param: inspired halothane; needs signal mapping
COLECTOMIE,infinity,inIso (%^^ISO+),,ventilator_setting,unknown,pending,pending,pending,pending,pending,pending,pending,45,4,classified,Infinity param: initial isoflurane? verify; needs signal mapping
COLECTOMIE,infinity,inN2O (%^^ISO+),,pending,unknown,pending,pending,pending,pending,pending,pending,pending,45,4,review,no dictionary alias; no-rule-matched
COLECTOMIE,infinity,inPrimA (%^^ISO+),,anesthesia_setting,unknown,pending,pending,pending,pending,pending,pending,pending,45,4,classified,Infinity param: inspired primary agent? verify; needs signal mapping
COLECTOMIE,infinity,inSecA (%^^ISO+),,pending,unknown,pending,pending,pending,pending,pending,pending,pending,45,4,review,no dictionary alias; no-rule-matched
COLECTOMIE,infinity,inSev (%^^ISO+),,anesthesia_setting,unknown,pending,pending,pending,pending,pending,pending,pending,45,4,classified,Infinity param: inspired sevoflurane; needs signal mapping
COLECTOMIE,infinity,inxMAC (^^ISO+),,anesthesia_setting,unknown,pending,pending,pending,pending,pending,pending,pending,45,4,classified,Infinity param: inspired xMAC; needs signal mapping
COLECTOMIE,infinity,leak BS M/S (mL/min^^ISO+),,ventilator_setting,unknown,pending,pending,pending,pending,pending,pending,pending,45,4,classified,Infinity param: leak; needs signal mapping
COLECTOMIE,infinity,nr,,pending,unknown,pending,pending,pending,pending,pending,pending,pending,49,0,review,no dictionary alias; no-rule-matched
COLECTOMIE,infinity,r2 (^^ISO+),,pending,unknown,pending,pending,pending,pending,pending,pending,pending,45,4,review,no dictionary alias; no-rule-matched
COLECTOMIE,infinity,xMAC (^^ISO+),MAC,pending,pending,pending,pending,pending,pending,pending,pending,pending,45,4,preexisting,
COLECTOMIE,nol,,,event_or_signal,unknown,pending,pending,pending,pending,pending,pending,pending,51,0,review,empty column name in source header; data quality
COLECTOMIE,nol,N/A,,event_or_signal,unknown,pending,pending,pending,pending,pending,pending,pending,51,0,classified,domain=event_or_signal; rule:source=nol; needs signal mapping
DEXREM,bettercare,AIR FLOW,,pending,unknown,pending,pending,pending,pending,pending,pending,pending,1,0,review,no dictionary alias; no-rule-matched
DEXREM,bettercare,ART M,ART_MEAN,pending,pending,pending,pending,pending,pending,pending,pending,pending,1,0,preexisting,
DEXREM,bettercare,ART M Dias,ART_DIA,pending,pending,pending,pending,pending,pending,pending,pending,pending,1,0,preexisting,
DEXREM,bettercare,ART M Sys,ART_SYS,pending,pending,pending,pending,pending,pending,pending,pending,pending,1,0,preexisting,
DEXREM,bettercare,Annotations,,event,unknown,pending,pending,pending,pending,pending,pending,pending,1,0,classified,domain=event; rule:\bannotation; needs signal mapping
DEXREM,bettercare,CO2,,pending,unknown,pending,pending,pending,pending,pending,pending,pending,1,0,review,no dictionary alias; no-rule-matched
DEXREM,bettercare,CVP M,CVP,pending,pending,pending,pending,pending,pending,pending,pending,pending,1,0,preexisting,
DEXREM,bettercare,ECG I,,pending,unknown,pending,pending,pending,pending,pending,pending,pending,1,0,review,no dictionary alias; no-rule-matched
DEXREM,bettercare,ECG II,,pending,unknown,pending,pending,pending,pending,pending,pending,pending,1,0,review,no dictionary alias; no-rule-matched
DEXREM,bettercare,ECG III,,pending,unknown,pending,pending,pending,pending,pending,pending,pending,1,0,review,no dictionary alias; no-rule-matched
DEXREM,bettercare,ECG V1,,pending,unknown,pending,pending,pending,pending,pending,pending,pending,1,0,review,no dictionary alias; no-rule-matched
DEXREM,bettercare,ECG V2,,pending,unknown,pending,pending,pending,pending,pending,pending,pending,1,0,review,no dictionary alias; no-rule-matched
DEXREM,bettercare,ECG V3,,pending,unknown,pending,pending,pending,pending,pending,pending,pending,1,0,review,no dictionary alias; no-rule-matched
DEXREM,bettercare,ECG V4,,pending,unknown,pending,pending,pending,pending,pending,pending,pending,1,0,review,no dictionary alias; no-rule-matched
DEXREM,bettercare,ECG V5,,pending,unknown,pending,pending,pending,pending,pending,pending,pending,1,0,review,no dictionary alias; no-rule-matched
DEXREM,bettercare,ECG V6,,pending,unknown,pending,pending,pending,pending,pending,pending,pending,1,0,review,no dictionary alias; no-rule-matched
DEXREM,bettercare,ECG aVF,,pending,unknown,pending,pending,pending,pending,pending,pending,pending,1,0,review,no dictionary alias; no-rule-matched
DEXREM,bettercare,ECG aVL,,pending,unknown,pending,pending,pending,pending,pending,pending,pending,1,0,review,no dictionary alias; no-rule-matched
DEXREM,bettercare,ECG aVR,,pending,unknown,pending,pending,pending,pending,pending,pending,pending,1,0,review,no dictionary alias; no-rule-matched
DEXREM,bettercare,HR,HR,pending,pending,pending,pending,pending,pending,pending,pending,pending,1,0,preexisting,
DEXREM,bettercare,LA M,,pending,unknown,pending,pending,pending,pending,pending,pending,pending,1,0,review,no dictionary alias; no-rule-matched
DEXREM,bettercare,NIBP M,NBP_MEAN,pending,pending,pending,pending,pending,pending,pending,pending,pending,1,0,preexisting,
DEXREM,bettercare,PA M,PA_MEAN,pending,pending,pending,pending,pending,pending,pending,pending,pending,1,0,preexisting,
DEXREM,bettercare,PA M Dias,PA_DIA,pending,pending,pending,pending,pending,pending,pending,pending,pending,1,0,preexisting,
DEXREM,bettercare,PA M Sys,PA_SYS,pending,pending,pending,pending,pending,pending,pending,pending,pending,1,0,preexisting,
DEXREM,bettercare,PAD,,pending,unknown,pending,pending,pending,pending,pending,pending,pending,1,0,review,no dictionary alias; no-rule-matched
DEXREM,bettercare,PAI,,pending,unknown,pending,pending,pending,pending,pending,pending,pending,1,0,review,no dictionary alias; no-rule-matched
DEXREM,bettercare,PAP,,pending,unknown,pending,pending,pending,pending,pending,pending,pending,1,0,review,no dictionary alias; no-rule-matched
DEXREM,bettercare,PAW,,pending,unknown,pending,pending,pending,pending,pending,pending,pending,1,0,review,no dictionary alias; no-rule-matched
DEXREM,bettercare,PLETH,,pending,unknown,pending,pending,pending,pending,pending,pending,pending,1,0,review,no dictionary alias; no-rule-matched
DEXREM,bettercare,PNI,,pending,unknown,pending,pending,pending,pending,pending,pending,pending,1,0,review,no dictionary alias; no-rule-matched
DEXREM,bettercare,PRES ART,,pending,unknown,pending,pending,pending,pending,pending,pending,pending,1,0,review,no dictionary alias; no-rule-matched
DEXREM,bettercare,PVC,,pending,unknown,pending,pending,pending,pending,pending,pending,pending,1,0,review,no dictionary alias; no-rule-matched
DEXREM,bettercare,RA M,,pending,unknown,pending,pending,pending,pending,pending,pending,pending,1,0,review,no dictionary alias; no-rule-matched
DEXREM,bettercare,RESP,,pending,unknown,pending,pending,pending,pending,pending,pending,pending,1,0,review,candidate dictionary entry: respiratory (rate or waveform? ambiguous)
DEXREM,bettercare,RRc,,ventilator_setting,unknown,pending,pending,pending,pending,pending,pending,pending,1,0,classified,Infinity param: respiratory rate control? verify; needs signal mapping
DEXREM,bettercare,SpO2,SPO2,pending,pending,pending,pending,pending,pending,pending,pending,pending,1,0,preexisting,
DEXREM,bettercare,Time (msecs),,metadata,unknown,pending,pending,pending,pending,pending,pending,pending,1,0,classified,domain=metadata; rule:\btime\b; needs signal mapping
DEXREM,bettercare,VT,TV,pending,pending,pending,pending,pending,pending,pending,pending,pending,1,0,preexisting,
DEXREM,bettercare,etCO2,ETCO2,pending,pending,pending,pending,pending,pending,pending,pending,pending,1,0,preexisting,
DEXREM,bettercare,peak paw,,pending,unknown,pending,pending,pending,pending,pending,pending,pending,1,0,review,no dictionary alias; no-rule-matched
DEXREM,bettercare,vt insp,,pending,unknown,pending,pending,pending,pending,pending,pending,pending,1,0,review,no dictionary alias; no-rule-matched
DEXREM,infinity,%PACED (%^^ISO+),,event,unknown,pending,pending,pending,pending,pending,pending,pending,1,0,classified,Infinity param: percent paced beats; needs signal mapping
DEXREM,infinity,(),,pending,unknown,pending,pending,pending,pending,pending,pending,pending,1,0,review,no dictionary alias; no-rule-matched
DEXREM,infinity,2nd Anesthesia gas (^^ISO+),,anesthesia_setting,unknown,pending,pending,pending,pending,pending,pending,pending,1,0,classified,domain=anesthesia_setting; rule:\banesthes; needs signal mapping
DEXREM,infinity,ARR (^^ISO+),,pending,unknown,pending,pending,pending,pending,pending,pending,pending,1,0,review,no dictionary alias; no-rule-matched
DEXREM,infinity,ART D (mm(hg)^^ISO+),ART_DIA,pending,pending,pending,pending,pending,pending,pending,pending,pending,1,0,preexisting,
DEXREM,infinity,ART M (mm(hg)^^ISO+),ART_MEAN,pending,pending,pending,pending,pending,pending,pending,pending,pending,1,0,preexisting,
DEXREM,infinity,ART S (),ART_SYS,physiological_signal,parameter,mmHg,pending,pending,pending,pending,pending,pending,1,0,alias_base,
DEXREM,infinity,ART S (mm(hg)^^ISO+),ART_SYS,pending,pending,pending,pending,pending,pending,pending,pending,pending,1,0,preexisting,
DEXREM,infinity,Age (a^^ISO+),,demographic,unknown,pending,pending,pending,pending,pending,pending,pending,1,0,classified,domain=demographic; rule:\bage\b; needs signal mapping
DEXREM,infinity,Air cons (L^^ISO+),,ventilator_setting_extra,unknown,pending,pending,pending,pending,pending,pending,pending,1,0,classified,domain=ventilator_setting_extra; rule:\bcons\b; needs signal mapping
DEXREM,infinity,Anesthesia gas (^^ISO+),,anesthesia_setting,unknown,pending,pending,pending,pending,pending,pending,pending,1,0,classified,domain=anesthesia_setting; rule:\banesthes; needs signal mapping
DEXREM,infinity,Apn Dur (),,alarm,unknown,pending,pending,pending,pending,pending,pending,pending,1,0,classified,domain=alarm; rule:\bapn; needs signal mapping
DEXREM,infinity,Apn Dur (s^^I),,alarm,unknown,pending,pending,pending,pending,pending,pending,pending,1,0,classified,domain=alarm; rule:\bapn; needs signal mapping
DEXREM,infinity,Apn Dur (s^^ISO+),,alarm,unknown,pending,pending,pending,pending,pending,pending,pending,1,0,classified,domain=alarm; rule:\bapn; needs signal mapping
DEXREM,infinity,Audio pause (^^ISO+),,alarm,unknown,pending,pending,pending,pending,pending,pending,pending,1,0,classified,domain=alarm; rule:\baudio pause; needs signal mapping
DEXREM,infinity,CO2 unit (^^ISO+),,metadata,unknown,pending,pending,pending,pending,pending,pending,pending,1,0,classified,Infinity param: CO2 module identifier; needs signal mapping
DEXREM,infinity,CVP (mm(hg)^^ISO+),CVP,pending,pending,pending,pending,pending,pending,pending,pending,pending,1,0,preexisting,
DEXREM,infinity,Carrier gas (^^ISO+),,anesthesia_setting,unknown,pending,pending,pending,pending,pending,pending,pending,1,0,classified,domain=anesthesia_setting; rule:\bgas\b; needs signal mapping
DEXREM,infinity,Cbs+hose (mL/hpa^^ISO+),,ventilator_setting_extra,unknown,pending,pending,pending,pending,pending,pending,pending,1,0,classified,domain=ventilator_setting_extra; rule:\bhose\b; needs signal mapping
DEXREM,infinity,Cdyn (L/bar^^ISO+),,pending,unknown,pending,pending,pending,pending,pending,pending,pending,1,0,review,no dictionary alias; no-rule-matched
DEXREM,infinity,Chose (mL/hpa^^),,ventilator_setting,unknown,pending,pending,pending,pending,pending,pending,pending,1,0,classified,Infinity param: compliance hose? verify; needs signal mapping
DEXREM,infinity,Chose (mL/hpa^^ISO+),,ventilator_setting,unknown,pending,pending,pending,pending,pending,pending,pending,1,0,classified,Infinity param: compliance hose? verify; needs signal mapping
DEXREM,infinity,DEVICENAME,,demographic,unknown,pending,pending,pending,pending,pending,pending,pending,1,0,classified,domain=demographic; rule:\bdevicename\b; needs signal mapping
DEXREM,infinity,DO2 (%^^ISO+),,physiological_signal,unknown,pending,pending,pending,pending,pending,pending,pending,1,0,classified,Infinity param: oxygen delivery? verify; needs signal mapping
DEXREM,infinity,DPsupp set (mbar^^ISO+),,ventilator_setting_extra,unknown,pending,pending,pending,pending,pending,pending,pending,1,0,classified,domain=ventilator_setting_extra; rule:\bdpsupp\b; needs signal mapping
DEXREM,infinity,Des cons (),,ventilator_setting_extra,unknown,pending,pending,pending,pending,pending,pending,pending,1,0,classified,domain=ventilator_setting_extra; rule:\bcons\b; needs signal mapping
DEXREM,infinity,Des cons (mL^^ISO+),,ventilator_setting_extra,unknown,pending,pending,pending,pending,pending,pending,pending,1,0,classified,domain=ventilator_setting_extra; rule:\bcons\b; needs signal mapping
DEXREM,infinity,Des tot (mL^^ISO+),,ventilator_setting_extra,unknown,pending,pending,pending,pending,pending,pending,pending,1,0,classified,domain=ventilator_setting_extra; rule:\btot\b; needs signal mapping
DEXREM,infinity,Device check (^^ISO+),,metadata,unknown,pending,pending,pending,pending,pending,pending,pending,1,0,classified,Infinity param: device self-check flag; needs signal mapping
DEXREM,infinity,E (mbar/L^^ISO+),,ventilator_setting,unknown,pending,pending,pending,pending,pending,pending,pending,1,0,classified,Infinity param: elastance; needs signal mapping
DEXREM,infinity,Enf cons (mL^^ISO+),,ventilator_setting_extra,unknown,pending,pending,pending,pending,pending,pending,pending,1,0,classified,domain=ventilator_setting_extra; rule:\bcons\b; needs signal mapping
DEXREM,infinity,Enf tot (mL^^ISO+),,ventilator_setting_extra,unknown,pending,pending,pending,pending,pending,pending,pending,1,0,classified,domain=ventilator_setting_extra; rule:\btot\b; needs signal mapping
DEXREM,infinity,FG Des (kpa^^ISO+),,ventilator_setting_extra,unknown,pending,pending,pending,pending,pending,pending,pending,1,0,classified,domain=ventilator_setting_extra; rule:\bfg \b; needs signal mapping
DEXREM,infinity,FG Iso (kpa^^ISO+),,ventilator_setting_extra,unknown,pending,pending,pending,pending,pending,pending,pending,1,0,classified,domain=ventilator_setting_extra; rule:\bfg \b; needs signal mapping
DEXREM,infinity,FG O2 (%^^ISO+),,ventilator_setting_extra,unknown,pending,pending,pending,pending,pending,pending,pending,1,0,classified,domain=ventilator_setting_extra; rule:\bfg \b; needs signal mapping
DEXREM,infinity,FG Sev (kpa^^ISO+),,ventilator_setting_extra,unknown,pending,pending,pending,pending,pending,pending,pending,1,0,classified,domain=ventilator_setting_extra; rule:\bfg \b; needs signal mapping
DEXREM,infinity,FG V'Air (mL/min^^ISO+),,ventilator_setting_extra,unknown,pending,pending,pending,pending,pending,pending,pending,1,0,classified,domain=ventilator_setting_extra; rule:\bfg \b; needs signal mapping
DEXREM,infinity,FG V'N2O (mL/min^^ISO+),,ventilator_setting_extra,unknown,pending,pending,pending,pending,pending,pending,pending,1,0,classified,domain=ventilator_setting_extra; rule:\bfg \b; needs signal mapping
DEXREM,infinity,FG V'O2 (mL/min^^ISO+),,ventilator_setting_extra,unknown,pending,pending,pending,pending,pending,pending,pending,1,0,classified,domain=ventilator_setting_extra; rule:\bfg \b; needs signal mapping
DEXREM,infinity,FG flow (mL/min^^ISO+),,ventilator_setting_extra,unknown,pending,pending,pending,pending,pending,pending,pending,1,0,classified,domain=ventilator_setting_extra; rule:\bfg \b; needs signal mapping
DEXREM,infinity,FiO2 (%^^ISO+),,ventilator_setting,unknown,pending,pending,pending,pending,pending,pending,pending,1,0,classified,Infinity param: fraction of inspired O2; needs signal mapping
DEXREM,infinity,Flow trigger set (L/min^^ISO+),,pending,unknown,pending,pending,pending,pending,pending,pending,pending,1,0,review,no dictionary alias; no-rule-matched
DEXREM,infinity,HR (/min^^ISO+),HR,pending,pending,pending,pending,pending,pending,pending,pending,pending,1,0,preexisting,
DEXREM,infinity,Hal cons (mL^^ISO+),,ventilator_setting_extra,unknown,pending,pending,pending,pending,pending,pending,pending,1,0,classified,domain=ventilator_setting_extra; rule:\bcons\b; needs signal mapping
DEXREM,infinity,Hal tot (mL^^ISO+),,ventilator_setting_extra,unknown,pending,pending,pending,pending,pending,pending,pending,1,0,classified,domain=ventilator_setting_extra; rule:\btot\b; needs signal mapping
DEXREM,infinity,Height (cm^^ISO+),,demographic,unknown,pending,pending,pending,pending,pending,pending,pending,1,0,classified,domain=demographic; rule:\bheight\b; needs signal mapping
DEXREM,infinity,Insp. term. set (%(PIF)^^ISO+),,ventilator_setting,unknown,pending,pending,pending,pending,pending,pending,pending,1,0,classified,Infinity param: inspiratory termination setting; needs signal mapping
DEXREM,infinity,Iso cons (mL^^ISO+),,ventilator_setting_extra,unknown,pending,pending,pending,pending,pending,pending,pending,1,0,classified,domain=ventilator_setting_extra; rule:\bcons\b; needs signal mapping
DEXREM,infinity,Iso tot (mL^^ISO+),,ventilator_setting_extra,unknown,pending,pending,pending,pending,pending,pending,pending,1,0,classified,domain=ventilator_setting_extra; rule:\btot\b; needs signal mapping
DEXREM,infinity,Leak BS (mL/min^^ISO+),,ventilator_setting,unknown,pending,pending,pending,pending,pending,pending,pending,1,0,classified,Infinity param: leak (body surface?) verify; needs signal mapping
DEXREM,infinity,MV (L/min^^ISO+),,ventilator_setting,unknown,pending,pending,pending,pending,pending,pending,pending,1,0,classified,Infinity param: minute volume; needs signal mapping
DEXREM,infinity,MVe (L/min^^ISO+),,ventilator_setting,unknown,pending,pending,pending,pending,pending,pending,pending,1,0,classified,Infinity param: expiratory minute volume; needs signal mapping
DEXREM,infinity,MVmand (L/min^^ISO+),,ventilator_setting,unknown,pending,pending,pending,pending,pending,pending,pending,1,0,classified,Infinity param: mandatory minute volume; needs signal mapping
DEXREM,infinity,MVspon (L/min^^ISO+),,ventilator_setting,unknown,pending,pending,pending,pending,pending,pending,pending,1,0,classified,Infinity param: spontaneous minute volume; needs signal mapping
DEXREM,infinity,N2O cons (L^^ISO+),,ventilator_setting_extra,unknown,pending,pending,pending,pending,pending,pending,pending,1,0,classified,domain=ventilator_setting_extra; rule:\bcons\b; needs signal mapping
DEXREM,infinity,NBP D (),NBP_DIA,physiological_signal,unknown,mmHg,pending,pending,pending,pending,pending,pending,1,0,alias_base,
DEXREM,infinity,NBP D (mm(hg)^^ISO+),NBP_DIA,pending,pending,pending,pending,pending,pending,pending,pending,pending,1,0,preexisting,
DEXREM,infinity,NBP M (mm(hg)^^ISO+),NBP_MEAN,pending,pending,pending,pending,pending,pending,pending,pending,pending,1,0,preexisting,
DEXREM,infinity,NBP S (mm(hg)^^ISO+),NBP_SYS,pending,pending,pending,pending,pending,pending,pending,pending,pending,1,0,preexisting,
DEXREM,infinity,NMT-Temp (cel^^ISO+),,pending,unknown,pending,pending,pending,pending,pending,pending,pending,1,0,review,no dictionary alias; no-rule-matched
DEXREM,infinity,O2 cons (L^^ISO+),,ventilator_setting_extra,unknown,pending,pending,pending,pending,pending,pending,pending,1,0,classified,domain=ventilator_setting_extra; rule:\bcons\b; needs signal mapping
DEXREM,infinity,OBSERVATION_DATETIME,,pending,unknown,pending,pending,pending,pending,pending,pending,pending,1,0,review,no dictionary alias; no-rule-matched
DEXREM,infinity,PEEP (mbar^^ISO+),PEEP,pending,pending,pending,pending,pending,pending,pending,pending,pending,1,0,preexisting,
DEXREM,infinity,PEEP set (mbar^^ISO+),,ventilator_setting,unknown,pending,pending,pending,pending,pending,pending,pending,1,0,classified,domain=ventilator_setting; rule:\bpeep\b; needs signal mapping
DEXREM,infinity,PIP (),,ventilator_setting,unknown,pending,pending,pending,pending,pending,pending,pending,1,0,classified,Infinity param: peak inspiratory pressure; needs signal mapping
DEXREM,infinity,PIP (mbar^^ISO+),,ventilator_setting,unknown,pending,pending,pending,pending,pending,pending,pending,1,0,classified,Infinity param: peak inspiratory pressure; needs signal mapping
DEXREM,infinity,PLS (/min^^ISO+),HR,physiological_signal,unknown,bpm,pending,pending,pending,pending,pending,pending,1,0,alias_exact,
DEXREM,infinity,PPV (%^^ISO+),,pending,unknown,pending,pending,pending,pending,pending,pending,pending,1,0,review,no dictionary alias; no-rule-matched
DEXREM,infinity,PTC (^^ISO+),,pending,unknown,pending,pending,pending,pending,pending,pending,pending,1,0,review,no dictionary alias; no-rule-matched
DEXREM,infinity,PVC/min (/min^^ISO+),,event,unknown,pending,pending,pending,pending,pending,pending,pending,1,0,classified,Infinity param: premature ventricular contractions per min; needs signal mapping
DEXREM,infinity,Pamb (mbar^^ISO+),,pending,unknown,pending,pending,pending,pending,pending,pending,pending,1,0,review,no dictionary alias; no-rule-matched
DEXREM,infinity,Patie (),,pending,unknown,pending,pending,pending,pending,pending,pending,pending,1,0,review,no dictionary alias; no-rule-matched
DEXREM,infinity,Patient Category (^^ISO+),,metadata,unknown,pending,pending,pending,pending,pending,pending,pending,1,0,classified,domain=metadata; rule:\bpatient categor; needs signal mapping
DEXREM,infinity,Pmax set (mbar^^ISO+),,ventilator_setting,unknown,pending,pending,pending,pending,pending,pending,pending,1,0,classified,Infinity param: max pressure setting; needs signal mapping
DEXREM,infinity,Pmean (),,ventilator_setting,unknown,pending,pending,pending,pending,pending,pending,pending,1,0,classified,Infinity param: mean airway pressure; needs signal mapping
DEXREM,infinity,Pmean (mbar^^ISO+),,ventilator_setting,unknown,pending,pending,pending,pending,pending,pending,pending,1,0,classified,Infinity param: mean airway pressure; needs signal mapping
DEXREM,infinity,Pplat (mbar^^ISO+),,ventilator_setting,unknown,pending,pending,pending,pending,pending,pending,pending,1,0,classified,Infinity param: plateau pressure; needs signal mapping
DEXREM,infinity,Pulse width (us^^ISO+),,pending,unknown,pending,pending,pending,pending,pending,pending,pending,1,0,review,no dictionary alias; no-rule-matched
DEXREM,infinity,R (mbar.s/L^^ISO+),,pending,unknown,pending,pending,pending,pending,pending,pending,pending,1,0,review,no dictionary alias; no-rule-matched
DEXREM,infinity,RR (/min^^ISO+),,pending,unknown,pending,pending,pending,pending,pending,pending,pending,1,0,review,candidate dictionary entry: respiratory rate
DEXREM,infinity,RR set (/min^^ISO+),,ventilator_setting,unknown,pending,pending,pending,pending,pending,pending,pending,1,0,classified,Infinity param: respiratory rate setting; needs signal mapping
DEXREM,infinity,RRc (/min^^ISO+),,ventilator_setting,unknown,pending,pending,pending,pending,pending,pending,pending,1,0,classified,Infinity param: respiratory rate control? verify; needs signal mapping
DEXREM,infinity,RRf (/min^^ISO+),,pending,unknown,pending,pending,pending,pending,pending,pending,pending,1,0,review,no dictionary alias; no-rule-matched
DEXREM,infinity,RRmand (/min^^ISO+),,ventilator_setting,unknown,pending,pending,pending,pending,pending,pending,pending,1,0,classified,Infinity param: mandatory respiratory rate; needs signal mapping
DEXREM,infinity,RRp (/min^^ISO+),,ventilator_setting,unknown,pending,pending,pending,pending,pending,pending,pending,1,0,classified,Infinity param: respiratory rate parameter; needs signal mapping
DEXREM,infinity,RRspon (/min^^ISO+),,ventilator_setting,unknown,pending,pending,pending,pending,pending,pending,pending,1,0,classified,Infinity param: spontaneous respiratory rate; needs signal mapping
DEXREM,infinity,STANDBY (^^ISO+),,metadata,unknown,pending,pending,pending,pending,pending,pending,pending,1,0,classified,Infinity param: ventilator standby state; needs signal mapping
DEXREM,infinity,STI (mm^^ISO+),,physiological_signal,unknown,pending,pending,pending,pending,pending,pending,pending,1,0,classified,Infinity param: ST lead I; needs signal mapping
DEXREM,infinity,STII (mm^^ISO+),,physiological_signal,unknown,pending,pending,pending,pending,pending,pending,pending,1,0,classified,Infinity param: ST lead II; needs signal mapping
DEXREM,infinity,STIII (mm^^ISO+),,physiological_signal,unknown,pending,pending,pending,pending,pending,pending,pending,1,0,classified,Infinity param: ST lead III; needs signal mapping
DEXREM,infinity,STV (mm^^ISO+),,physiological_signal,unknown,pending,pending,pending,pending,pending,pending,pending,1,0,classified,Infinity param: ST segment value? verify lead; needs signal mapping
DEXREM,infinity,STV+ (mm^^ISO+),,physiological_signal,unknown,pending,pending,pending,pending,pending,pending,pending,1,0,classified,Infinity param: ST segment value? verify lead; needs signal mapping
DEXREM,infinity,STaVF (mm^^ISO+),,physiological_signal,unknown,pending,pending,pending,pending,pending,pending,pending,1,0,classified,Infinity param: ST aVF; needs signal mapping
DEXREM,infinity,STaVL (mm^^ISO+),,physiological_signal,unknown,pending,pending,pending,pending,pending,pending,pending,1,0,classified,Infinity param: ST aVL; needs signal mapping
DEXREM,infinity,STaVR (mm^^ISO+),,physiological_signal,unknown,pending,pending,pending,pending,pending,pending,pending,1,0,classified,Infinity param: ST aVR; needs signal mapping
DEXREM,infinity,Selected agent unit (^^ISO+),,anesthesia_setting,unknown,pending,pending,pending,pending,pending,pending,pending,1,0,classified,domain=anesthesia_setting; rule:\bagent\b; needs signal mapping
DEXREM,infinity,Sev cons (mL^^ISO+),,ventilator_setting_extra,unknown,pending,pending,pending,pending,pending,pending,pending,1,0,classified,domain=ventilator_setting_extra; rule:\bcons\b; needs signal mapping
DEXREM,infinity,Sev tot (mL^^ISO+),,ventilator_setting_extra,unknown,pending,pending,pending,pending,pending,pending,pending,1,0,classified,domain=ventilator_setting_extra; rule:\btot\b; needs signal mapping
DEXREM,infinity,Slope set (s^^ISO+),,ventilator_setting,unknown,pending,pending,pending,pending,pending,pending,pending,1,0,classified,Infinity param: pressure slope setting; needs signal mapping
DEXREM,infinity,SpO2 (%^^ISO+),SPO2,pending,pending,pending,pending,pending,pending,pending,pending,pending,1,0,preexisting,
DEXREM,infinity,Standby (^^ISO+),,metadata,unknown,pending,pending,pending,pending,pending,pending,pending,1,0,classified,Infinity param: ventilator standby state; needs signal mapping
DEXREM,infinity,Stim current (ma^^ISO+),,pending,unknown,pending,pending,pending,pending,pending,pending,pending,1,0,review,no dictionary alias; no-rule-matched
DEXREM,infinity,TC (s^^ISO+),,pending,unknown,pending,pending,pending,pending,pending,pending,pending,1,0,review,no dictionary alias; no-rule-matched
DEXREM,infinity,TOF-Cnt (^^ISO+),,pending,unknown,pending,pending,pending,pending,pending,pending,pending,1,0,review,no dictionary alias; no-rule-matched
DEXREM,infinity,TOF-Ratio (%^^ISO+),,pending,unknown,pending,pending,pending,pending,pending,pending,pending,1,0,review,no dictionary alias; no-rule-matched
DEXREM,infinity,Ta (cel^^ISO+),TEMP,pending,pending,pending,pending,pending,pending,pending,pending,pending,1,0,preexisting,
DEXREM,infinity,Tb (cel^^ISO+),TEMP,physiological_signal,unknown,celsius,pending,pending,pending,pending,pending,pending,1,0,alias_exact,
DEXREM,infinity,Tcase (min^^ISO+),,metadata,unknown,pending,pending,pending,pending,pending,pending,pending,1,0,classified,Infinity param: test/case marker? verify; needs signal mapping
DEXREM,infinity,Ti set (s^^ISO+),,pending,unknown,pending,pending,pending,pending,pending,pending,pending,1,0,review,no dictionary alias; no-rule-matched
DEXREM,infinity,V'CO2 (mL/min^^ISO+),,pending,unknown,pending,pending,pending,pending,pending,pending,pending,1,0,review,no dictionary alias; no-rule-matched
DEXREM,infinity,V'O2 (0.01 L/min^^ISO+),,physiological_signal,unknown,pending,pending,pending,pending,pending,pending,pending,1,0,classified,Infinity param: O2 consumption? verify; needs signal mapping
DEXREM,infinity,VENT TYPE (),,pending,unknown,pending,pending,pending,pending,pending,pending,pending,1,0,review,no dictionary alias; no-rule-matched
DEXREM,infinity,VT (mL^^ISO+),TV,physiological_signal,unknown,mL,pending,pending,pending,pending,pending,pending,1,0,alias_base,
DEXREM,infinity,VTe (mL^^ISO+),TV,pending,pending,pending,pending,pending,pending,pending,pending,pending,1,0,preexisting,
DEXREM,infinity,VTemand (mL^^ISO+),,ventilator_setting,unknown,pending,pending,pending,pending,pending,pending,pending,1,0,classified,Infinity param: mandatory tidal volume; needs signal mapping
DEXREM,infinity,VTespon (mL^^ISO+),,ventilator_setting,unknown,pending,pending,pending,pending,pending,pending,pending,1,0,classified,Infinity param: spontaneous tidal volume; needs signal mapping
DEXREM,infinity,VTi (mL^^ISO+),,pending,unknown,pending,pending,pending,pending,pending,pending,pending,1,0,review,no dictionary alias; no-rule-matched
DEXREM,infinity,VTi set (mL^^ISO+),,pending,unknown,pending,pending,pending,pending,pending,pending,pending,1,0,review,no dictionary alias; no-rule-matched
DEXREM,infinity,VTimand (mL^^ISO+),,pending,unknown,pending,pending,pending,pending,pending,pending,pending,1,0,review,no dictionary alias; no-rule-matched
DEXREM,infinity,VTispon (mL^^ISO+),,pending,unknown,pending,pending,pending,pending,pending,pending,pending,1,0,review,no dictionary alias; no-rule-matched
DEXREM,infinity,Vent. mode (^^ISO+),,ventilator_setting,unknown,pending,pending,pending,pending,pending,pending,pending,1,0,classified,Infinity param: ventilation mode; needs signal mapping
DEXREM,infinity,Weight (kg^^ISO+),,demographic,unknown,pending,pending,pending,pending,pending,pending,pending,1,0,classified,domain=demographic; rule:\bweight\b; needs signal mapping
DEXREM,infinity,dT (cel^^ISO+),,pending,unknown,pending,pending,pending,pending,pending,pending,pending,1,0,review,no dictionary alias; no-rule-matched
DEXREM,infinity,etCO2 (mm(hg)^^ISO),ETCO2,physiological_signal,unknown,mmHg,pending,pending,pending,pending,pending,pending,1,0,alias_base,
DEXREM,infinity,etCO2 (mm(hg)^^ISO+),ETCO2,pending,pending,pending,pending,pending,pending,pending,pending,pending,1,0,preexisting,
DEXREM,infinity,etDes (%^^ISO+),ET_DES,pending,pending,pending,pending,pending,pending,pending,pending,pending,1,0,preexisting,
DEXREM,infinity,etEnf (%^^ISO+),,pending,unknown,pending,pending,pending,pending,pending,pending,pending,1,0,review,no dictionary alias; no-rule-matched
DEXREM,infinity,etHal (%^^ISO+),,pending,unknown,pending,pending,pending,pending,pending,pending,pending,1,0,review,no dictionary alias; no-rule-matched
DEXREM,infinity,etIso (%^^ISO+),,pending,unknown,pending,pending,pending,pending,pending,pending,pending,1,0,review,no dictionary alias; no-rule-matched
DEXREM,infinity,etN2O (%^^ISO+),,physiological_signal,unknown,pending,pending,pending,pending,pending,pending,pending,1,0,classified,Infinity param: end-tidal N2O; needs signal mapping
DEXREM,infinity,etO2 (%^^ISO+),,physiological_signal,unknown,pending,pending,pending,pending,pending,pending,pending,1,0,classified,Infinity param: end-tidal O2; needs signal mapping
DEXREM,infinity,etO2 (),,physiological_signal,unknown,pending,pending,pending,pending,pending,pending,pending,1,0,classified,Infinity param: end-tidal O2; needs signal mapping
DEXREM,infinity,etPrimA (%^^ISO+),,anesthesia_setting,unknown,pending,pending,pending,pending,pending,pending,pending,1,0,classified,Infinity param: end-tidal primary agent? verify; needs signal mapping
DEXREM,infinity,etSecA (%^^ISO+),,anesthesia_setting,unknown,pending,pending,pending,pending,pending,pending,pending,1,0,classified,Infinity param: end-tidal secondary agent? verify; needs signal mapping
DEXREM,infinity,etSev (%^^ISO+),ET_SEVO,pending,pending,pending,pending,pending,pending,pending,pending,pending,1,0,preexisting,
DEXREM,infinity,i (),,pending,unknown,pending,pending,pending,pending,pending,pending,pending,1,0,review,no dictionary alias; no-rule-matched
DEXREM,infinity,inCO2 (mm(hg)^^ISO+),,pending,unknown,pending,pending,pending,pending,pending,pending,pending,1,0,review,no dictionary alias; no-rule-matched
DEXREM,infinity,inDes (%^^ISO+),,anesthesia_setting,unknown,pending,pending,pending,pending,pending,pending,pending,1,0,classified,Infinity param: inspired desflurane; needs signal mapping
DEXREM,infinity,inEnf (%^^ISO+),,pending,unknown,pending,pending,pending,pending,pending,pending,pending,1,0,review,no dictionary alias; no-rule-matched
DEXREM,infinity,inHal (%^^ISO+),,anesthesia_setting,unknown,pending,pending,pending,pending,pending,pending,pending,1,0,classified,Infinity param: inspired halothane; needs signal mapping
DEXREM,infinity,inIso (%^^ISO+),,ventilator_setting,unknown,pending,pending,pending,pending,pending,pending,pending,1,0,classified,Infinity param: initial isoflurane? verify; needs signal mapping
DEXREM,infinity,inN2O (%^^ISO+),,pending,unknown,pending,pending,pending,pending,pending,pending,pending,1,0,review,no dictionary alias; no-rule-matched
DEXREM,infinity,inPrimA (%^^ISO+),,anesthesia_setting,unknown,pending,pending,pending,pending,pending,pending,pending,1,0,classified,Infinity param: inspired primary agent? verify; needs signal mapping
DEXREM,infinity,inSecA (%^^ISO+),,pending,unknown,pending,pending,pending,pending,pending,pending,pending,1,0,review,no dictionary alias; no-rule-matched
DEXREM,infinity,inSev (%^^ISO+),,anesthesia_setting,unknown,pending,pending,pending,pending,pending,pending,pending,1,0,classified,Infinity param: inspired sevoflurane; needs signal mapping
DEXREM,infinity,inxMAC (^^ISO+),,anesthesia_setting,unknown,pending,pending,pending,pending,pending,pending,pending,1,0,classified,Infinity param: inspired xMAC; needs signal mapping
DEXREM,infinity,leak BS M/S (),,ventilator_setting,unknown,pending,pending,pending,pending,pending,pending,pending,1,0,classified,Infinity param: leak; needs signal mapping
DEXREM,infinity,leak BS M/S (mL/min^^ISO+),,ventilator_setting,unknown,pending,pending,pending,pending,pending,pending,pending,1,0,classified,Infinity param: leak; needs signal mapping
DEXREM,infinity,nr,,pending,unknown,pending,pending,pending,pending,pending,pending,pending,1,0,review,no dictionary alias; no-rule-matched
DEXREM,infinity,r2 (^^ISO+),,pending,unknown,pending,pending,pending,pending,pending,pending,pending,1,0,review,no dictionary alias; no-rule-matched
DEXREM,infinity,xMAC (^^ISO+),MAC,pending,pending,pending,pending,pending,pending,pending,pending,pending,1,0,preexisting,
DEXREM,nol,,,event_or_signal,unknown,pending,pending,pending,pending,pending,pending,pending,1,0,review,empty column name in source header; data quality
DEXREM,nol,N/A,,event_or_signal,unknown,pending,pending,pending,pending,pending,pending,pending,1,0,classified,domain=event_or_signal; rule:source=nol; needs signal mapping
DEXREM,pump,11:33:41,,exposure,unknown,pending,pending,pending,pending,pending,pending,pending,1,0,classified,domain=exposure; rule:source=pump; needs signal mapping
DEXREM,pump,11:35:29,,exposure,unknown,pending,pending,pending,pending,pending,pending,pending,1,0,classified,domain=exposure; rule:source=pump; needs signal mapping
DEXREM,pump,11:44:27,,exposure,unknown,pending,pending,pending,pending,pending,pending,pending,1,0,classified,domain=exposure; rule:source=pump; needs signal mapping
DEXREM,pump,11:45:57,,exposure,unknown,pending,pending,pending,pending,pending,pending,pending,1,0,classified,domain=exposure; rule:source=pump; needs signal mapping
DEXREM,pump,12:02:00,,exposure,unknown,pending,pending,pending,pending,pending,pending,pending,1,0,classified,domain=exposure; rule:source=pump; needs signal mapping
DEXREM,pump,12:03:50,,exposure,unknown,pending,pending,pending,pending,pending,pending,pending,1,0,classified,domain=exposure; rule:source=pump; needs signal mapping
DEXREM,pump,12:56:41,,exposure,unknown,pending,pending,pending,pending,pending,pending,pending,1,0,classified,domain=exposure; rule:source=pump; needs signal mapping
DEXREM,pump,12:59:38,,exposure,unknown,pending,pending,pending,pending,pending,pending,pending,1,0,classified,domain=exposure; rule:source=pump; needs signal mapping
DEXREM,pump,13:02:20,,exposure,unknown,pending,pending,pending,pending,pending,pending,pending,1,0,classified,domain=exposure; rule:source=pump; needs signal mapping
DEXREM,pump,13:04:20,,exposure,unknown,pending,pending,pending,pending,pending,pending,pending,1,0,classified,domain=exposure; rule:source=pump; needs signal mapping
DEXREM,pump,13:13:31,,exposure,unknown,pending,pending,pending,pending,pending,pending,pending,1,0,classified,domain=exposure; rule:source=pump; needs signal mapping
DEXREM,pump,13:15:23,,exposure,unknown,pending,pending,pending,pending,pending,pending,pending,1,0,classified,domain=exposure; rule:source=pump; needs signal mapping
DEXREM,pump,14:06:37,,exposure,unknown,pending,pending,pending,pending,pending,pending,pending,1,0,classified,domain=exposure; rule:source=pump; needs signal mapping
DEXREM,pump,14:08:35,,exposure,unknown,pending,pending,pending,pending,pending,pending,pending,1,0,classified,domain=exposure; rule:source=pump; needs signal mapping
DEXREM,pump,14:30:50,,exposure,unknown,pending,pending,pending,pending,pending,pending,pending,1,0,classified,domain=exposure; rule:source=pump; needs signal mapping
DEXREM,pump,14:32:22,,exposure,unknown,pending,pending,pending,pending,pending,pending,pending,1,0,classified,domain=exposure; rule:source=pump; needs signal mapping
DEXREM,pump,2026-04-13,,exposure,unknown,pending,pending,pending,pending,pending,pending,pending,1,0,classified,domain=exposure; rule:source=pump; needs signal mapping
DEXREM,pump,2026-04-15,,exposure,unknown,pending,pending,pending,pending,pending,pending,pending,1,0,classified,domain=exposure; rule:source=pump; needs signal mapping
DEXREM,pump,2026-04-22,,exposure,unknown,pending,pending,pending,pending,pending,pending,pending,1,0,classified,domain=exposure; rule:source=pump; needs signal mapping
DEXREM,pump,2026-04-28,,exposure,unknown,pending,pending,pending,pending,pending,pending,pending,1,0,classified,domain=exposure; rule:source=pump; needs signal mapping
DEXREM,pump,2026-05-22,,exposure,unknown,pending,pending,pending,pending,pending,pending,pending,1,0,classified,domain=exposure; rule:source=pump; needs signal mapping
DEXREM,pump,2026-05-25,,exposure,unknown,pending,pending,pending,pending,pending,pending,pending,1,0,classified,domain=exposure; rule:source=pump; needs signal mapping
DEXREM,pump,2026-06-02,,exposure,unknown,pending,pending,pending,pending,pending,pending,pending,1,0,classified,domain=exposure; rule:source=pump; needs signal mapping
DEXREM,pump,2026-09-30,,exposure,unknown,pending,pending,pending,pending,pending,pending,pending,1,0,classified,domain=exposure; rule:source=pump; needs signal mapping
DEXREM,pump,Device,,exposure,unknown,pending,pending,pending,pending,pending,pending,pending,1,0,classified,domain=exposure; rule:source=pump; needs signal mapping
ESMONOL,bettercare,AIR FLOW,,pending,unknown,pending,pending,pending,pending,pending,pending,pending,3,0,review,no dictionary alias; no-rule-matched
ESMONOL,bettercare,ART M,ART_MEAN,pending,pending,pending,pending,pending,pending,pending,pending,pending,1,2,preexisting,
ESMONOL,bettercare,ART M Dias,ART_DIA,pending,pending,pending,pending,pending,pending,pending,pending,pending,1,2,preexisting,
ESMONOL,bettercare,ART M Sys,ART_SYS,pending,pending,pending,pending,pending,pending,pending,pending,pending,1,2,preexisting,
ESMONOL,bettercare,Annotations,,event,unknown,pending,pending,pending,pending,pending,pending,pending,3,0,classified,domain=event; rule:\bannotation; needs signal mapping
ESMONOL,bettercare,CO2,,pending,unknown,pending,pending,pending,pending,pending,pending,pending,3,0,review,no dictionary alias; no-rule-matched
ESMONOL,bettercare,CVP M,CVP,pending,pending,pending,pending,pending,pending,pending,pending,pending,1,2,preexisting,
ESMONOL,bettercare,ECG I,,pending,unknown,pending,pending,pending,pending,pending,pending,pending,3,0,review,no dictionary alias; no-rule-matched
ESMONOL,bettercare,ECG II,,pending,unknown,pending,pending,pending,pending,pending,pending,pending,3,0,review,no dictionary alias; no-rule-matched
ESMONOL,bettercare,ECG III,,pending,unknown,pending,pending,pending,pending,pending,pending,pending,3,0,review,no dictionary alias; no-rule-matched
ESMONOL,bettercare,ECG V1,,pending,unknown,pending,pending,pending,pending,pending,pending,pending,3,0,review,no dictionary alias; no-rule-matched
ESMONOL,bettercare,ECG V2,,pending,unknown,pending,pending,pending,pending,pending,pending,pending,3,0,review,no dictionary alias; no-rule-matched
ESMONOL,bettercare,ECG V3,,pending,unknown,pending,pending,pending,pending,pending,pending,pending,3,0,review,no dictionary alias; no-rule-matched
ESMONOL,bettercare,ECG V4,,pending,unknown,pending,pending,pending,pending,pending,pending,pending,3,0,review,no dictionary alias; no-rule-matched
ESMONOL,bettercare,ECG V5,,pending,unknown,pending,pending,pending,pending,pending,pending,pending,3,0,review,no dictionary alias; no-rule-matched
ESMONOL,bettercare,ECG V6,,pending,unknown,pending,pending,pending,pending,pending,pending,pending,3,0,review,no dictionary alias; no-rule-matched
ESMONOL,bettercare,ECG aVF,,pending,unknown,pending,pending,pending,pending,pending,pending,pending,3,0,review,no dictionary alias; no-rule-matched
ESMONOL,bettercare,ECG aVL,,pending,unknown,pending,pending,pending,pending,pending,pending,pending,3,0,review,no dictionary alias; no-rule-matched
ESMONOL,bettercare,ECG aVR,,pending,unknown,pending,pending,pending,pending,pending,pending,pending,3,0,review,no dictionary alias; no-rule-matched
ESMONOL,bettercare,HR,HR,pending,pending,pending,pending,pending,pending,pending,pending,pending,1,2,preexisting,
ESMONOL,bettercare,LA M,,pending,unknown,pending,pending,pending,pending,pending,pending,pending,1,2,review,no dictionary alias; no-rule-matched
ESMONOL,bettercare,NIBP M,NBP_MEAN,pending,pending,pending,pending,pending,pending,pending,pending,pending,1,2,preexisting,
ESMONOL,bettercare,PA M,PA_MEAN,pending,pending,pending,pending,pending,pending,pending,pending,pending,1,2,preexisting,
ESMONOL,bettercare,PA M Dias,PA_DIA,pending,pending,pending,pending,pending,pending,pending,pending,pending,1,2,preexisting,
ESMONOL,bettercare,PA M Sys,PA_SYS,pending,pending,pending,pending,pending,pending,pending,pending,pending,1,2,preexisting,
ESMONOL,bettercare,PAD,,pending,unknown,pending,pending,pending,pending,pending,pending,pending,3,0,review,no dictionary alias; no-rule-matched
ESMONOL,bettercare,PAI,,pending,unknown,pending,pending,pending,pending,pending,pending,pending,3,0,review,no dictionary alias; no-rule-matched
ESMONOL,bettercare,PAP,,pending,unknown,pending,pending,pending,pending,pending,pending,pending,3,0,review,no dictionary alias; no-rule-matched
ESMONOL,bettercare,PAW,,pending,unknown,pending,pending,pending,pending,pending,pending,pending,3,0,review,no dictionary alias; no-rule-matched
ESMONOL,bettercare,PLETH,,pending,unknown,pending,pending,pending,pending,pending,pending,pending,3,0,review,no dictionary alias; no-rule-matched
ESMONOL,bettercare,PNI,,pending,unknown,pending,pending,pending,pending,pending,pending,pending,3,0,review,no dictionary alias; no-rule-matched
ESMONOL,bettercare,PRES ART,,pending,unknown,pending,pending,pending,pending,pending,pending,pending,3,0,review,no dictionary alias; no-rule-matched
ESMONOL,bettercare,PVC,,pending,unknown,pending,pending,pending,pending,pending,pending,pending,3,0,review,no dictionary alias; no-rule-matched
ESMONOL,bettercare,RA M,,pending,unknown,pending,pending,pending,pending,pending,pending,pending,1,2,review,no dictionary alias; no-rule-matched
ESMONOL,bettercare,RESP,,pending,unknown,pending,pending,pending,pending,pending,pending,pending,3,0,review,candidate dictionary entry: respiratory (rate or waveform? ambiguous)
ESMONOL,bettercare,RRc,,ventilator_setting,unknown,pending,pending,pending,pending,pending,pending,pending,1,2,classified,Infinity param: respiratory rate control? verify; needs signal mapping
ESMONOL,bettercare,SpO2,SPO2,pending,pending,pending,pending,pending,pending,pending,pending,pending,1,2,preexisting,
ESMONOL,bettercare,Time (msecs),,metadata,unknown,pending,pending,pending,pending,pending,pending,pending,3,0,classified,domain=metadata; rule:\btime\b; needs signal mapping
ESMONOL,bettercare,VT,TV,pending,pending,pending,pending,pending,pending,pending,pending,pending,3,0,preexisting,
ESMONOL,bettercare,etCO2,ETCO2,pending,pending,pending,pending,pending,pending,pending,pending,pending,1,2,preexisting,
ESMONOL,bettercare,peak paw,,pending,unknown,pending,pending,pending,pending,pending,pending,pending,1,2,review,no dictionary alias; no-rule-matched
ESMONOL,bettercare,vt insp,,pending,unknown,pending,pending,pending,pending,pending,pending,pending,1,2,review,no dictionary alias; no-rule-matched
ESMONOL,infinity,%PACED (%^^ISO+),,event,unknown,pending,pending,pending,pending,pending,pending,pending,15,1,classified,Infinity param: percent paced beats; needs signal mapping
ESMONOL,infinity,(),,pending,unknown,pending,pending,pending,pending,pending,pending,pending,1,15,review,no dictionary alias; no-rule-matched
ESMONOL,infinity,2nd Anesthesia gas (^^ISO+),,anesthesia_setting,unknown,pending,pending,pending,pending,pending,pending,pending,15,1,classified,domain=anesthesia_setting; rule:\banesthes; needs signal mapping
ESMONOL,infinity,ARR (^^ISO+),,pending,unknown,pending,pending,pending,pending,pending,pending,pending,15,1,review,no dictionary alias; no-rule-matched
ESMONOL,infinity,ART D (mm(hg)^^ISO+),ART_DIA,pending,pending,pending,pending,pending,pending,pending,pending,pending,9,7,preexisting,
ESMONOL,infinity,ART M (mm(hg)^^ISO+),ART_MEAN,pending,pending,pending,pending,pending,pending,pending,pending,pending,9,7,preexisting,
ESMONOL,infinity,ART S (mm(hg)^^ISO+),ART_SYS,pending,pending,pending,pending,pending,pending,pending,pending,pending,9,7,preexisting,
ESMONOL,infinity,Age (a^^ISO+),,demographic,unknown,pending,pending,pending,pending,pending,pending,pending,15,1,classified,domain=demographic; rule:\bage\b; needs signal mapping
ESMONOL,infinity,Air cons (L^^ISO+),,ventilator_setting_extra,unknown,pending,pending,pending,pending,pending,pending,pending,15,1,classified,domain=ventilator_setting_extra; rule:\bcons\b; needs signal mapping
ESMONOL,infinity,Anesthesia gas (^^ISO+),,anesthesia_setting,unknown,pending,pending,pending,pending,pending,pending,pending,15,1,classified,domain=anesthesia_setting; rule:\banesthes; needs signal mapping
ESMONOL,infinity,Apn Dur (s^^ISO+),,alarm,unknown,pending,pending,pending,pending,pending,pending,pending,15,1,classified,domain=alarm; rule:\bapn; needs signal mapping
ESMONOL,infinity,Audio pause (^^ISO+),,alarm,unknown,pending,pending,pending,pending,pending,pending,pending,10,6,classified,domain=alarm; rule:\baudio pause; needs signal mapping
ESMONOL,infinity,BCT (/min^^ISO+),,pending,unknown,pending,pending,pending,pending,pending,pending,pending,2,14,review,no dictionary alias; no-rule-matched
ESMONOL,infinity,BIS (^^ISO+),BIS,physiological_signal,parameter,index,pending,pending,pending,pending,pending,pending,2,14,alias_base,
ESMONOL,infinity,BIS smoothing rate (s^^ISO+),,pending,unknown,pending,pending,pending,pending,pending,pending,pending,2,14,review,no dictionary alias; no-rule-matched
ESMONOL,infinity,BSR (%^^ISO+),,pending,unknown,pending,pending,pending,pending,pending,pending,pending,2,14,review,candidate dictionary entry: burst suppression ratio (BIS family)
ESMONOL,infinity,CO2 unit (^^ISO+),,metadata,unknown,pending,pending,pending,pending,pending,pending,pending,15,1,classified,Infinity param: CO2 module identifier; needs signal mapping
ESMONOL,infinity,CVP (mm(hg)^^ISO+),CVP,pending,pending,pending,pending,pending,pending,pending,pending,pending,4,12,preexisting,
ESMONOL,infinity,Carrier gas (^^ISO+),,anesthesia_setting,unknown,pending,pending,pending,pending,pending,pending,pending,15,1,classified,domain=anesthesia_setting; rule:\bgas\b; needs signal mapping
ESMONOL,infinity,Cbs+hose (),,ventilator_setting_extra,unknown,pending,pending,pending,pending,pending,pending,pending,1,15,classified,domain=ventilator_setting_extra; rule:\bhose\b; needs signal mapping
ESMONOL,infinity,Cbs+hose (mL/hpa^^ISO+),,ventilator_setting_extra,unknown,pending,pending,pending,pending,pending,pending,pending,15,1,classified,domain=ventilator_setting_extra; rule:\bhose\b; needs signal mapping
ESMONOL,infinity,Cdyn (L/bar^^ISO+),,pending,unknown,pending,pending,pending,pending,pending,pending,pending,15,1,review,no dictionary alias; no-rule-matched
ESMONOL,infinity,Chose (mL/hpa^^ISO+),,ventilator_setting,unknown,pending,pending,pending,pending,pending,pending,pending,15,1,classified,Infinity param: compliance hose? verify; needs signal mapping
ESMONOL,infinity,DEVICENAME,,demographic,unknown,pending,pending,pending,pending,pending,pending,pending,16,0,classified,domain=demographic; rule:\bdevicename\b; needs signal mapping
ESMONOL,infinity,DO2 (%^^ISO+),,physiological_signal,unknown,pending,pending,pending,pending,pending,pending,pending,15,1,classified,Infinity param: oxygen delivery? verify; needs signal mapping
ESMONOL,infinity,DPsupp set (mbar^^ISO+),,ventilator_setting_extra,unknown,pending,pending,pending,pending,pending,pending,pending,13,3,classified,domain=ventilator_setting_extra; rule:\bdpsupp\b; needs signal mapping
ESMONOL,infinity,Des cons (mL^^ISO+),,ventilator_setting_extra,unknown,pending,pending,pending,pending,pending,pending,pending,15,1,classified,domain=ventilator_setting_extra; rule:\bcons\b; needs signal mapping
ESMONOL,infinity,Des tot (mL^^ISO+),,ventilator_setting_extra,unknown,pending,pending,pending,pending,pending,pending,pending,15,1,classified,domain=ventilator_setting_extra; rule:\btot\b; needs signal mapping
ESMONOL,infinity,Device check (^^ISO+),,metadata,unknown,pending,pending,pending,pending,pending,pending,pending,15,1,classified,Infinity param: device self-check flag; needs signal mapping
ESMONOL,infinity,E (mbar/L^^ISO+),,ventilator_setting,unknown,pending,pending,pending,pending,pending,pending,pending,15,1,classified,Infinity param: elastance; needs signal mapping
ESMONOL,infinity,EMG (db^^ISO+),,pending,unknown,pending,pending,pending,pending,pending,pending,pending,2,14,review,candidate dictionary entry: electromyography (BIS family)
ESMONOL,infinity,Enf cons (mL^^ISO+),,ventilator_setting_extra,unknown,pending,pending,pending,pending,pending,pending,pending,15,1,classified,domain=ventilator_setting_extra; rule:\bcons\b; needs signal mapping
ESMONOL,infinity,Enf tot (mL^^ISO+),,ventilator_setting_extra,unknown,pending,pending,pending,pending,pending,pending,pending,15,1,classified,domain=ventilator_setting_extra; rule:\btot\b; needs signal mapping
ESMONOL,infinity,FG Des (kpa^^ISO+),,ventilator_setting_extra,unknown,pending,pending,pending,pending,pending,pending,pending,15,1,classified,domain=ventilator_setting_extra; rule:\bfg \b; needs signal mapping
ESMONOL,infinity,FG Iso (kpa^^ISO+),,ventilator_setting_extra,unknown,pending,pending,pending,pending,pending,pending,pending,15,1,classified,domain=ventilator_setting_extra; rule:\bfg \b; needs signal mapping
ESMONOL,infinity,FG O2 (%^^ISO+),,ventilator_setting_extra,unknown,pending,pending,pending,pending,pending,pending,pending,15,1,classified,domain=ventilator_setting_extra; rule:\bfg \b; needs signal mapping
ESMONOL,infinity,FG Sev (kpa^^ISO+),,ventilator_setting_extra,unknown,pending,pending,pending,pending,pending,pending,pending,15,1,classified,domain=ventilator_setting_extra; rule:\bfg \b; needs signal mapping
ESMONOL,infinity,FG V'Air (mL/min^^ISO+),,ventilator_setting_extra,unknown,pending,pending,pending,pending,pending,pending,pending,15,1,classified,domain=ventilator_setting_extra; rule:\bfg \b; needs signal mapping
ESMONOL,infinity,FG V'N2O (mL/min^^ISO+),,ventilator_setting_extra,unknown,pending,pending,pending,pending,pending,pending,pending,15,1,classified,domain=ventilator_setting_extra; rule:\bfg \b; needs signal mapping
ESMONOL,infinity,FG V'O2 (mL/min^^ISO+),,ventilator_setting_extra,unknown,pending,pending,pending,pending,pending,pending,pending,15,1,classified,domain=ventilator_setting_extra; rule:\bfg \b; needs signal mapping
ESMONOL,infinity,FG flow (mL/min^^ISO+),,ventilator_setting_extra,unknown,pending,pending,pending,pending,pending,pending,pending,15,1,classified,domain=ventilator_setting_extra; rule:\bfg \b; needs signal mapping
ESMONOL,infinity,FiO2 (%^^ISO+),,ventilator_setting,unknown,pending,pending,pending,pending,pending,pending,pending,15,1,classified,Infinity param: fraction of inspired O2; needs signal mapping
ESMONOL,infinity,Flow trigger set (L/min^^ISO+),,pending,unknown,pending,pending,pending,pending,pending,pending,pending,13,3,review,no dictionary alias; no-rule-matched
ESMONOL,infinity,HR (/min^^ISO+),HR,pending,pending,pending,pending,pending,pending,pending,pending,pending,15,1,preexisting,
ESMONOL,infinity,Hal cons (mL^^ISO+),,ventilator_setting_extra,unknown,pending,pending,pending,pending,pending,pending,pending,15,1,classified,domain=ventilator_setting_extra; rule:\bcons\b; needs signal mapping
ESMONOL,infinity,Hal tot (mL^^ISO+),,ventilator_setting_extra,unknown,pending,pending,pending,pending,pending,pending,pending,15,1,classified,domain=ventilator_setting_extra; rule:\btot\b; needs signal mapping
ESMONOL,infinity,Height (cm^^ISO+),,demographic,unknown,pending,pending,pending,pending,pending,pending,pending,15,1,classified,domain=demographic; rule:\bheight\b; needs signal mapping
ESMONOL,infinity,Insp. term. set (%(PIF)^^ISO+),,ventilator_setting,unknown,pending,pending,pending,pending,pending,pending,pending,13,3,classified,Infinity param: inspiratory termination setting; needs signal mapping
ESMONOL,infinity,Iso cons (mL^^ISO+),,ventilator_setting_extra,unknown,pending,pending,pending,pending,pending,pending,pending,15,1,classified,domain=ventilator_setting_extra; rule:\bcons\b; needs signal mapping
ESMONOL,infinity,Iso tot (mL^^ISO+),,ventilator_setting_extra,unknown,pending,pending,pending,pending,pending,pending,pending,15,1,classified,domain=ventilator_setting_extra; rule:\btot\b; needs signal mapping
ESMONOL,infinity,Leak BS (mL/min^^ISO+),,ventilator_setting,unknown,pending,pending,pending,pending,pending,pending,pending,15,1,classified,Infinity param: leak (body surface?) verify; needs signal mapping
ESMONOL,infinity,MV (L/min^^ISO+),,ventilator_setting,unknown,pending,pending,pending,pending,pending,pending,pending,15,1,classified,Infinity param: minute volume; needs signal mapping
ESMONOL,infinity,MVe (L/min^^ISO+),,ventilator_setting,unknown,pending,pending,pending,pending,pending,pending,pending,15,1,classified,Infinity param: expiratory minute volume; needs signal mapping
ESMONOL,infinity,MVmand (L/min^^ISO+),,ventilator_setting,unknown,pending,pending,pending,pending,pending,pending,pending,15,1,classified,Infinity param: mandatory minute volume; needs signal mapping
ESMONOL,infinity,MVspon (L/min^^ISO+),,ventilator_setting,unknown,pending,pending,pending,pending,pending,pending,pending,15,1,classified,Infinity param: spontaneous minute volume; needs signal mapping
ESMONOL,infinity,N2O cons (L^^ISO+),,ventilator_setting_extra,unknown,pending,pending,pending,pending,pending,pending,pending,15,1,classified,domain=ventilator_setting_extra; rule:\bcons\b; needs signal mapping
ESMONOL,infinity,NBP D (mm(hg)^^ISO+),NBP_DIA,pending,pending,pending,pending,pending,pending,pending,pending,pending,15,1,preexisting,
ESMONOL,infinity,NBP M (mm(hg)^^ISO+),NBP_MEAN,pending,pending,pending,pending,pending,pending,pending,pending,pending,15,1,preexisting,
ESMONOL,infinity,NBP S (mm(hg)^^ISO+),NBP_SYS,pending,pending,pending,pending,pending,pending,pending,pending,pending,15,1,preexisting,
ESMONOL,infinity,NMT-Temp (cel^^ISO+),,pending,unknown,pending,pending,pending,pending,pending,pending,pending,2,14,review,no dictionary alias; no-rule-matched
ESMONOL,infinity,O2 cons (L^^ISO+),,ventilator_setting_extra,unknown,pending,pending,pending,pending,pending,pending,pending,15,1,classified,domain=ventilator_setting_extra; rule:\bcons\b; needs signal mapping
ESMONOL,infinity,OBSERVATION_DATETIME,,pending,unknown,pending,pending,pending,pending,pending,pending,pending,16,0,review,no dictionary alias; no-rule-matched
ESMONOL,infinity,P1 D (mm(hg)^^ISO+),ART_DIA,physiological_signal,unknown,mmHg,pending,pending,pending,pending,pending,pending,2,14,alias_exact,
ESMONOL,infinity,P1 M (mm(hg)^^ISO+),ART_MEAN,physiological_signal,unknown,mmHg,pending,pending,pending,pending,pending,pending,2,14,alias_exact,
ESMONOL,infinity,P1 S (mm(hg)^^ISO+),ART_SYS,physiological_signal,unknown,mmHg,pending,pending,pending,pending,pending,pending,2,14,alias_exact,
ESMONOL,infinity,P2 D (mm(hg)^^ISO+),,pending,unknown,pending,pending,pending,pending,pending,pending,pending,1,15,review,no dictionary alias; no-rule-matched
ESMONOL,infinity,P2 M (mm(hg)^^ISO+),,pending,unknown,pending,pending,pending,pending,pending,pending,pending,1,15,review,no dictionary alias; no-rule-matched
ESMONOL,infinity,P2 S (mm(hg)^^ISO+),,pending,unknown,pending,pending,pending,pending,pending,pending,pending,1,15,review,no dictionary alias; no-rule-matched
ESMONOL,infinity,PEEP (mbar^^ISO+),PEEP,pending,pending,pending,pending,pending,pending,pending,pending,pending,15,1,preexisting,
ESMONOL,infinity,PEEP set (mbar^^ISO+),,ventilator_setting,unknown,pending,pending,pending,pending,pending,pending,pending,15,1,classified,domain=ventilator_setting; rule:\bpeep\b; needs signal mapping
ESMONOL,infinity,PIP (mbar^^ISO+),,ventilator_setting,unknown,pending,pending,pending,pending,pending,pending,pending,15,1,classified,Infinity param: peak inspiratory pressure; needs signal mapping
ESMONOL,infinity,PLS (/min^^ISO+),HR,physiological_signal,unknown,bpm,pending,pending,pending,pending,pending,pending,15,1,alias_exact,
ESMONOL,infinity,POWER (db^^ISO+),,pending,unknown,pending,pending,pending,pending,pending,pending,pending,2,14,review,no dictionary alias; no-rule-matched
ESMONOL,infinity,PPV (%^^ISO+),,pending,unknown,pending,pending,pending,pending,pending,pending,pending,1,15,review,no dictionary alias; no-rule-matched
ESMONOL,infinity,PVC/min (/min^^ISO+),,event,unknown,pending,pending,pending,pending,pending,pending,pending,15,1,classified,Infinity param: premature ventricular contractions per min; needs signal mapping
ESMONOL,infinity,Pamb (mbar^^ISO+),,pending,unknown,pending,pending,pending,pending,pending,pending,pending,15,1,review,no dictionary alias; no-rule-matched
ESMONOL,infinity,Patient Category (^^ISO+),,metadata,unknown,pending,pending,pending,pending,pending,pending,pending,15,1,classified,domain=metadata; rule:\bpatient categor; needs signal mapping
ESMONOL,infinity,Pinsp (mbar^^ISO+),,pending,unknown,pending,pending,pending,pending,pending,pending,pending,1,15,review,no dictionary alias; no-rule-matched
ESMONOL,infinity,Pmax set (mbar^^ISO+),,ventilator_setting,unknown,pending,pending,pending,pending,pending,pending,pending,15,1,classified,Infinity param: max pressure setting; needs signal mapping
ESMONOL,infinity,Pmean (mbar^^ISO+),,ventilator_setting,unknown,pending,pending,pending,pending,pending,pending,pending,15,1,classified,Infinity param: mean airway pressure; needs signal mapping
ESMONOL,infinity,Pplat (mbar^^ISO+),,ventilator_setting,unknown,pending,pending,pending,pending,pending,pending,pending,15,1,classified,Infinity param: plateau pressure; needs signal mapping
ESMONOL,infinity,Pulse width (us^^ISO+),,pending,unknown,pending,pending,pending,pending,pending,pending,pending,2,14,review,no dictionary alias; no-rule-matched
ESMONOL,infinity,R (mbar.s/L^^ISO+),,pending,unknown,pending,pending,pending,pending,pending,pending,pending,15,1,review,no dictionary alias; no-rule-matched
ESMONOL,infinity,RR (/min^^ISO+),,pending,unknown,pending,pending,pending,pending,pending,pending,pending,15,1,review,candidate dictionary entry: respiratory rate
ESMONOL,infinity,RR set (/min^^ISO+),,ventilator_setting,unknown,pending,pending,pending,pending,pending,pending,pending,15,1,classified,Infinity param: respiratory rate setting; needs signal mapping
ESMONOL,infinity,RRc (/min^^ISO+),,ventilator_setting,unknown,pending,pending,pending,pending,pending,pending,pending,15,1,classified,Infinity param: respiratory rate control? verify; needs signal mapping
ESMONOL,infinity,RRf (/min^^ISO+),,pending,unknown,pending,pending,pending,pending,pending,pending,pending,15,1,review,no dictionary alias; no-rule-matched
ESMONOL,infinity,RRmand (/min^^ISO+),,ventilator_setting,unknown,pending,pending,pending,pending,pending,pending,pending,15,1,classified,Infinity param: mandatory respiratory rate; needs signal mapping
ESMONOL,infinity,RRp (/min^^ISO+),,ventilator_setting,unknown,pending,pending,pending,pending,pending,pending,pending,15,1,classified,Infinity param: respiratory rate parameter; needs signal mapping
ESMONOL,infinity,RRspon (/min^^ISO+),,ventilator_setting,unknown,pending,pending,pending,pending,pending,pending,pending,15,1,classified,Infinity param: spontaneous respiratory rate; needs signal mapping
ESMONOL,infinity,SEF (hz^^ISO+),,pending,unknown,pending,pending,pending,pending,pending,pending,pending,2,14,review,candidate dictionary entry: spectral edge frequency (BIS family)
ESMONOL,infinity,SQI (%^^ISO+),,pending,unknown,pending,pending,pending,pending,pending,pending,pending,2,14,review,no dictionary alias; no-rule-matched
ESMONOL,infinity,STANDBY (^^ISO+),,metadata,unknown,pending,pending,pending,pending,pending,pending,pending,15,1,classified,Infinity param: ventilator standby state; needs signal mapping
ESMONOL,infinity,STI (mm^^ISO+),,physiological_signal,unknown,pending,pending,pending,pending,pending,pending,pending,15,1,classified,Infinity param: ST lead I; needs signal mapping
ESMONOL,infinity,STII (mm^^ISO+),,physiological_signal,unknown,pending,pending,pending,pending,pending,pending,pending,15,1,classified,Infinity param: ST lead II; needs signal mapping
ESMONOL,infinity,STIII (mm^^ISO+),,physiological_signal,unknown,pending,pending,pending,pending,pending,pending,pending,15,1,classified,Infinity param: ST lead III; needs signal mapping
ESMONOL,infinity,STV (mm^^ISO),,physiological_signal,unknown,pending,pending,pending,pending,pending,pending,pending,1,15,classified,Infinity param: ST segment value? verify lead; needs signal mapping
ESMONOL,infinity,STV (mm^^ISO+),,physiological_signal,unknown,pending,pending,pending,pending,pending,pending,pending,15,1,classified,Infinity param: ST segment value? verify lead; needs signal mapping
ESMONOL,infinity,STV+ (mm^^ISO+),,physiological_signal,unknown,pending,pending,pending,pending,pending,pending,pending,15,1,classified,Infinity param: ST segment value? verify lead; needs signal mapping
ESMONOL,infinity,STaVF (mm^^ISO+),,physiological_signal,unknown,pending,pending,pending,pending,pending,pending,pending,15,1,classified,Infinity param: ST aVF; needs signal mapping
ESMONOL,infinity,STaVL (mm^^ISO+),,physiological_signal,unknown,pending,pending,pending,pending,pending,pending,pending,15,1,classified,Infinity param: ST aVL; needs signal mapping
ESMONOL,infinity,STaVR (mm^^ISO+),,physiological_signal,unknown,pending,pending,pending,pending,pending,pending,pending,15,1,classified,Infinity param: ST aVR; needs signal mapping
ESMONOL,infinity,Selected agent unit (^^ISO+),,anesthesia_setting,unknown,pending,pending,pending,pending,pending,pending,pending,15,1,classified,domain=anesthesia_setting; rule:\bagent\b; needs signal mapping
ESMONOL,infinity,Sev cons (mL^^I),,ventilator_setting_extra,unknown,pending,pending,pending,pending,pending,pending,pending,1,15,classified,domain=ventilator_setting_extra; rule:\bcons\b; needs signal mapping
ESMONOL,infinity,Sev cons (mL^^ISO+),,ventilator_setting_extra,unknown,pending,pending,pending,pending,pending,pending,pending,15,1,classified,domain=ventilator_setting_extra; rule:\bcons\b; needs signal mapping
ESMONOL,infinity,Sev tot (mL^^ISO+),,ventilator_setting_extra,unknown,pending,pending,pending,pending,pending,pending,pending,15,1,classified,domain=ventilator_setting_extra; rule:\btot\b; needs signal mapping
ESMONOL,infinity,Slope set (s^^ISO+),,ventilator_setting,unknown,pending,pending,pending,pending,pending,pending,pending,15,1,classified,Infinity param: pressure slope setting; needs signal mapping
ESMONOL,infinity,SpO2 (%^^ISO+),SPO2,pending,pending,pending,pending,pending,pending,pending,pending,pending,15,1,preexisting,
ESMONOL,infinity,SpO2 (),SPO2,physiological_signal,parameter,percent,pending,pending,pending,pending,pending,pending,1,15,alias_base,
ESMONOL,infinity,Stim current (ma^^ISO+),,pending,unknown,pending,pending,pending,pending,pending,pending,pending,2,14,review,no dictionary alias; no-rule-matched
ESMONOL,infinity,TC (s^^ISO+),,pending,unknown,pending,pending,pending,pending,pending,pending,pending,15,1,review,no dictionary alias; no-rule-matched
ESMONOL,infinity,TOF-Cnt (^^ISO+),,pending,unknown,pending,pending,pending,pending,pending,pending,pending,2,14,review,no dictionary alias; no-rule-matched
ESMONOL,infinity,TOF-Ratio (%^^ISO+),,pending,unknown,pending,pending,pending,pending,pending,pending,pending,2,14,review,no dictionary alias; no-rule-matched
ESMONOL,infinity,Ta (cel^^ISO+),TEMP,pending,pending,pending,pending,pending,pending,pending,pending,pending,15,1,preexisting,
ESMONOL,infinity,Tb (cel^^ISO+),TEMP,physiological_signal,unknown,celsius,pending,pending,pending,pending,pending,pending,15,1,alias_exact,
ESMONOL,infinity,Tcase (min^^ISO+),,metadata,unknown,pending,pending,pending,pending,pending,pending,pending,15,1,classified,Infinity param: test/case marker? verify; needs signal mapping
ESMONOL,infinity,Ti set (s^^ISO+),,pending,unknown,pending,pending,pending,pending,pending,pending,pending,15,1,review,no dictionary alias; no-rule-matched
ESMONOL,infinity,V'CO2 (mL/min^^ISO+),,pending,unknown,pending,pending,pending,pending,pending,pending,pending,15,1,review,no dictionary alias; no-rule-matched
ESMONOL,infinity,V'O2 (0.01 L/min^^ISO+),,physiological_signal,unknown,pending,pending,pending,pending,pending,pending,pending,15,1,classified,Infinity param: O2 consumption? verify; needs signal mapping
ESMONOL,infinity,VENT TYPE (),,pending,unknown,pending,pending,pending,pending,pending,pending,pending,16,0,review,no dictionary alias; no-rule-matched
ESMONOL,infinity,VT (mL^^ISO+),TV,physiological_signal,unknown,mL,pending,pending,pending,pending,pending,pending,15,1,alias_base,
ESMONOL,infinity,VTe (mL^^ISO+),TV,pending,pending,pending,pending,pending,pending,pending,pending,pending,15,1,preexisting,
ESMONOL,infinity,VTemand (mL^^ISO+),,ventilator_setting,unknown,pending,pending,pending,pending,pending,pending,pending,15,1,classified,Infinity param: mandatory tidal volume; needs signal mapping
ESMONOL,infinity,VTespon (mL^^ISO+),,ventilator_setting,unknown,pending,pending,pending,pending,pending,pending,pending,15,1,classified,Infinity param: spontaneous tidal volume; needs signal mapping
ESMONOL,infinity,VTi (mL^^ISO+),,pending,unknown,pending,pending,pending,pending,pending,pending,pending,15,1,review,no dictionary alias; no-rule-matched
ESMONOL,infinity,VTi set (mL^^ISO+),,pending,unknown,pending,pending,pending,pending,pending,pending,pending,15,1,review,no dictionary alias; no-rule-matched
ESMONOL,infinity,VTimand (mL^^ISO+),,pending,unknown,pending,pending,pending,pending,pending,pending,pending,15,1,review,no dictionary alias; no-rule-matched
ESMONOL,infinity,VTispon (mL^^ISO+),,pending,unknown,pending,pending,pending,pending,pending,pending,pending,15,1,review,no dictionary alias; no-rule-matched
ESMONOL,infinity,Vent. mode (),,ventilator_setting,unknown,pending,pending,pending,pending,pending,pending,pending,1,15,classified,Infinity param: ventilation mode; needs signal mapping
ESMONOL,infinity,Vent. mode (^^ISO+),,ventilator_setting,unknown,pending,pending,pending,pending,pending,pending,pending,15,1,classified,Infinity param: ventilation mode; needs signal mapping
ESMONOL,infinity,Weight (kg^^ISO+),,demographic,unknown,pending,pending,pending,pending,pending,pending,pending,15,1,classified,domain=demographic; rule:\bweight\b; needs signal mapping
ESMONOL,infinity,dT (cel^^ISO+),,pending,unknown,pending,pending,pending,pending,pending,pending,pending,15,1,review,no dictionary alias; no-rule-matched
ESMONOL,infinity,etCO2 (mm(hg)^^ISO+),ETCO2,pending,pending,pending,pending,pending,pending,pending,pending,pending,15,1,preexisting,
ESMONOL,infinity,etDes (%^^ISO+),ET_DES,pending,pending,pending,pending,pending,pending,pending,pending,pending,15,1,preexisting,
ESMONOL,infinity,etEnf (%^^ISO+),,pending,unknown,pending,pending,pending,pending,pending,pending,pending,15,1,review,no dictionary alias; no-rule-matched
ESMONOL,infinity,etHal (%^^ISO+),,pending,unknown,pending,pending,pending,pending,pending,pending,pending,15,1,review,no dictionary alias; no-rule-matched
ESMONOL,infinity,etIso (%^^ISO+),,pending,unknown,pending,pending,pending,pending,pending,pending,pending,15,1,review,no dictionary alias; no-rule-matched
ESMONOL,infinity,etN2O (%^^ISO+),,physiological_signal,unknown,pending,pending,pending,pending,pending,pending,pending,15,1,classified,Infinity param: end-tidal N2O; needs signal mapping
ESMONOL,infinity,etO2 (%^^ISO+),,physiological_signal,unknown,pending,pending,pending,pending,pending,pending,pending,15,1,classified,Infinity param: end-tidal O2; needs signal mapping
ESMONOL,infinity,etPrimA (%^^ISO+),,anesthesia_setting,unknown,pending,pending,pending,pending,pending,pending,pending,15,1,classified,Infinity param: end-tidal primary agent? verify; needs signal mapping
ESMONOL,infinity,etSecA (%^^ISO+),,anesthesia_setting,unknown,pending,pending,pending,pending,pending,pending,pending,15,1,classified,Infinity param: end-tidal secondary agent? verify; needs signal mapping
ESMONOL,infinity,etSev (%^^ISO+),ET_SEVO,pending,pending,pending,pending,pending,pending,pending,pending,pending,15,1,preexisting,
ESMONOL,infinity,etSev (),ET_SEVO,physiological_signal,unknown,percent,pending,pending,pending,pending,pending,pending,1,15,alias_base,
ESMONOL,infinity,inCO2 (mm(hg)^^ISO+),,pending,unknown,pending,pending,pending,pending,pending,pending,pending,15,1,review,no dictionary alias; no-rule-matched
ESMONOL,infinity,inDes (%^^ISO+),,anesthesia_setting,unknown,pending,pending,pending,pending,pending,pending,pending,15,1,classified,Infinity param: inspired desflurane; needs signal mapping
ESMONOL,infinity,inEnf (%^^ISO+),,pending,unknown,pending,pending,pending,pending,pending,pending,pending,15,1,review,no dictionary alias; no-rule-matched
ESMONOL,infinity,inHal (%^^ISO+),,anesthesia_setting,unknown,pending,pending,pending,pending,pending,pending,pending,15,1,classified,Infinity param: inspired halothane; needs signal mapping
ESMONOL,infinity,inIso (%^^ISO+),,ventilator_setting,unknown,pending,pending,pending,pending,pending,pending,pending,15,1,classified,Infinity param: initial isoflurane? verify; needs signal mapping
ESMONOL,infinity,inN2O (%^^ISO+),,pending,unknown,pending,pending,pending,pending,pending,pending,pending,15,1,review,no dictionary alias; no-rule-matched
ESMONOL,infinity,inPrimA (%^^ISO+),,anesthesia_setting,unknown,pending,pending,pending,pending,pending,pending,pending,15,1,classified,Infinity param: inspired primary agent? verify; needs signal mapping
ESMONOL,infinity,inSecA (%^^ISO+),,pending,unknown,pending,pending,pending,pending,pending,pending,pending,15,1,review,no dictionary alias; no-rule-matched
ESMONOL,infinity,inSev (%^^ISO+),,anesthesia_setting,unknown,pending,pending,pending,pending,pending,pending,pending,15,1,classified,Infinity param: inspired sevoflurane; needs signal mapping
ESMONOL,infinity,inxMAC (^^ISO+),,anesthesia_setting,unknown,pending,pending,pending,pending,pending,pending,pending,15,1,classified,Infinity param: inspired xMAC; needs signal mapping
ESMONOL,infinity,leak (),,pending,unknown,pending,pending,pending,pending,pending,pending,pending,1,15,review,no dictionary alias; no-rule-matched
ESMONOL,infinity,leak BS M/S (mL/min^^ISO+),,ventilator_setting,unknown,pending,pending,pending,pending,pending,pending,pending,15,1,classified,Infinity param: leak; needs signal mapping
ESMONOL,infinity,nr,,pending,unknown,pending,pending,pending,pending,pending,pending,pending,16,0,review,no dictionary alias; no-rule-matched
ESMONOL,infinity,r2 (^^ISO+),,pending,unknown,pending,pending,pending,pending,pending,pending,pending,15,1,review,no dictionary alias; no-rule-matched
ESMONOL,infinity,xMAC (^^ISO+),MAC,pending,pending,pending,pending,pending,pending,pending,pending,pending,15,1,preexisting,
ESMONOL,nol,,,event_or_signal,unknown,pending,pending,pending,pending,pending,pending,pending,16,0,review,empty column name in source header; data quality
ESMONOL,nol,N/A,,event_or_signal,unknown,pending,pending,pending,pending,pending,pending,pending,16,0,classified,domain=event_or_signal; rule:source=nol; needs signal mapping
IPAMS,bettercare,AIR FLOW,,pending,unknown,pending,pending,pending,pending,pending,pending,pending,35,0,review,no dictionary alias; no-rule-matched
IPAMS,bettercare,ART M,ART_MEAN,pending,pending,pending,pending,pending,pending,pending,pending,pending,31,4,preexisting,
IPAMS,bettercare,ART M Dias,ART_DIA,pending,pending,pending,pending,pending,pending,pending,pending,pending,31,4,preexisting,
IPAMS,bettercare,ART M Sys,ART_SYS,pending,pending,pending,pending,pending,pending,pending,pending,pending,31,4,preexisting,
IPAMS,bettercare,Annotations,,event,unknown,pending,pending,pending,pending,pending,pending,pending,35,0,classified,domain=event; rule:\bannotation; needs signal mapping
IPAMS,bettercare,CO2,,pending,unknown,pending,pending,pending,pending,pending,pending,pending,35,0,review,no dictionary alias; no-rule-matched
IPAMS,bettercare,CVP M,CVP,pending,pending,pending,pending,pending,pending,pending,pending,pending,31,4,preexisting,
IPAMS,bettercare,ECG I,,pending,unknown,pending,pending,pending,pending,pending,pending,pending,35,0,review,no dictionary alias; no-rule-matched
IPAMS,bettercare,ECG II,,pending,unknown,pending,pending,pending,pending,pending,pending,pending,35,0,review,no dictionary alias; no-rule-matched
IPAMS,bettercare,ECG III,,pending,unknown,pending,pending,pending,pending,pending,pending,pending,35,0,review,no dictionary alias; no-rule-matched
IPAMS,bettercare,ECG V1,,pending,unknown,pending,pending,pending,pending,pending,pending,pending,35,0,review,no dictionary alias; no-rule-matched
IPAMS,bettercare,ECG V2,,pending,unknown,pending,pending,pending,pending,pending,pending,pending,35,0,review,no dictionary alias; no-rule-matched
IPAMS,bettercare,ECG V3,,pending,unknown,pending,pending,pending,pending,pending,pending,pending,35,0,review,no dictionary alias; no-rule-matched
IPAMS,bettercare,ECG V4,,pending,unknown,pending,pending,pending,pending,pending,pending,pending,35,0,review,no dictionary alias; no-rule-matched
IPAMS,bettercare,ECG V5,,pending,unknown,pending,pending,pending,pending,pending,pending,pending,35,0,review,no dictionary alias; no-rule-matched
IPAMS,bettercare,ECG V6,,pending,unknown,pending,pending,pending,pending,pending,pending,pending,35,0,review,no dictionary alias; no-rule-matched
IPAMS,bettercare,ECG aVF,,pending,unknown,pending,pending,pending,pending,pending,pending,pending,35,0,review,no dictionary alias; no-rule-matched
IPAMS,bettercare,ECG aVL,,pending,unknown,pending,pending,pending,pending,pending,pending,pending,35,0,review,no dictionary alias; no-rule-matched
IPAMS,bettercare,ECG aVR,,pending,unknown,pending,pending,pending,pending,pending,pending,pending,35,0,review,no dictionary alias; no-rule-matched
IPAMS,bettercare,HR,HR,pending,pending,pending,pending,pending,pending,pending,pending,pending,31,4,preexisting,
IPAMS,bettercare,LA M,,pending,unknown,pending,pending,pending,pending,pending,pending,pending,31,4,review,no dictionary alias; no-rule-matched
IPAMS,bettercare,NIBP M,NBP_MEAN,pending,pending,pending,pending,pending,pending,pending,pending,pending,31,4,preexisting,
IPAMS,bettercare,PA M,PA_MEAN,pending,pending,pending,pending,pending,pending,pending,pending,pending,31,4,preexisting,
IPAMS,bettercare,PA M Dias,PA_DIA,pending,pending,pending,pending,pending,pending,pending,pending,pending,31,4,preexisting,
IPAMS,bettercare,PA M Sys,PA_SYS,pending,pending,pending,pending,pending,pending,pending,pending,pending,31,4,preexisting,
IPAMS,bettercare,PAD,,pending,unknown,pending,pending,pending,pending,pending,pending,pending,35,0,review,no dictionary alias; no-rule-matched
IPAMS,bettercare,PAI,,pending,unknown,pending,pending,pending,pending,pending,pending,pending,35,0,review,no dictionary alias; no-rule-matched
IPAMS,bettercare,PAP,,pending,unknown,pending,pending,pending,pending,pending,pending,pending,35,0,review,no dictionary alias; no-rule-matched
IPAMS,bettercare,PAW,,pending,unknown,pending,pending,pending,pending,pending,pending,pending,35,0,review,no dictionary alias; no-rule-matched
IPAMS,bettercare,PLETH,,pending,unknown,pending,pending,pending,pending,pending,pending,pending,35,0,review,no dictionary alias; no-rule-matched
IPAMS,bettercare,PNI,,pending,unknown,pending,pending,pending,pending,pending,pending,pending,35,0,review,no dictionary alias; no-rule-matched
IPAMS,bettercare,PRES ART,,pending,unknown,pending,pending,pending,pending,pending,pending,pending,35,0,review,no dictionary alias; no-rule-matched
IPAMS,bettercare,PVC,,pending,unknown,pending,pending,pending,pending,pending,pending,pending,35,0,review,no dictionary alias; no-rule-matched
IPAMS,bettercare,RA M,,pending,unknown,pending,pending,pending,pending,pending,pending,pending,31,4,review,no dictionary alias; no-rule-matched
IPAMS,bettercare,RESP,,pending,unknown,pending,pending,pending,pending,pending,pending,pending,35,0,review,candidate dictionary entry: respiratory (rate or waveform? ambiguous)
IPAMS,bettercare,RRc,,ventilator_setting,unknown,pending,pending,pending,pending,pending,pending,pending,31,4,classified,Infinity param: respiratory rate control? verify; needs signal mapping
IPAMS,bettercare,SpO2,SPO2,pending,pending,pending,pending,pending,pending,pending,pending,pending,31,4,preexisting,
IPAMS,bettercare,Time (msecs),,metadata,unknown,pending,pending,pending,pending,pending,pending,pending,35,0,classified,domain=metadata; rule:\btime\b; needs signal mapping
IPAMS,bettercare,VT,TV,pending,pending,pending,pending,pending,pending,pending,pending,pending,35,0,preexisting,
IPAMS,bettercare,etCO2,ETCO2,pending,pending,pending,pending,pending,pending,pending,pending,pending,31,4,preexisting,
IPAMS,bettercare,peak paw,,pending,unknown,pending,pending,pending,pending,pending,pending,pending,31,4,review,no dictionary alias; no-rule-matched
IPAMS,bettercare,vt insp,,pending,unknown,pending,pending,pending,pending,pending,pending,pending,31,4,review,no dictionary alias; no-rule-matched
IPAMS,infinity,%PACED (%^^ISO+),,event,unknown,pending,pending,pending,pending,pending,pending,pending,36,5,classified,Infinity param: percent paced beats; needs signal mapping
IPAMS,infinity,%Tplat (%^^ISO+),,ventilator_setting,unknown,pending,pending,pending,pending,pending,pending,pending,2,39,classified,domain=ventilator_setting; rule:\btplat\b; needs signal mapping
IPAMS,infinity,(),,pending,unknown,pending,pending,pending,pending,pending,pending,pending,3,38,review,no dictionary alias; no-rule-matched
IPAMS,infinity,2nd Anesthesia gas (),,anesthesia_setting,unknown,pending,pending,pending,pending,pending,pending,pending,1,40,classified,domain=anesthesia_setting; rule:\banesthes; needs signal mapping
IPAMS,infinity,2nd Anesthesia gas (^^ISO+),,anesthesia_setting,unknown,pending,pending,pending,pending,pending,pending,pending,36,5,classified,domain=anesthesia_setting; rule:\banesthes; needs signal mapping
IPAMS,infinity,AOR D (mm(hg)^^ISO+),,pending,unknown,pending,pending,pending,pending,pending,pending,pending,1,40,review,no dictionary alias; no-rule-matched
IPAMS,infinity,AOR M (mm(hg)^^ISO+),,pending,unknown,pending,pending,pending,pending,pending,pending,pending,1,40,review,no dictionary alias; no-rule-matched
IPAMS,infinity,AOR S (mm(hg)^^ISO+),,pending,unknown,pending,pending,pending,pending,pending,pending,pending,1,40,review,no dictionary alias; no-rule-matched
IPAMS,infinity,ARR (^^ISO+),,pending,unknown,pending,pending,pending,pending,pending,pending,pending,36,5,review,no dictionary alias; no-rule-matched
IPAMS,infinity,ART D (mm(hg)^^ISO+),ART_DIA,pending,pending,pending,pending,pending,pending,pending,pending,pending,36,5,preexisting,
IPAMS,infinity,ART M (mm(hg)^^ISO+),ART_MEAN,pending,pending,pending,pending,pending,pending,pending,pending,pending,36,5,preexisting,
IPAMS,infinity,ART S (mm(hg)^^ISO+),ART_SYS,pending,pending,pending,pending,pending,pending,pending,pending,pending,36,5,preexisting,
IPAMS,infinity,Age (a^^ISO+),,demographic,unknown,pending,pending,pending,pending,pending,pending,pending,36,5,classified,domain=demographic; rule:\bage\b; needs signal mapping
IPAMS,infinity,Air cons (L^^ISO+),,ventilator_setting_extra,unknown,pending,pending,pending,pending,pending,pending,pending,36,5,classified,domain=ventilator_setting_extra; rule:\bcons\b; needs signal mapping
IPAMS,infinity,Anesthesia gas (^^ISO+),,anesthesia_setting,unknown,pending,pending,pending,pending,pending,pending,pending,36,5,classified,domain=anesthesia_setting; rule:\banesthes; needs signal mapping
IPAMS,infinity,Apn Dur (),,alarm,unknown,pending,pending,pending,pending,pending,pending,pending,1,40,classified,domain=alarm; rule:\bapn; needs signal mapping
IPAMS,infinity,Apn Dur (s^^ISO+),,alarm,unknown,pending,pending,pending,pending,pending,pending,pending,36,5,classified,domain=alarm; rule:\bapn; needs signal mapping
IPAMS,infinity,Audio pause (^^ISO+),,alarm,unknown,pending,pending,pending,pending,pending,pending,pending,17,24,classified,domain=alarm; rule:\baudio pause; needs signal mapping
IPAMS,infinity,BRA D (mm(hg)^^ISO+),PA_DIA,physiological_signal,unknown,mmHg,pending,pending,pending,pending,pending,pending,1,40,alias_exact,
IPAMS,infinity,BRA M (mm(hg)^^ISO+),PA_MEAN,physiological_signal,unknown,mmHg,pending,pending,pending,pending,pending,pending,1,40,alias_exact,
IPAMS,infinity,BRA S (mm(hg)^^ISO+),PA_SYS,physiological_signal,unknown,mmHg,pending,pending,pending,pending,pending,pending,1,40,alias_exact,
IPAMS,infinity,CO2 unit (),,metadata,unknown,pending,pending,pending,pending,pending,pending,pending,1,40,classified,Infinity param: CO2 module identifier; needs signal mapping
IPAMS,infinity,CO2 unit (^^ISO+),,metadata,unknown,pending,pending,pending,pending,pending,pending,pending,36,5,classified,Infinity param: CO2 module identifier; needs signal mapping
IPAMS,infinity,CVP (mm(hg)^^ISO+),CVP,pending,pending,pending,pending,pending,pending,pending,pending,pending,12,29,preexisting,
IPAMS,infinity,Carrier gas (^^ISO+),,anesthesia_setting,unknown,pending,pending,pending,pending,pending,pending,pending,36,5,classified,domain=anesthesia_setting; rule:\bgas\b; needs signal mapping
IPAMS,infinity,Cbs+hose (mL/hp),,ventilator_setting_extra,unknown,pending,pending,pending,pending,pending,pending,pending,1,40,classified,domain=ventilator_setting_extra; rule:\bhose\b; needs signal mapping
IPAMS,infinity,Cbs+hose (mL/hpa^^ISO+),,ventilator_setting_extra,unknown,pending,pending,pending,pending,pending,pending,pending,36,5,classified,domain=ventilator_setting_extra; rule:\bhose\b; needs signal mapping
IPAMS,infinity,Cdyn (L/bar^^ISO+),,pending,unknown,pending,pending,pending,pending,pending,pending,pending,36,5,review,no dictionary alias; no-rule-matched
IPAMS,infinity,Chose (mL/hpa^^ISO+),,ventilator_setting,unknown,pending,pending,pending,pending,pending,pending,pending,36,5,classified,Infinity param: compliance hose? verify; needs signal mapping
IPAMS,infinity,DEVICENAME,,demographic,unknown,pending,pending,pending,pending,pending,pending,pending,41,0,classified,domain=demographic; rule:\bdevicename\b; needs signal mapping
IPAMS,infinity,DO2 (%^^ISO+),,physiological_signal,unknown,pending,pending,pending,pending,pending,pending,pending,36,5,classified,Infinity param: oxygen delivery? verify; needs signal mapping
IPAMS,infinity,DPsupp set (mbar^^ISO+),,ventilator_setting_extra,unknown,pending,pending,pending,pending,pending,pending,pending,11,30,classified,domain=ventilator_setting_extra; rule:\bdpsupp\b; needs signal mapping
IPAMS,infinity,Des cons (mL^),,ventilator_setting_extra,unknown,pending,pending,pending,pending,pending,pending,pending,1,40,classified,domain=ventilator_setting_extra; rule:\bcons\b; needs signal mapping
IPAMS,infinity,Des cons (mL^^ISO+),,ventilator_setting_extra,unknown,pending,pending,pending,pending,pending,pending,pending,36,5,classified,domain=ventilator_setting_extra; rule:\bcons\b; needs signal mapping
IPAMS,infinity,Des tot (mL^^ISO+),,ventilator_setting_extra,unknown,pending,pending,pending,pending,pending,pending,pending,36,5,classified,domain=ventilator_setting_extra; rule:\btot\b; needs signal mapping
IPAMS,infinity,Device check (^^ISO+),,metadata,unknown,pending,pending,pending,pending,pending,pending,pending,36,5,classified,Infinity param: device self-check flag; needs signal mapping
IPAMS,infinity,E (mba),,ventilator_setting,unknown,pending,pending,pending,pending,pending,pending,pending,1,40,classified,Infinity param: elastance; needs signal mapping
IPAMS,infinity,E (mbar/L^^ISO+),,ventilator_setting,unknown,pending,pending,pending,pending,pending,pending,pending,36,5,classified,Infinity param: elastance; needs signal mapping
IPAMS,infinity,ESO (mm(hg)^^ISO+),,pending,unknown,pending,pending,pending,pending,pending,pending,pending,1,40,review,no dictionary alias; no-rule-matched
IPAMS,infinity,Enf cons (),,ventilator_setting_extra,unknown,pending,pending,pending,pending,pending,pending,pending,2,39,classified,domain=ventilator_setting_extra; rule:\bcons\b; needs signal mapping
IPAMS,infinity,Enf cons (mL^^ISO+),,ventilator_setting_extra,unknown,pending,pending,pending,pending,pending,pending,pending,36,5,classified,domain=ventilator_setting_extra; rule:\bcons\b; needs signal mapping
IPAMS,infinity,Enf tot (mL^^ISO+),,ventilator_setting_extra,unknown,pending,pending,pending,pending,pending,pending,pending,36,5,classified,domain=ventilator_setting_extra; rule:\btot\b; needs signal mapping
IPAMS,infinity,FG Des (kpa^^ISO+),,ventilator_setting_extra,unknown,pending,pending,pending,pending,pending,pending,pending,36,5,classified,domain=ventilator_setting_extra; rule:\bfg \b; needs signal mapping
IPAMS,infinity,FG Iso (kpa^^ISO+),,ventilator_setting_extra,unknown,pending,pending,pending,pending,pending,pending,pending,36,5,classified,domain=ventilator_setting_extra; rule:\bfg \b; needs signal mapping
IPAMS,infinity,FG O2 (%^^ISO+),,ventilator_setting_extra,unknown,pending,pending,pending,pending,pending,pending,pending,36,5,classified,domain=ventilator_setting_extra; rule:\bfg \b; needs signal mapping
IPAMS,infinity,FG Sev (kpa^^ISO+),,ventilator_setting_extra,unknown,pending,pending,pending,pending,pending,pending,pending,36,5,classified,domain=ventilator_setting_extra; rule:\bfg \b; needs signal mapping
IPAMS,infinity,FG V'Air (),,ventilator_setting_extra,unknown,pending,pending,pending,pending,pending,pending,pending,1,40,classified,domain=ventilator_setting_extra; rule:\bfg \b; needs signal mapping
IPAMS,infinity,FG V'Air (mL/min^^ISO+),,ventilator_setting_extra,unknown,pending,pending,pending,pending,pending,pending,pending,36,5,classified,domain=ventilator_setting_extra; rule:\bfg \b; needs signal mapping
IPAMS,infinity,FG V'N2O (mL/min^^ISO+),,ventilator_setting_extra,unknown,pending,pending,pending,pending,pending,pending,pending,36,5,classified,domain=ventilator_setting_extra; rule:\bfg \b; needs signal mapping
IPAMS,infinity,FG V'O2 (mL/min^^ISO+),,ventilator_setting_extra,unknown,pending,pending,pending,pending,pending,pending,pending,36,5,classified,domain=ventilator_setting_extra; rule:\bfg \b; needs signal mapping
IPAMS,infinity,FG flow (mL/min^^ISO+),,ventilator_setting_extra,unknown,pending,pending,pending,pending,pending,pending,pending,36,5,classified,domain=ventilator_setting_extra; rule:\bfg \b; needs signal mapping
IPAMS,infinity,FiO2 (%^^ISO+),,ventilator_setting,unknown,pending,pending,pending,pending,pending,pending,pending,36,5,classified,Infinity param: fraction of inspired O2; needs signal mapping
IPAMS,infinity,Flow trigger set (L/min^^ISO+),,pending,unknown,pending,pending,pending,pending,pending,pending,pending,11,30,review,no dictionary alias; no-rule-matched
IPAMS,infinity,H (),,pending,unknown,pending,pending,pending,pending,pending,pending,pending,1,40,review,no dictionary alias; no-rule-matched
IPAMS,infinity,HR (/min^^ISO+),HR,pending,pending,pending,pending,pending,pending,pending,pending,pending,36,5,preexisting,
IPAMS,infinity,Hal cons (mL^^ISO+),,ventilator_setting_extra,unknown,pending,pending,pending,pending,pending,pending,pending,36,5,classified,domain=ventilator_setting_extra; rule:\bcons\b; needs signal mapping
IPAMS,infinity,Hal tot (mL^^ISO+),,ventilator_setting_extra,unknown,pending,pending,pending,pending,pending,pending,pending,36,5,classified,domain=ventilator_setting_extra; rule:\btot\b; needs signal mapping
IPAMS,infinity,Height (cm^^ISO+),,demographic,unknown,pending,pending,pending,pending,pending,pending,pending,36,5,classified,domain=demographic; rule:\bheight\b; needs signal mapping
IPAMS,infinity,Insp. term. set (%(PIF)^^ISO+),,ventilator_setting,unknown,pending,pending,pending,pending,pending,pending,pending,11,30,classified,Infinity param: inspiratory termination setting; needs signal mapping
IPAMS,infinity,Is (),,pending,unknown,pending,pending,pending,pending,pending,pending,pending,1,40,review,no dictionary alias; no-rule-matched
IPAMS,infinity,Iso cons (mL^^I),,ventilator_setting_extra,unknown,pending,pending,pending,pending,pending,pending,pending,1,40,classified,domain=ventilator_setting_extra; rule:\bcons\b; needs signal mapping
IPAMS,infinity,Iso cons (mL^^ISO+),,ventilator_setting_extra,unknown,pending,pending,pending,pending,pending,pending,pending,36,5,classified,domain=ventilator_setting_extra; rule:\bcons\b; needs signal mapping
IPAMS,infinity,Iso tot (mL^^ISO+),,ventilator_setting_extra,unknown,pending,pending,pending,pending,pending,pending,pending,36,5,classified,domain=ventilator_setting_extra; rule:\btot\b; needs signal mapping
IPAMS,infinity,LV D (mm(hg)^^ISO+),,pending,unknown,pending,pending,pending,pending,pending,pending,pending,1,40,review,no dictionary alias; no-rule-matched
IPAMS,infinity,LV M (mm(hg)^^ISO+),,pending,unknown,pending,pending,pending,pending,pending,pending,pending,1,40,review,no dictionary alias; no-rule-matched
IPAMS,infinity,LV S (mm(hg)^^ISO+),,pending,unknown,pending,pending,pending,pending,pending,pending,pending,1,40,review,no dictionary alias; no-rule-matched
IPAMS,infinity,Leak BS (mL/min^^ISO+),,ventilator_setting,unknown,pending,pending,pending,pending,pending,pending,pending,36,5,classified,Infinity param: leak (body surface?) verify; needs signal mapping
IPAMS,infinity,MV (L/min^^ISO+),,ventilator_setting,unknown,pending,pending,pending,pending,pending,pending,pending,36,5,classified,Infinity param: minute volume; needs signal mapping
IPAMS,infinity,MVe (L/min^^ISO+),,ventilator_setting,unknown,pending,pending,pending,pending,pending,pending,pending,29,12,classified,Infinity param: expiratory minute volume; needs signal mapping
IPAMS,infinity,MVmand (L/min^^ISO+),,ventilator_setting,unknown,pending,pending,pending,pending,pending,pending,pending,36,5,classified,Infinity param: mandatory minute volume; needs signal mapping
IPAMS,infinity,MVspon (L/min^^ISO+),,ventilator_setting,unknown,pending,pending,pending,pending,pending,pending,pending,36,5,classified,Infinity param: spontaneous minute volume; needs signal mapping
IPAMS,infinity,N2O cons (L^^ISO+),,ventilator_setting_extra,unknown,pending,pending,pending,pending,pending,pending,pending,36,5,classified,domain=ventilator_setting_extra; rule:\bcons\b; needs signal mapping
IPAMS,infinity,NBP D (mm(hg)^^ISO+),NBP_DIA,pending,pending,pending,pending,pending,pending,pending,pending,pending,36,5,preexisting,
IPAMS,infinity,NBP M (mm(hg)^^ISO+),NBP_MEAN,pending,pending,pending,pending,pending,pending,pending,pending,pending,36,5,preexisting,
IPAMS,infinity,NBP S (mm(hg)^^ISO+),NBP_SYS,pending,pending,pending,pending,pending,pending,pending,pending,pending,36,5,preexisting,
IPAMS,infinity,NMT-Temp (cel^^ISO+),,pending,unknown,pending,pending,pending,pending,pending,pending,pending,1,40,review,no dictionary alias; no-rule-matched
IPAMS,infinity,O2 cons (),,ventilator_setting_extra,unknown,pending,pending,pending,pending,pending,pending,pending,1,40,classified,domain=ventilator_setting_extra; rule:\bcons\b; needs signal mapping
IPAMS,infinity,O2 cons (L^^ISO+),,ventilator_setting_extra,unknown,pending,pending,pending,pending,pending,pending,pending,36,5,classified,domain=ventilator_setting_extra; rule:\bcons\b; needs signal mapping
IPAMS,infinity,OBSERVATION_DATETIME,,pending,unknown,pending,pending,pending,pending,pending,pending,pending,41,0,review,no dictionary alias; no-rule-matched
IPAMS,infinity,P1 D (mm(hg)^^ISO+),ART_DIA,physiological_signal,unknown,mmHg,pending,pending,pending,pending,pending,pending,12,29,alias_exact,
IPAMS,infinity,P1 M (mm(hg)^^ISO+),ART_MEAN,physiological_signal,unknown,mmHg,pending,pending,pending,pending,pending,pending,12,29,alias_exact,
IPAMS,infinity,P1 S (mm(hg)^^ISO+),ART_SYS,physiological_signal,unknown,mmHg,pending,pending,pending,pending,pending,pending,12,29,alias_exact,
IPAMS,infinity,P2 D (mm(hg)^^ISO+),,pending,unknown,pending,pending,pending,pending,pending,pending,pending,8,33,review,no dictionary alias; no-rule-matched
IPAMS,infinity,P2 M (mm(hg)^^ISO+),,pending,unknown,pending,pending,pending,pending,pending,pending,pending,8,33,review,no dictionary alias; no-rule-matched
IPAMS,infinity,P2 S (mm(hg)^^ISO+),,pending,unknown,pending,pending,pending,pending,pending,pending,pending,8,33,review,no dictionary alias; no-rule-matched
IPAMS,infinity,PA D (mm(hg)^^ISO+),PA_DIA,pending,pending,pending,pending,pending,pending,pending,pending,pending,35,6,preexisting,
IPAMS,infinity,PA M (mm(hg)^^ISO+),PA_MEAN,pending,pending,pending,pending,pending,pending,pending,pending,pending,35,6,preexisting,
IPAMS,infinity,PA S (),PA_SYS,physiological_signal,unknown,mmHg,pending,pending,pending,pending,pending,pending,1,40,alias_base,
IPAMS,infinity,PA S (mm(hg)^^ISO+),PA_SYS,pending,pending,pending,pending,pending,pending,pending,pending,pending,35,6,preexisting,
IPAMS,infinity,PEEP (mbar^^ISO+),PEEP,pending,pending,pending,pending,pending,pending,pending,pending,pending,36,5,preexisting,
IPAMS,infinity,PEEP set (mbar^^ISO+),,ventilator_setting,unknown,pending,pending,pending,pending,pending,pending,pending,36,5,classified,domain=ventilator_setting; rule:\bpeep\b; needs signal mapping
IPAMS,infinity,PIP (mbar^^ISO+),,ventilator_setting,unknown,pending,pending,pending,pending,pending,pending,pending,36,5,classified,Infinity param: peak inspiratory pressure; needs signal mapping
IPAMS,infinity,PLS (/min^^ISO+),HR,physiological_signal,unknown,bpm,pending,pending,pending,pending,pending,pending,36,5,alias_exact,
IPAMS,infinity,PPV (%^^ISO+),,pending,unknown,pending,pending,pending,pending,pending,pending,pending,14,27,review,no dictionary alias; no-rule-matched
IPAMS,infinity,PVC/min (/min^^ISO+),,event,unknown,pending,pending,pending,pending,pending,pending,pending,36,5,classified,Infinity param: premature ventricular contractions per min; needs signal mapping
IPAMS,infinity,PWP (mm(hg)^^ISO+),,pending,unknown,pending,pending,pending,pending,pending,pending,pending,35,6,review,no dictionary alias; no-rule-matched
IPAMS,infinity,Pamb (mbar^^ISO+),,pending,unknown,pending,pending,pending,pending,pending,pending,pending,36,5,review,no dictionary alias; no-rule-matched
IPAMS,infinity,Patient Category (^^ISO+),,metadata,unknown,pending,pending,pending,pending,pending,pending,pending,36,5,classified,domain=metadata; rule:\bpatient categor; needs signal mapping
IPAMS,infinity,Pmax set (mbar^^ISO+),,ventilator_setting,unknown,pending,pending,pending,pending,pending,pending,pending,36,5,classified,Infinity param: max pressure setting; needs signal mapping
IPAMS,infinity,Pmean (mbar^^ISO+),,ventilator_setting,unknown,pending,pending,pending,pending,pending,pending,pending,36,5,classified,Infinity param: mean airway pressure; needs signal mapping
IPAMS,infinity,Pplat (mbar^^ISO+),,ventilator_setting,unknown,pending,pending,pending,pending,pending,pending,pending,36,5,classified,Infinity param: plateau pressure; needs signal mapping
IPAMS,infinity,Pulse width (us^^ISO+),,pending,unknown,pending,pending,pending,pending,pending,pending,pending,2,39,review,no dictionary alias; no-rule-matched
IPAMS,infinity,R (),,pending,unknown,pending,pending,pending,pending,pending,pending,pending,1,40,review,no dictionary alias; no-rule-matched
IPAMS,infinity,R (mbar.s/L^^ISO+),,pending,unknown,pending,pending,pending,pending,pending,pending,pending,36,5,review,no dictionary alias; no-rule-matched
IPAMS,infinity,RAD D (mm(hg)^^ISO+),ART_DIA,physiological_signal,unknown,mmHg,pending,pending,pending,pending,pending,pending,1,40,alias_exact,
IPAMS,infinity,RAD M (mm(hg)^^ISO+),ART_MEAN,physiological_signal,unknown,mmHg,pending,pending,pending,pending,pending,pending,1,40,alias_exact,
IPAMS,infinity,RAD S (mm(hg)^^ISO+),ART_SYS,physiological_signal,unknown,mmHg,pending,pending,pending,pending,pending,pending,1,40,alias_exact,
IPAMS,infinity,RESP (/min^^ISO+),,pending,unknown,pending,pending,pending,pending,pending,pending,pending,1,40,review,candidate dictionary entry: respiratory (rate or waveform? ambiguous)
IPAMS,infinity,RR (/min^^ISO+),,pending,unknown,pending,pending,pending,pending,pending,pending,pending,36,5,review,candidate dictionary entry: respiratory rate
IPAMS,infinity,RR set (/min^^ISO+),,ventilator_setting,unknown,pending,pending,pending,pending,pending,pending,pending,36,5,classified,Infinity param: respiratory rate setting; needs signal mapping
IPAMS,infinity,RRc (/min^^ISO+),,ventilator_setting,unknown,pending,pending,pending,pending,pending,pending,pending,36,5,classified,Infinity param: respiratory rate control? verify; needs signal mapping
IPAMS,infinity,RRf (/min^^ISO+),,pending,unknown,pending,pending,pending,pending,pending,pending,pending,36,5,review,no dictionary alias; no-rule-matched
IPAMS,infinity,RRmand (/min^^ISO+),,ventilator_setting,unknown,pending,pending,pending,pending,pending,pending,pending,36,5,classified,Infinity param: mandatory respiratory rate; needs signal mapping
IPAMS,infinity,RRp (/min^^ISO+),,ventilator_setting,unknown,pending,pending,pending,pending,pending,pending,pending,36,5,classified,Infinity param: respiratory rate parameter; needs signal mapping
IPAMS,infinity,RRspon (/min^^ISO+),,ventilator_setting,unknown,pending,pending,pending,pending,pending,pending,pending,36,5,classified,Infinity param: spontaneous respiratory rate; needs signal mapping
IPAMS,infinity,STANDBY (^^ISO+),,metadata,unknown,pending,pending,pending,pending,pending,pending,pending,25,16,classified,Infinity param: ventilator standby state; needs signal mapping
IPAMS,infinity,STI (mm^^ISO+),,physiological_signal,unknown,pending,pending,pending,pending,pending,pending,pending,36,5,classified,Infinity param: ST lead I; needs signal mapping
IPAMS,infinity,STII (mm^^ISO+),,physiological_signal,unknown,pending,pending,pending,pending,pending,pending,pending,36,5,classified,Infinity param: ST lead II; needs signal mapping
IPAMS,infinity,STIII (mm^^ISO+),,physiological_signal,unknown,pending,pending,pending,pending,pending,pending,pending,36,5,classified,Infinity param: ST lead III; needs signal mapping
IPAMS,infinity,STV (mm^^ISO+),,physiological_signal,unknown,pending,pending,pending,pending,pending,pending,pending,36,5,classified,Infinity param: ST segment value? verify lead; needs signal mapping
IPAMS,infinity,STV+ (mm^^ISO+),,physiological_signal,unknown,pending,pending,pending,pending,pending,pending,pending,36,5,classified,Infinity param: ST segment value? verify lead; needs signal mapping
IPAMS,infinity,STaVF (mm^^ISO+),,physiological_signal,unknown,pending,pending,pending,pending,pending,pending,pending,36,5,classified,Infinity param: ST aVF; needs signal mapping
IPAMS,infinity,STaVL (mm^^ISO+),,physiological_signal,unknown,pending,pending,pending,pending,pending,pending,pending,36,5,classified,Infinity param: ST aVL; needs signal mapping
IPAMS,infinity,STaVR (mm^^ISO+),,physiological_signal,unknown,pending,pending,pending,pending,pending,pending,pending,36,5,classified,Infinity param: ST aVR; needs signal mapping
IPAMS,infinity,Selected agent unit (),,anesthesia_setting,unknown,pending,pending,pending,pending,pending,pending,pending,1,40,classified,domain=anesthesia_setting; rule:\bagent\b; needs signal mapping
IPAMS,infinity,Selected agent unit (^^ISO+),,anesthesia_setting,unknown,pending,pending,pending,pending,pending,pending,pending,36,5,classified,domain=anesthesia_setting; rule:\bagent\b; needs signal mapping
IPAMS,infinity,Sev cons (),,ventilator_setting_extra,unknown,pending,pending,pending,pending,pending,pending,pending,1,40,classified,domain=ventilator_setting_extra; rule:\bcons\b; needs signal mapping
IPAMS,infinity,Sev cons (mL^^ISO+),,ventilator_setting_extra,unknown,pending,pending,pending,pending,pending,pending,pending,36,5,classified,domain=ventilator_setting_extra; rule:\bcons\b; needs signal mapping
IPAMS,infinity,Sev tot (mL^^ISO+),,ventilator_setting_extra,unknown,pending,pending,pending,pending,pending,pending,pending,36,5,classified,domain=ventilator_setting_extra; rule:\btot\b; needs signal mapping
IPAMS,infinity,Slope set (),,ventilator_setting,unknown,pending,pending,pending,pending,pending,pending,pending,1,40,classified,Infinity param: pressure slope setting; needs signal mapping
IPAMS,infinity,Slope set (s^^ISO+),,ventilator_setting,unknown,pending,pending,pending,pending,pending,pending,pending,36,5,classified,Infinity param: pressure slope setting; needs signal mapping
IPAMS,infinity,SpO2 (%^^ISO+),SPO2,pending,pending,pending,pending,pending,pending,pending,pending,pending,36,5,preexisting,
IPAMS,infinity,Stim current (ma^^ISO+),,pending,unknown,pending,pending,pending,pending,pending,pending,pending,2,39,review,no dictionary alias; no-rule-matched
IPAMS,infinity,TC (s^^ISO+),,pending,unknown,pending,pending,pending,pending,pending,pending,pending,36,5,review,no dictionary alias; no-rule-matched
IPAMS,infinity,TOF-Cnt (^^ISO+),,pending,unknown,pending,pending,pending,pending,pending,pending,pending,2,39,review,no dictionary alias; no-rule-matched
IPAMS,infinity,TOF-Ratio (%^^ISO+),,pending,unknown,pending,pending,pending,pending,pending,pending,pending,2,39,review,no dictionary alias; no-rule-matched
IPAMS,infinity,Ta (cel^^ISO+),TEMP,physiological_signal,unknown,celsius,pending,pending,pending,pending,pending,pending,36,5,alias_exact,
IPAMS,infinity,Tb (cel^^ISO+),TEMP,pending,pending,pending,pending,pending,pending,pending,pending,pending,36,5,preexisting,
IPAMS,infinity,Tcase (min^^ISO+),,metadata,unknown,pending,pending,pending,pending,pending,pending,pending,36,5,classified,Infinity param: test/case marker? verify; needs signal mapping
IPAMS,infinity,Ti set (s^^ISO+),,pending,unknown,pending,pending,pending,pending,pending,pending,pending,36,5,review,no dictionary alias; no-rule-matched
IPAMS,infinity,V (),,pending,unknown,pending,pending,pending,pending,pending,pending,pending,1,40,review,no dictionary alias; no-rule-matched
IPAMS,infinity,V'CO2 (mL/min^^ISO+),,pending,unknown,pending,pending,pending,pending,pending,pending,pending,36,5,review,no dictionary alias; no-rule-matched
IPAMS,infinity,V'O2 (0.01 L/min^^ISO+),,physiological_signal,unknown,pending,pending,pending,pending,pending,pending,pending,36,5,classified,Infinity param: O2 consumption? verify; needs signal mapping
IPAMS,infinity,VENT T (),,pending,unknown,pending,pending,pending,pending,pending,pending,pending,1,40,review,no dictionary alias; no-rule-matched
IPAMS,infinity,VENT TYPE (),,pending,unknown,pending,pending,pending,pending,pending,pending,pending,41,0,review,no dictionary alias; no-rule-matched
IPAMS,infinity,VT (mL^^ISO+),TV,physiological_signal,unknown,mL,pending,pending,pending,pending,pending,pending,36,5,alias_base,
IPAMS,infinity,VTe (mL^^ISO+),TV,pending,pending,pending,pending,pending,pending,pending,pending,pending,29,12,preexisting,
IPAMS,infinity,VTemand (mL^^ISO+),,ventilator_setting,unknown,pending,pending,pending,pending,pending,pending,pending,36,5,classified,Infinity param: mandatory tidal volume; needs signal mapping
IPAMS,infinity,VTespon (),,ventilator_setting,unknown,pending,pending,pending,pending,pending,pending,pending,2,39,classified,Infinity param: spontaneous tidal volume; needs signal mapping
IPAMS,infinity,VTespon (mL^^ISO+),,ventilator_setting,unknown,pending,pending,pending,pending,pending,pending,pending,36,5,classified,Infinity param: spontaneous tidal volume; needs signal mapping
IPAMS,infinity,VTi (mL^^ISO+),,pending,unknown,pending,pending,pending,pending,pending,pending,pending,36,5,review,no dictionary alias; no-rule-matched
IPAMS,infinity,VTi set (mL^^ISO+),,pending,unknown,pending,pending,pending,pending,pending,pending,pending,36,5,review,no dictionary alias; no-rule-matched
IPAMS,infinity,VTimand (mL^^ISO+),,pending,unknown,pending,pending,pending,pending,pending,pending,pending,36,5,review,no dictionary alias; no-rule-matched
IPAMS,infinity,VTispon (mL^^ISO+),,pending,unknown,pending,pending,pending,pending,pending,pending,pending,36,5,review,no dictionary alias; no-rule-matched
IPAMS,infinity,Vent. mode (^^ISO+),,ventilator_setting,unknown,pending,pending,pending,pending,pending,pending,pending,36,5,classified,Infinity param: ventilation mode; needs signal mapping
IPAMS,infinity,Weight (kg^^ISO+),,demographic,unknown,pending,pending,pending,pending,pending,pending,pending,36,5,classified,domain=demographic; rule:\bweight\b; needs signal mapping
IPAMS,infinity,dT (cel^^ISO+),,pending,unknown,pending,pending,pending,pending,pending,pending,pending,36,5,review,no dictionary alias; no-rule-matched
IPAMS,infinity,etCO2 (mm(hg)^^ISO+),ETCO2,pending,pending,pending,pending,pending,pending,pending,pending,pending,36,5,preexisting,
IPAMS,infinity,etDes (%^^ISO+),ET_DES,pending,pending,pending,pending,pending,pending,pending,pending,pending,36,5,preexisting,
IPAMS,infinity,etEnf (%^^ISO+),,pending,unknown,pending,pending,pending,pending,pending,pending,pending,36,5,review,no dictionary alias; no-rule-matched
IPAMS,infinity,etHal (%^^ISO+),,pending,unknown,pending,pending,pending,pending,pending,pending,pending,36,5,review,no dictionary alias; no-rule-matched
IPAMS,infinity,etIso (%^^ISO+),,pending,unknown,pending,pending,pending,pending,pending,pending,pending,36,5,review,no dictionary alias; no-rule-matched
IPAMS,infinity,etN2O (%^^ISO+),,physiological_signal,unknown,pending,pending,pending,pending,pending,pending,pending,36,5,classified,Infinity param: end-tidal N2O; needs signal mapping
IPAMS,infinity,etO2 (%^^ISO+),,physiological_signal,unknown,pending,pending,pending,pending,pending,pending,pending,36,5,classified,Infinity param: end-tidal O2; needs signal mapping
IPAMS,infinity,etPrimA (%^^ISO+),,anesthesia_setting,unknown,pending,pending,pending,pending,pending,pending,pending,36,5,classified,Infinity param: end-tidal primary agent? verify; needs signal mapping
IPAMS,infinity,etSecA (%^^ISO+),,anesthesia_setting,unknown,pending,pending,pending,pending,pending,pending,pending,36,5,classified,Infinity param: end-tidal secondary agent? verify; needs signal mapping
IPAMS,infinity,etSev (%^^ISO+),ET_SEVO,pending,pending,pending,pending,pending,pending,pending,pending,pending,36,5,preexisting,
IPAMS,infinity,etSev (),ET_SEVO,physiological_signal,unknown,percent,pending,pending,pending,pending,pending,pending,1,40,alias_base,
IPAMS,infinity,inCO2 (mm(hg)^^ISO+),,pending,unknown,pending,pending,pending,pending,pending,pending,pending,36,5,review,no dictionary alias; no-rule-matched
IPAMS,infinity,inDes (%^^ISO+),,anesthesia_setting,unknown,pending,pending,pending,pending,pending,pending,pending,36,5,classified,Infinity param: inspired desflurane; needs signal mapping
IPAMS,infinity,inDes (),,anesthesia_setting,unknown,pending,pending,pending,pending,pending,pending,pending,1,40,classified,Infinity param: inspired desflurane; needs signal mapping
IPAMS,infinity,inEnf (%^^ISO+),,pending,unknown,pending,pending,pending,pending,pending,pending,pending,36,5,review,no dictionary alias; no-rule-matched
IPAMS,infinity,inHal (%^^ISO+),,anesthesia_setting,unknown,pending,pending,pending,pending,pending,pending,pending,36,5,classified,Infinity param: inspired halothane; needs signal mapping
IPAMS,infinity,inIso (%^^ISO+),,ventilator_setting,unknown,pending,pending,pending,pending,pending,pending,pending,36,5,classified,Infinity param: initial isoflurane? verify; needs signal mapping
IPAMS,infinity,inN2O (%^^ISO+),,pending,unknown,pending,pending,pending,pending,pending,pending,pending,36,5,review,no dictionary alias; no-rule-matched
IPAMS,infinity,inPrimA (%^^ISO+),,anesthesia_setting,unknown,pending,pending,pending,pending,pending,pending,pending,36,5,classified,Infinity param: inspired primary agent? verify; needs signal mapping
IPAMS,infinity,inPrimA (),,anesthesia_setting,unknown,pending,pending,pending,pending,pending,pending,pending,1,40,classified,Infinity param: inspired primary agent? verify; needs signal mapping
IPAMS,infinity,inSecA (%^^ISO+),,pending,unknown,pending,pending,pending,pending,pending,pending,pending,36,5,review,no dictionary alias; no-rule-matched
IPAMS,infinity,inSev (%^^ISO+),,anesthesia_setting,unknown,pending,pending,pending,pending,pending,pending,pending,36,5,classified,Infinity param: inspired sevoflurane; needs signal mapping
IPAMS,infinity,inxMAC (),,anesthesia_setting,unknown,pending,pending,pending,pending,pending,pending,pending,1,40,classified,Infinity param: inspired xMAC; needs signal mapping
IPAMS,infinity,inxMAC (^^ISO+),,anesthesia_setting,unknown,pending,pending,pending,pending,pending,pending,pending,36,5,classified,Infinity param: inspired xMAC; needs signal mapping
IPAMS,infinity,leak BS M/S (mL/min^^ISO+),,ventilator_setting,unknown,pending,pending,pending,pending,pending,pending,pending,36,5,classified,Infinity param: leak; needs signal mapping
IPAMS,infinity,nr,,pending,unknown,pending,pending,pending,pending,pending,pending,pending,41,0,review,no dictionary alias; no-rule-matched
IPAMS,infinity,r2 (^^ISO+),,pending,unknown,pending,pending,pending,pending,pending,pending,pending,36,5,review,no dictionary alias; no-rule-matched
IPAMS,infinity,xMAC (^^ISO+),MAC,pending,pending,pending,pending,pending,pending,pending,pending,pending,36,5,preexisting,
IPAMS,nol,,,event_or_signal,unknown,pending,pending,pending,pending,pending,pending,pending,41,0,review,empty column name in source header; data quality
IPAMS,nol,06/10/2026 08:21:22|10502,,event_or_signal,unknown,pending,pending,pending,pending,pending,pending,pending,1,40,classified,domain=event_or_signal; rule:source=nol; needs signal mapping
IPAMS,nol,10351,,event_or_signal,unknown,pending,pending,pending,pending,pending,pending,pending,1,40,classified,domain=event_or_signal; rule:source=nol; needs signal mapping
IPAMS,nol,10831,,event_or_signal,unknown,pending,pending,pending,pending,pending,pending,pending,1,40,classified,domain=event_or_signal; rule:source=nol; needs signal mapping
IPAMS,nol,6045,,event_or_signal,unknown,pending,pending,pending,pending,pending,pending,pending,1,40,classified,domain=event_or_signal; rule:source=nol; needs signal mapping
IPAMS,nol,6532,,event_or_signal,unknown,pending,pending,pending,pending,pending,pending,pending,1,40,classified,domain=event_or_signal; rule:source=nol; needs signal mapping
IPAMS,nol,6688,,event_or_signal,unknown,pending,pending,pending,pending,pending,pending,pending,1,40,classified,domain=event_or_signal; rule:source=nol; needs signal mapping
IPAMS,nol,6775,,event_or_signal,unknown,pending,pending,pending,pending,pending,pending,pending,1,40,classified,domain=event_or_signal; rule:source=nol; needs signal mapping
IPAMS,nol,6871,,event_or_signal,unknown,pending,pending,pending,pending,pending,pending,pending,1,40,classified,domain=event_or_signal; rule:source=nol; needs signal mapping
IPAMS,nol,7062,,event_or_signal,unknown,pending,pending,pending,pending,pending,pending,pending,1,40,classified,domain=event_or_signal; rule:source=nol; needs signal mapping
IPAMS,nol,7093,,event_or_signal,unknown,pending,pending,pending,pending,pending,pending,pending,1,40,classified,domain=event_or_signal; rule:source=nol; needs signal mapping
IPAMS,nol,7108,,event_or_signal,unknown,pending,pending,pending,pending,pending,pending,pending,1,40,classified,domain=event_or_signal; rule:source=nol; needs signal mapping
IPAMS,nol,7112,,event_or_signal,unknown,pending,pending,pending,pending,pending,pending,pending,1,40,classified,domain=event_or_signal; rule:source=nol; needs signal mapping
IPAMS,nol,7125,,event_or_signal,unknown,pending,pending,pending,pending,pending,pending,pending,1,40,classified,domain=event_or_signal; rule:source=nol; needs signal mapping
IPAMS,nol,7150,,event_or_signal,unknown,pending,pending,pending,pending,pending,pending,pending,1,40,classified,domain=event_or_signal; rule:source=nol; needs signal mapping
IPAMS,nol,7243,,event_or_signal,unknown,pending,pending,pending,pending,pending,pending,pending,1,40,classified,domain=event_or_signal; rule:source=nol; needs signal mapping
IPAMS,nol,7400,,event_or_signal,unknown,pending,pending,pending,pending,pending,pending,pending,1,40,classified,domain=event_or_signal; rule:source=nol; needs signal mapping
IPAMS,nol,7434,,event_or_signal,unknown,pending,pending,pending,pending,pending,pending,pending,1,40,classified,domain=event_or_signal; rule:source=nol; needs signal mapping
IPAMS,nol,7470,,event_or_signal,unknown,pending,pending,pending,pending,pending,pending,pending,1,40,classified,domain=event_or_signal; rule:source=nol; needs signal mapping
IPAMS,nol,7477,,event_or_signal,unknown,pending,pending,pending,pending,pending,pending,pending,1,40,classified,domain=event_or_signal; rule:source=nol; needs signal mapping
IPAMS,nol,7653,,event_or_signal,unknown,pending,pending,pending,pending,pending,pending,pending,1,40,classified,domain=event_or_signal; rule:source=nol; needs signal mapping
IPAMS,nol,7662,,event_or_signal,unknown,pending,pending,pending,pending,pending,pending,pending,1,40,classified,domain=event_or_signal; rule:source=nol; needs signal mapping
IPAMS,nol,7674,,event_or_signal,unknown,pending,pending,pending,pending,pending,pending,pending,1,40,classified,domain=event_or_signal; rule:source=nol; needs signal mapping
IPAMS,nol,7692,,event_or_signal,unknown,pending,pending,pending,pending,pending,pending,pending,1,40,classified,domain=event_or_signal; rule:source=nol; needs signal mapping
IPAMS,nol,7695,,event_or_signal,unknown,pending,pending,pending,pending,pending,pending,pending,1,40,classified,domain=event_or_signal; rule:source=nol; needs signal mapping
IPAMS,nol,7703,,event_or_signal,unknown,pending,pending,pending,pending,pending,pending,pending,1,40,classified,domain=event_or_signal; rule:source=nol; needs signal mapping
IPAMS,nol,7708|,,event_or_signal,unknown,pending,pending,pending,pending,pending,pending,pending,1,40,classified,domain=event_or_signal; rule:source=nol; needs signal mapping
IPAMS,nol,7709,,event_or_signal,unknown,pending,pending,pending,pending,pending,pending,pending,1,40,classified,domain=event_or_signal; rule:source=nol; needs signal mapping
IPAMS,nol,7742,,event_or_signal,unknown,pending,pending,pending,pending,pending,pending,pending,1,40,classified,domain=event_or_signal; rule:source=nol; needs signal mapping
IPAMS,nol,7782,,event_or_signal,unknown,pending,pending,pending,pending,pending,pending,pending,1,40,classified,domain=event_or_signal; rule:source=nol; needs signal mapping
IPAMS,nol,7806,,event_or_signal,unknown,pending,pending,pending,pending,pending,pending,pending,1,40,classified,domain=event_or_signal; rule:source=nol; needs signal mapping
IPAMS,nol,7861,,event_or_signal,unknown,pending,pending,pending,pending,pending,pending,pending,1,40,classified,domain=event_or_signal; rule:source=nol; needs signal mapping
IPAMS,nol,7908,,event_or_signal,unknown,pending,pending,pending,pending,pending,pending,pending,1,40,classified,domain=event_or_signal; rule:source=nol; needs signal mapping
IPAMS,nol,7917,,event_or_signal,unknown,pending,pending,pending,pending,pending,pending,pending,1,40,classified,domain=event_or_signal; rule:source=nol; needs signal mapping
IPAMS,nol,7930,,event_or_signal,unknown,pending,pending,pending,pending,pending,pending,pending,1,40,classified,domain=event_or_signal; rule:source=nol; needs signal mapping
IPAMS,nol,7963,,event_or_signal,unknown,pending,pending,pending,pending,pending,pending,pending,1,40,classified,domain=event_or_signal; rule:source=nol; needs signal mapping
IPAMS,nol,7987,,event_or_signal,unknown,pending,pending,pending,pending,pending,pending,pending,1,40,classified,domain=event_or_signal; rule:source=nol; needs signal mapping
IPAMS,nol,8019,,event_or_signal,unknown,pending,pending,pending,pending,pending,pending,pending,1,40,classified,domain=event_or_signal; rule:source=nol; needs signal mapping
IPAMS,nol,8020,,event_or_signal,unknown,pending,pending,pending,pending,pending,pending,pending,1,40,classified,domain=event_or_signal; rule:source=nol; needs signal mapping
IPAMS,nol,8053,,event_or_signal,unknown,pending,pending,pending,pending,pending,pending,pending,1,40,classified,domain=event_or_signal; rule:source=nol; needs signal mapping
IPAMS,nol,8107,,event_or_signal,unknown,pending,pending,pending,pending,pending,pending,pending,1,40,classified,domain=event_or_signal; rule:source=nol; needs signal mapping
IPAMS,nol,8126,,event_or_signal,unknown,pending,pending,pending,pending,pending,pending,pending,1,40,classified,domain=event_or_signal; rule:source=nol; needs signal mapping
IPAMS,nol,8135,,event_or_signal,unknown,pending,pending,pending,pending,pending,pending,pending,1,40,classified,domain=event_or_signal; rule:source=nol; needs signal mapping
IPAMS,nol,8226,,event_or_signal,unknown,pending,pending,pending,pending,pending,pending,pending,1,40,classified,domain=event_or_signal; rule:source=nol; needs signal mapping
IPAMS,nol,8230,,event_or_signal,unknown,pending,pending,pending,pending,pending,pending,pending,1,40,classified,domain=event_or_signal; rule:source=nol; needs signal mapping
IPAMS,nol,8277,,event_or_signal,unknown,pending,pending,pending,pending,pending,pending,pending,1,40,classified,domain=event_or_signal; rule:source=nol; needs signal mapping
IPAMS,nol,8328,,event_or_signal,unknown,pending,pending,pending,pending,pending,pending,pending,1,40,classified,domain=event_or_signal; rule:source=nol; needs signal mapping
IPAMS,nol,8346,,event_or_signal,unknown,pending,pending,pending,pending,pending,pending,pending,1,40,classified,domain=event_or_signal; rule:source=nol; needs signal mapping
IPAMS,nol,8374,,event_or_signal,unknown,pending,pending,pending,pending,pending,pending,pending,1,40,classified,domain=event_or_signal; rule:source=nol; needs signal mapping
IPAMS,nol,8391,,event_or_signal,unknown,pending,pending,pending,pending,pending,pending,pending,1,40,classified,domain=event_or_signal; rule:source=nol; needs signal mapping
IPAMS,nol,8408,,event_or_signal,unknown,pending,pending,pending,pending,pending,pending,pending,1,40,classified,domain=event_or_signal; rule:source=nol; needs signal mapping
IPAMS,nol,8757,,event_or_signal,unknown,pending,pending,pending,pending,pending,pending,pending,1,40,classified,domain=event_or_signal; rule:source=nol; needs signal mapping
IPAMS,nol,8794,,event_or_signal,unknown,pending,pending,pending,pending,pending,pending,pending,1,40,classified,domain=event_or_signal; rule:source=nol; needs signal mapping
IPAMS,nol,8948,,event_or_signal,unknown,pending,pending,pending,pending,pending,pending,pending,1,40,classified,domain=event_or_signal; rule:source=nol; needs signal mapping
IPAMS,nol,9305,,event_or_signal,unknown,pending,pending,pending,pending,pending,pending,pending,1,40,classified,domain=event_or_signal; rule:source=nol; needs signal mapping
IPAMS,nol,9419,,event_or_signal,unknown,pending,pending,pending,pending,pending,pending,pending,1,40,classified,domain=event_or_signal; rule:source=nol; needs signal mapping
IPAMS,nol,9430,,event_or_signal,unknown,pending,pending,pending,pending,pending,pending,pending,1,40,classified,domain=event_or_signal; rule:source=nol; needs signal mapping
IPAMS,nol,9645,,event_or_signal,unknown,pending,pending,pending,pending,pending,pending,pending,1,40,classified,domain=event_or_signal; rule:source=nol; needs signal mapping
IPAMS,nol,9721,,event_or_signal,unknown,pending,pending,pending,pending,pending,pending,pending,1,40,classified,domain=event_or_signal; rule:source=nol; needs signal mapping
IPAMS,nol,N/A,,event_or_signal,unknown,pending,pending,pending,pending,pending,pending,pending,41,0,classified,domain=event_or_signal; rule:source=nol; needs signal mapping
IPAMS,other_csv,02-Apr-2026 09:05:50.052,,pending,unknown,pending,pending,pending,pending,pending,pending,pending,1,1,review,no dictionary alias; no-rule-matched
IPAMS,other_csv,23-Sep-2026 08:38:25.674,,pending,unknown,pending,pending,pending,pending,pending,pending,pending,1,1,review,no dictionary alias; no-rule-matched
IPAMS,other_csv,INFO,,pending,unknown,pending,pending,pending,pending,pending,pending,pending,2,0,review,no dictionary alias; no-rule-matched
IPAMS,other_csv,Recording started - C:\Medasense\DATA\2026-04-02 0905,,pending,unknown,pending,pending,pending,pending,pending,pending,pending,1,1,review,no dictionary alias; no-rule-matched
IPAMS,other_csv,Recording started - C:\Medasense\DATA\2026-09-23 0838,,pending,unknown,pending,pending,pending,pending,pending,pending,pending,1,1,review,no dictionary alias; no-rule-matched
MONREPI,infinity,%PACED (%^^ISO+),,event,unknown,pending,pending,pending,pending,pending,pending,pending,20,1,classified,Infinity param: percent paced beats; needs signal mapping
MONREPI,infinity,(),,pending,unknown,pending,pending,pending,pending,pending,pending,pending,4,17,review,no dictionary alias; no-rule-matched
MONREPI,infinity,2nd Anesthesia gas (^^ISO+),,anesthesia_setting,unknown,pending,pending,pending,pending,pending,pending,pending,20,1,classified,domain=anesthesia_setting; rule:\banesthes; needs signal mapping
MONREPI,infinity,ARR (^^ISO+),,pending,unknown,pending,pending,pending,pending,pending,pending,pending,20,1,review,no dictionary alias; no-rule-matched
MONREPI,infinity,ART D (mm(hg)^^ISO+),ART_DIA,pending,pending,pending,pending,pending,pending,pending,pending,pending,3,18,preexisting,
MONREPI,infinity,ART M (mm(hg)^^ISO+),ART_MEAN,pending,pending,pending,pending,pending,pending,pending,pending,pending,3,18,preexisting,
MONREPI,infinity,ART S (mm(hg)^^ISO+),ART_SYS,pending,pending,pending,pending,pending,pending,pending,pending,pending,3,18,preexisting,
MONREPI,infinity,Age (a^^ISO+),,demographic,unknown,pending,pending,pending,pending,pending,pending,pending,20,1,classified,domain=demographic; rule:\bage\b; needs signal mapping
MONREPI,infinity,Air cons (),,ventilator_setting_extra,unknown,pending,pending,pending,pending,pending,pending,pending,1,20,classified,domain=ventilator_setting_extra; rule:\bcons\b; needs signal mapping
MONREPI,infinity,Air cons (L^^ISO+),,ventilator_setting_extra,unknown,pending,pending,pending,pending,pending,pending,pending,20,1,classified,domain=ventilator_setting_extra; rule:\bcons\b; needs signal mapping
MONREPI,infinity,Anesthesia gas (^^ISO+),,anesthesia_setting,unknown,pending,pending,pending,pending,pending,pending,pending,20,1,classified,domain=anesthesia_setting; rule:\banesthes; needs signal mapping
MONREPI,infinity,Apn Dur (s^^ISO+),,alarm,unknown,pending,pending,pending,pending,pending,pending,pending,20,1,classified,domain=alarm; rule:\bapn; needs signal mapping
MONREPI,infinity,Audio pause (^^ISO+),,alarm,unknown,pending,pending,pending,pending,pending,pending,pending,7,14,classified,domain=alarm; rule:\baudio pause; needs signal mapping
MONREPI,infinity,CO2 unit (),,metadata,unknown,pending,pending,pending,pending,pending,pending,pending,1,20,classified,Infinity param: CO2 module identifier; needs signal mapping
MONREPI,infinity,CO2 unit (^^ISO+),,metadata,unknown,pending,pending,pending,pending,pending,pending,pending,20,1,classified,Infinity param: CO2 module identifier; needs signal mapping
MONREPI,infinity,Carrier gas (^^ISO+),,anesthesia_setting,unknown,pending,pending,pending,pending,pending,pending,pending,20,1,classified,domain=anesthesia_setting; rule:\bgas\b; needs signal mapping
MONREPI,infinity,Cbs+hose (mL/hpa^^ISO+),,ventilator_setting_extra,unknown,pending,pending,pending,pending,pending,pending,pending,20,1,classified,domain=ventilator_setting_extra; rule:\bhose\b; needs signal mapping
MONREPI,infinity,Cdyn (L/bar^^ISO+),,pending,unknown,pending,pending,pending,pending,pending,pending,pending,20,1,review,no dictionary alias; no-rule-matched
MONREPI,infinity,Chose (mL/hpa^^ISO+),,ventilator_setting,unknown,pending,pending,pending,pending,pending,pending,pending,20,1,classified,Infinity param: compliance hose? verify; needs signal mapping
MONREPI,infinity,DEVICENAME,,demographic,unknown,pending,pending,pending,pending,pending,pending,pending,21,0,classified,domain=demographic; rule:\bdevicename\b; needs signal mapping
MONREPI,infinity,DO2 (%),,physiological_signal,unknown,pending,pending,pending,pending,pending,pending,pending,1,20,classified,Infinity param: oxygen delivery? verify; needs signal mapping
MONREPI,infinity,DO2 (%^^ISO+),,physiological_signal,unknown,pending,pending,pending,pending,pending,pending,pending,20,1,classified,Infinity param: oxygen delivery? verify; needs signal mapping
MONREPI,infinity,DPsupp set (mbar^^ISO+),,ventilator_setting_extra,unknown,pending,pending,pending,pending,pending,pending,pending,7,14,classified,domain=ventilator_setting_extra; rule:\bdpsupp\b; needs signal mapping
MONREPI,infinity,Des cons (mL^^ISO+),,ventilator_setting_extra,unknown,pending,pending,pending,pending,pending,pending,pending,20,1,classified,domain=ventilator_setting_extra; rule:\bcons\b; needs signal mapping
MONREPI,infinity,Des tot (mL^^ISO+),,ventilator_setting_extra,unknown,pending,pending,pending,pending,pending,pending,pending,20,1,classified,domain=ventilator_setting_extra; rule:\btot\b; needs signal mapping
MONREPI,infinity,Device check (^^ISO+),,metadata,unknown,pending,pending,pending,pending,pending,pending,pending,20,1,classified,Infinity param: device self-check flag; needs signal mapping
MONREPI,infinity,E (mbar/L^^ISO+),,ventilator_setting,unknown,pending,pending,pending,pending,pending,pending,pending,20,1,classified,Infinity param: elastance; needs signal mapping
MONREPI,infinity,Enf cons (mL^^ISO+),,ventilator_setting_extra,unknown,pending,pending,pending,pending,pending,pending,pending,20,1,classified,domain=ventilator_setting_extra; rule:\bcons\b; needs signal mapping
MONREPI,infinity,Enf tot (mL^^ISO+),,ventilator_setting_extra,unknown,pending,pending,pending,pending,pending,pending,pending,20,1,classified,domain=ventilator_setting_extra; rule:\btot\b; needs signal mapping
MONREPI,infinity,FG Des (kpa^^ISO+),,ventilator_setting_extra,unknown,pending,pending,pending,pending,pending,pending,pending,20,1,classified,domain=ventilator_setting_extra; rule:\bfg \b; needs signal mapping
MONREPI,infinity,FG Iso (kpa^^ISO+),,ventilator_setting_extra,unknown,pending,pending,pending,pending,pending,pending,pending,20,1,classified,domain=ventilator_setting_extra; rule:\bfg \b; needs signal mapping
MONREPI,infinity,FG O2 (%^^ISO+),,ventilator_setting_extra,unknown,pending,pending,pending,pending,pending,pending,pending,20,1,classified,domain=ventilator_setting_extra; rule:\bfg \b; needs signal mapping
MONREPI,infinity,FG Sev (kpa^^ISO+),,ventilator_setting_extra,unknown,pending,pending,pending,pending,pending,pending,pending,20,1,classified,domain=ventilator_setting_extra; rule:\bfg \b; needs signal mapping
MONREPI,infinity,FG V'Air (mL/min^^ISO+),,ventilator_setting_extra,unknown,pending,pending,pending,pending,pending,pending,pending,20,1,classified,domain=ventilator_setting_extra; rule:\bfg \b; needs signal mapping
MONREPI,infinity,FG V'N2O (mL/min^^ISO+),,ventilator_setting_extra,unknown,pending,pending,pending,pending,pending,pending,pending,20,1,classified,domain=ventilator_setting_extra; rule:\bfg \b; needs signal mapping
MONREPI,infinity,FG V'O2 (mL/min^^ISO+),,ventilator_setting_extra,unknown,pending,pending,pending,pending,pending,pending,pending,20,1,classified,domain=ventilator_setting_extra; rule:\bfg \b; needs signal mapping
MONREPI,infinity,FG flow (mL/min^^ISO+),,ventilator_setting_extra,unknown,pending,pending,pending,pending,pending,pending,pending,20,1,classified,domain=ventilator_setting_extra; rule:\bfg \b; needs signal mapping
MONREPI,infinity,FiO2 (%^^ISO+),,ventilator_setting,unknown,pending,pending,pending,pending,pending,pending,pending,20,1,classified,Infinity param: fraction of inspired O2; needs signal mapping
MONREPI,infinity,Flow trigger set (L/min^^ISO+),,pending,unknown,pending,pending,pending,pending,pending,pending,pending,7,14,review,no dictionary alias; no-rule-matched
MONREPI,infinity,HR (/min^^ISO+),HR,pending,pending,pending,pending,pending,pending,pending,pending,pending,20,1,preexisting,
MONREPI,infinity,Hal cons (mL^^ISO+),,ventilator_setting_extra,unknown,pending,pending,pending,pending,pending,pending,pending,20,1,classified,domain=ventilator_setting_extra; rule:\bcons\b; needs signal mapping
MONREPI,infinity,Hal tot (mL^^ISO+),,ventilator_setting_extra,unknown,pending,pending,pending,pending,pending,pending,pending,20,1,classified,domain=ventilator_setting_extra; rule:\btot\b; needs signal mapping
MONREPI,infinity,Height (cm^^ISO+),,demographic,unknown,pending,pending,pending,pending,pending,pending,pending,20,1,classified,domain=demographic; rule:\bheight\b; needs signal mapping
MONREPI,infinity,Insp. term. set (%(PIF)^^ISO+),,ventilator_setting,unknown,pending,pending,pending,pending,pending,pending,pending,7,14,classified,Infinity param: inspiratory termination setting; needs signal mapping
MONREPI,infinity,Iso cons (mL^^ISO+),,ventilator_setting_extra,unknown,pending,pending,pending,pending,pending,pending,pending,20,1,classified,domain=ventilator_setting_extra; rule:\bcons\b; needs signal mapping
MONREPI,infinity,Iso tot (mL^^ISO+),,ventilator_setting_extra,unknown,pending,pending,pending,pending,pending,pending,pending,20,1,classified,domain=ventilator_setting_extra; rule:\btot\b; needs signal mapping
MONREPI,infinity,Leak BS (mL/min^^ISO+),,ventilator_setting,unknown,pending,pending,pending,pending,pending,pending,pending,20,1,classified,Infinity param: leak (body surface?) verify; needs signal mapping
MONREPI,infinity,MV (L/min^^ISO+),,ventilator_setting,unknown,pending,pending,pending,pending,pending,pending,pending,20,1,classified,Infinity param: minute volume; needs signal mapping
MONREPI,infinity,MVe (L/min^^ISO+),,ventilator_setting,unknown,pending,pending,pending,pending,pending,pending,pending,18,3,classified,Infinity param: expiratory minute volume; needs signal mapping
MONREPI,infinity,MVmand (L/min^^ISO+),,ventilator_setting,unknown,pending,pending,pending,pending,pending,pending,pending,20,1,classified,Infinity param: mandatory minute volume; needs signal mapping
MONREPI,infinity,MVspon (L/min^^ISO+),,ventilator_setting,unknown,pending,pending,pending,pending,pending,pending,pending,20,1,classified,Infinity param: spontaneous minute volume; needs signal mapping
MONREPI,infinity,N2O cons (L^^ISO+),,ventilator_setting_extra,unknown,pending,pending,pending,pending,pending,pending,pending,20,1,classified,domain=ventilator_setting_extra; rule:\bcons\b; needs signal mapping
MONREPI,infinity,NBP D (mm(hg)^^ISO+),NBP_DIA,pending,pending,pending,pending,pending,pending,pending,pending,pending,20,1,preexisting,
MONREPI,infinity,NBP M (mm(hg)^^ISO+),NBP_MEAN,pending,pending,pending,pending,pending,pending,pending,pending,pending,20,1,preexisting,
MONREPI,infinity,NBP S (mm(hg)^^ISO+),NBP_SYS,pending,pending,pending,pending,pending,pending,pending,pending,pending,20,1,preexisting,
MONREPI,infinity,NMT-Temp (cel^^ISO+),,pending,unknown,pending,pending,pending,pending,pending,pending,pending,2,19,review,no dictionary alias; no-rule-matched
MONREPI,infinity,O2 cons (L^^ISO+),,ventilator_setting_extra,unknown,pending,pending,pending,pending,pending,pending,pending,20,1,classified,domain=ventilator_setting_extra; rule:\bcons\b; needs signal mapping
MONREPI,infinity,OBSERVATION_DATETIME,,pending,unknown,pending,pending,pending,pending,pending,pending,pending,21,0,review,no dictionary alias; no-rule-matched
MONREPI,infinity,P1 D (mm(hg)^^ISO+),ART_DIA,pending,pending,pending,pending,pending,pending,pending,pending,pending,1,20,preexisting,
MONREPI,infinity,P1 M (mm(hg)^^ISO+),ART_MEAN,pending,pending,pending,pending,pending,pending,pending,pending,pending,1,20,preexisting,
MONREPI,infinity,P1 S (mm(hg)^^ISO+),ART_SYS,pending,pending,pending,pending,pending,pending,pending,pending,pending,1,20,preexisting,
MONREPI,infinity,P2 D (mm(hg)^^ISO+),,pending,unknown,pending,pending,pending,pending,pending,pending,pending,1,20,review,no dictionary alias; no-rule-matched
MONREPI,infinity,P2 M (mm(hg)^^ISO+),,pending,unknown,pending,pending,pending,pending,pending,pending,pending,1,20,review,no dictionary alias; no-rule-matched
MONREPI,infinity,P2 S (mm(hg)^^ISO+),,pending,unknown,pending,pending,pending,pending,pending,pending,pending,1,20,review,no dictionary alias; no-rule-matched
MONREPI,infinity,PEEP (mbar^^ISO+),PEEP,pending,pending,pending,pending,pending,pending,pending,pending,pending,20,1,preexisting,
MONREPI,infinity,PEEP set (),,ventilator_setting,unknown,pending,pending,pending,pending,pending,pending,pending,1,20,classified,domain=ventilator_setting; rule:\bpeep\b; needs signal mapping
MONREPI,infinity,PEEP set (mbar^^ISO+),,ventilator_setting,unknown,pending,pending,pending,pending,pending,pending,pending,20,1,classified,domain=ventilator_setting; rule:\bpeep\b; needs signal mapping
MONREPI,infinity,PIP (mbar^^ISO+),,ventilator_setting,unknown,pending,pending,pending,pending,pending,pending,pending,20,1,classified,Infinity param: peak inspiratory pressure; needs signal mapping
MONREPI,infinity,PLS (/min^^ISO+),HR,physiological_signal,unknown,bpm,pending,pending,pending,pending,pending,pending,20,1,alias_exact,
MONREPI,infinity,PVC/min (/min^^ISO+),,event,unknown,pending,pending,pending,pending,pending,pending,pending,20,1,classified,Infinity param: premature ventricular contractions per min; needs signal mapping
MONREPI,infinity,Pamb (mbar^^ISO+),,pending,unknown,pending,pending,pending,pending,pending,pending,pending,20,1,review,no dictionary alias; no-rule-matched
MONREPI,infinity,Patient Category (^^ISO+),,metadata,unknown,pending,pending,pending,pending,pending,pending,pending,20,1,classified,domain=metadata; rule:\bpatient categor; needs signal mapping
MONREPI,infinity,Pinsp (mbar^^ISO+),,pending,unknown,pending,pending,pending,pending,pending,pending,pending,2,19,review,no dictionary alias; no-rule-matched
MONREPI,infinity,Pmax set (mbar^^ISO+),,ventilator_setting,unknown,pending,pending,pending,pending,pending,pending,pending,20,1,classified,Infinity param: max pressure setting; needs signal mapping
MONREPI,infinity,Pmean (mbar^^ISO+),,ventilator_setting,unknown,pending,pending,pending,pending,pending,pending,pending,20,1,classified,Infinity param: mean airway pressure; needs signal mapping
MONREPI,infinity,Pplat (mbar^^ISO+),,ventilator_setting,unknown,pending,pending,pending,pending,pending,pending,pending,20,1,classified,Infinity param: plateau pressure; needs signal mapping
MONREPI,infinity,Pulse width (us^^ISO+),,pending,unknown,pending,pending,pending,pending,pending,pending,pending,2,19,review,no dictionary alias; no-rule-matched
MONREPI,infinity,R (mbar.s/L^^ISO+),,pending,unknown,pending,pending,pending,pending,pending,pending,pending,20,1,review,no dictionary alias; no-rule-matched
MONREPI,infinity,RR (/min^^ISO+),,pending,unknown,pending,pending,pending,pending,pending,pending,pending,20,1,review,candidate dictionary entry: respiratory rate
MONREPI,infinity,RR set (),,ventilator_setting,unknown,pending,pending,pending,pending,pending,pending,pending,1,20,classified,Infinity param: respiratory rate setting; needs signal mapping
MONREPI,infinity,RR set (/min^^ISO+),,ventilator_setting,unknown,pending,pending,pending,pending,pending,pending,pending,20,1,classified,Infinity param: respiratory rate setting; needs signal mapping
MONREPI,infinity,RRc (/min^^ISO+),,ventilator_setting,unknown,pending,pending,pending,pending,pending,pending,pending,20,1,classified,Infinity param: respiratory rate control? verify; needs signal mapping
MONREPI,infinity,RRf (/min^^ISO+),,pending,unknown,pending,pending,pending,pending,pending,pending,pending,20,1,review,no dictionary alias; no-rule-matched
MONREPI,infinity,RRmand (/min^^ISO+),,ventilator_setting,unknown,pending,pending,pending,pending,pending,pending,pending,20,1,classified,Infinity param: mandatory respiratory rate; needs signal mapping
MONREPI,infinity,RRp (/min^^ISO+),,ventilator_setting,unknown,pending,pending,pending,pending,pending,pending,pending,20,1,classified,Infinity param: respiratory rate parameter; needs signal mapping
MONREPI,infinity,RRspon (/min^^ISO+),,ventilator_setting,unknown,pending,pending,pending,pending,pending,pending,pending,20,1,classified,Infinity param: spontaneous respiratory rate; needs signal mapping
MONREPI,infinity,STANDBY (^^ISO+),,metadata,unknown,pending,pending,pending,pending,pending,pending,pending,17,4,classified,Infinity param: ventilator standby state; needs signal mapping
MONREPI,infinity,STI (mm^^ISO+),,physiological_signal,unknown,pending,pending,pending,pending,pending,pending,pending,20,1,classified,Infinity param: ST lead I; needs signal mapping
MONREPI,infinity,STII (mm^^ISO+),,physiological_signal,unknown,pending,pending,pending,pending,pending,pending,pending,20,1,classified,Infinity param: ST lead II; needs signal mapping
MONREPI,infinity,STIII (mm^^ISO+),,physiological_signal,unknown,pending,pending,pending,pending,pending,pending,pending,20,1,classified,Infinity param: ST lead III; needs signal mapping
MONREPI,infinity,STV (mm^^ISO+),,physiological_signal,unknown,pending,pending,pending,pending,pending,pending,pending,20,1,classified,Infinity param: ST segment value? verify lead; needs signal mapping
MONREPI,infinity,STV+ (),,physiological_signal,unknown,pending,pending,pending,pending,pending,pending,pending,1,20,classified,Infinity param: ST segment value? verify lead; needs signal mapping
MONREPI,infinity,STV+ (mm^^ISO+),,physiological_signal,unknown,pending,pending,pending,pending,pending,pending,pending,20,1,classified,Infinity param: ST segment value? verify lead; needs signal mapping
MONREPI,infinity,STaVF (mm^^ISO+),,physiological_signal,unknown,pending,pending,pending,pending,pending,pending,pending,20,1,classified,Infinity param: ST aVF; needs signal mapping
MONREPI,infinity,STaVL (mm^^ISO+),,physiological_signal,unknown,pending,pending,pending,pending,pending,pending,pending,20,1,classified,Infinity param: ST aVL; needs signal mapping
MONREPI,infinity,STaVR (mm^^ISO+),,physiological_signal,unknown,pending,pending,pending,pending,pending,pending,pending,20,1,classified,Infinity param: ST aVR; needs signal mapping
MONREPI,infinity,Selected agent unit (^^ISO+),,anesthesia_setting,unknown,pending,pending,pending,pending,pending,pending,pending,20,1,classified,domain=anesthesia_setting; rule:\bagent\b; needs signal mapping
MONREPI,infinity,Sev cons (mL^^ISO+),,ventilator_setting_extra,unknown,pending,pending,pending,pending,pending,pending,pending,20,1,classified,domain=ventilator_setting_extra; rule:\bcons\b; needs signal mapping
MONREPI,infinity,Sev tot (mL^^ISO+),,ventilator_setting_extra,unknown,pending,pending,pending,pending,pending,pending,pending,20,1,classified,domain=ventilator_setting_extra; rule:\btot\b; needs signal mapping
MONREPI,infinity,Slope set (s^^ISO+),,ventilator_setting,unknown,pending,pending,pending,pending,pending,pending,pending,20,1,classified,Infinity param: pressure slope setting; needs signal mapping
MONREPI,infinity,SpO2 (%^^ISO+),SPO2,pending,pending,pending,pending,pending,pending,pending,pending,pending,20,1,preexisting,
MONREPI,infinity,Stim current (ma^^ISO+),,pending,unknown,pending,pending,pending,pending,pending,pending,pending,2,19,review,no dictionary alias; no-rule-matched
MONREPI,infinity,TC (s^^ISO+),,pending,unknown,pending,pending,pending,pending,pending,pending,pending,20,1,review,no dictionary alias; no-rule-matched
MONREPI,infinity,TOF-Cnt (^^ISO+),,pending,unknown,pending,pending,pending,pending,pending,pending,pending,1,20,review,no dictionary alias; no-rule-matched
MONREPI,infinity,TOF-Ratio (%^^ISO+),,pending,unknown,pending,pending,pending,pending,pending,pending,pending,2,19,review,no dictionary alias; no-rule-matched
MONREPI,infinity,Ta (cel^^ISO+),TEMP,pending,pending,pending,pending,pending,pending,pending,pending,pending,16,5,preexisting,
MONREPI,infinity,Tb (cel^^ISO+),TEMP,physiological_signal,unknown,celsius,pending,pending,pending,pending,pending,pending,16,5,alias_exact,
MONREPI,infinity,Tcase (),,metadata,unknown,pending,pending,pending,pending,pending,pending,pending,1,20,classified,Infinity param: test/case marker? verify; needs signal mapping
MONREPI,infinity,Tcase (min^^ISO+),,metadata,unknown,pending,pending,pending,pending,pending,pending,pending,20,1,classified,Infinity param: test/case marker? verify; needs signal mapping
MONREPI,infinity,Ti set (s^^ISO+),,pending,unknown,pending,pending,pending,pending,pending,pending,pending,20,1,review,no dictionary alias; no-rule-matched
MONREPI,infinity,V'CO2 (mL/min^^ISO+),,pending,unknown,pending,pending,pending,pending,pending,pending,pending,20,1,review,no dictionary alias; no-rule-matched
MONREPI,infinity,V'O2 (0.01 L/min^^ISO+),,physiological_signal,unknown,pending,pending,pending,pending,pending,pending,pending,20,1,classified,Infinity param: O2 consumption? verify; needs signal mapping
MONREPI,infinity,VENT TYPE (),,pending,unknown,pending,pending,pending,pending,pending,pending,pending,20,1,review,no dictionary alias; no-rule-matched
MONREPI,infinity,VT (mL^^ISO+),TV,physiological_signal,unknown,mL,pending,pending,pending,pending,pending,pending,20,1,alias_base,
MONREPI,infinity,VTe (mL^^ISO+),TV,pending,pending,pending,pending,pending,pending,pending,pending,pending,18,3,preexisting,
MONREPI,infinity,VTemand (mL^^ISO+),,ventilator_setting,unknown,pending,pending,pending,pending,pending,pending,pending,20,1,classified,Infinity param: mandatory tidal volume; needs signal mapping
MONREPI,infinity,VTespon (mL^^ISO+),,ventilator_setting,unknown,pending,pending,pending,pending,pending,pending,pending,20,1,classified,Infinity param: spontaneous tidal volume; needs signal mapping
MONREPI,infinity,VTi (mL^^ISO+),,pending,unknown,pending,pending,pending,pending,pending,pending,pending,20,1,review,no dictionary alias; no-rule-matched
MONREPI,infinity,VTi set (mL^^ISO+),,pending,unknown,pending,pending,pending,pending,pending,pending,pending,20,1,review,no dictionary alias; no-rule-matched
MONREPI,infinity,VTimand (mL^^ISO+),,pending,unknown,pending,pending,pending,pending,pending,pending,pending,20,1,review,no dictionary alias; no-rule-matched
MONREPI,infinity,VTispon (mL^^ISO+),,pending,unknown,pending,pending,pending,pending,pending,pending,pending,20,1,review,no dictionary alias; no-rule-matched
MONREPI,infinity,Vent. mode (^^ISO+),,ventilator_setting,unknown,pending,pending,pending,pending,pending,pending,pending,20,1,classified,Infinity param: ventilation mode; needs signal mapping
MONREPI,infinity,Weight (),,demographic,unknown,pending,pending,pending,pending,pending,pending,pending,1,20,classified,domain=demographic; rule:\bweight\b; needs signal mapping
MONREPI,infinity,Weight (kg^^ISO+),,demographic,unknown,pending,pending,pending,pending,pending,pending,pending,20,1,classified,domain=demographic; rule:\bweight\b; needs signal mapping
MONREPI,infinity,dT (cel^^ISO+),,pending,unknown,pending,pending,pending,pending,pending,pending,pending,16,5,review,no dictionary alias; no-rule-matched
MONREPI,infinity,etCO2 (mm(hg)^^ISO+),ETCO2,pending,pending,pending,pending,pending,pending,pending,pending,pending,20,1,preexisting,
MONREPI,infinity,etDes (%^^ISO+),ET_DES,pending,pending,pending,pending,pending,pending,pending,pending,pending,20,1,preexisting,
MONREPI,infinity,etEnf (%^^ISO+),,pending,unknown,pending,pending,pending,pending,pending,pending,pending,20,1,review,no dictionary alias; no-rule-matched
MONREPI,infinity,etHal (%^^ISO+),,pending,unknown,pending,pending,pending,pending,pending,pending,pending,20,1,review,no dictionary alias; no-rule-matched
MONREPI,infinity,etIso (%^^ISO+),,pending,unknown,pending,pending,pending,pending,pending,pending,pending,20,1,review,no dictionary alias; no-rule-matched
MONREPI,infinity,etN2O (%^^ISO+),,physiological_signal,unknown,pending,pending,pending,pending,pending,pending,pending,20,1,classified,Infinity param: end-tidal N2O; needs signal mapping
MONREPI,infinity,etO2 (%^^ISO+),,physiological_signal,unknown,pending,pending,pending,pending,pending,pending,pending,20,1,classified,Infinity param: end-tidal O2; needs signal mapping
MONREPI,infinity,etPrimA (%^^ISO+),,anesthesia_setting,unknown,pending,pending,pending,pending,pending,pending,pending,20,1,classified,Infinity param: end-tidal primary agent? verify; needs signal mapping
MONREPI,infinity,etSecA (%^^ISO+),,anesthesia_setting,unknown,pending,pending,pending,pending,pending,pending,pending,20,1,classified,Infinity param: end-tidal secondary agent? verify; needs signal mapping
MONREPI,infinity,etSev (%^^ISO+),ET_SEVO,pending,pending,pending,pending,pending,pending,pending,pending,pending,20,1,preexisting,
MONREPI,infinity,inCO2 (mm(hg)^^ISO+),,pending,unknown,pending,pending,pending,pending,pending,pending,pending,20,1,review,no dictionary alias; no-rule-matched
MONREPI,infinity,inDes (%^^ISO+),,anesthesia_setting,unknown,pending,pending,pending,pending,pending,pending,pending,20,1,classified,Infinity param: inspired desflurane; needs signal mapping
MONREPI,infinity,inEnf (%^^ISO+),,pending,unknown,pending,pending,pending,pending,pending,pending,pending,20,1,review,no dictionary alias; no-rule-matched
MONREPI,infinity,inHal (%^^ISO+),,anesthesia_setting,unknown,pending,pending,pending,pending,pending,pending,pending,20,1,classified,Infinity param: inspired halothane; needs signal mapping
MONREPI,infinity,inIso (%^),,ventilator_setting,unknown,pending,pending,pending,pending,pending,pending,pending,1,20,classified,Infinity param: initial isoflurane? verify; needs signal mapping
MONREPI,infinity,inIso (%^^ISO+),,ventilator_setting,unknown,pending,pending,pending,pending,pending,pending,pending,20,1,classified,Infinity param: initial isoflurane? verify; needs signal mapping
MONREPI,infinity,inN2O (%^^ISO+),,pending,unknown,pending,pending,pending,pending,pending,pending,pending,20,1,review,no dictionary alias; no-rule-matched
MONREPI,infinity,inPrimA (%^^ISO+),,anesthesia_setting,unknown,pending,pending,pending,pending,pending,pending,pending,20,1,classified,Infinity param: inspired primary agent? verify; needs signal mapping
MONREPI,infinity,inSecA (%^^ISO+),,pending,unknown,pending,pending,pending,pending,pending,pending,pending,20,1,review,no dictionary alias; no-rule-matched
MONREPI,infinity,inSev (%^^ISO+),,anesthesia_setting,unknown,pending,pending,pending,pending,pending,pending,pending,20,1,classified,Infinity param: inspired sevoflurane; needs signal mapping
MONREPI,infinity,inxMAC (^^ISO+),,anesthesia_setting,unknown,pending,pending,pending,pending,pending,pending,pending,20,1,classified,Infinity param: inspired xMAC; needs signal mapping
MONREPI,infinity,leak BS M/S (mL/min^^ISO+),,ventilator_setting,unknown,pending,pending,pending,pending,pending,pending,pending,20,1,classified,Infinity param: leak; needs signal mapping
MONREPI,infinity,nr,,pending,unknown,pending,pending,pending,pending,pending,pending,pending,21,0,review,no dictionary alias; no-rule-matched
MONREPI,infinity,r2 (^^ISO+),,pending,unknown,pending,pending,pending,pending,pending,pending,pending,20,1,review,no dictionary alias; no-rule-matched
MONREPI,infinity,xMAC (^^ISO+),MAC,pending,pending,pending,pending,pending,pending,pending,pending,pending,20,1,preexisting,
MONREPI,nol,,,event_or_signal,unknown,pending,pending,pending,pending,pending,pending,pending,8,0,review,empty column name in source header; data quality
MONREPI,nol,N/A,,event_or_signal,unknown,pending,pending,pending,pending,pending,pending,pending,8,0,classified,domain=event_or_signal; rule:source=nol; needs signal mapping
MONREPI,other_csv,,,pending,unknown,pending,pending,pending,pending,pending,pending,pending,3,21,review,empty column name in source header; data quality
MONREPI,other_csv,Event,,event,unknown,pending,pending,pending,pending,pending,pending,pending,21,3,classified,domain=event; rule:\bevent\b; needs signal mapping
MONREPI,other_csv,Main,,pending,unknown,pending,pending,pending,pending,pending,pending,pending,3,21,review,no dictionary alias; no-rule-matched
MONREPI,other_csv,Pied,,pending,unknown,pending,pending,pending,pending,pending,pending,pending,3,21,review,no dictionary alias; no-rule-matched
MONREPI,other_csv,T1_RATIO,,pending,unknown,pending,pending,pending,pending,pending,pending,pending,21,3,review,no dictionary alias; no-rule-matched
MONREPI,other_csv,T2_RATIO,,pending,unknown,pending,pending,pending,pending,pending,pending,pending,21,3,review,no dictionary alias; no-rule-matched
MONREPI,other_csv,T3_RATIO,,pending,unknown,pending,pending,pending,pending,pending,pending,pending,21,3,review,no dictionary alias; no-rule-matched
MONREPI,other_csv,T4_RATIO,,pending,unknown,pending,pending,pending,pending,pending,pending,pending,21,3,review,no dictionary alias; no-rule-matched
MONREPI,other_csv,TOF_CNT,,pending,unknown,pending,pending,pending,pending,pending,pending,pending,21,3,review,no dictionary alias; no-rule-matched
MONREPI,other_csv,TOF_RATIO,,pending,unknown,pending,pending,pending,pending,pending,pending,pending,21,3,review,no dictionary alias; no-rule-matched
MONREPI,other_csv,Time,,metadata,unknown,pending,pending,pending,pending,pending,pending,pending,21,3,classified,domain=metadata; rule:\btime\b; needs signal mapping
POSBRAIN,bettercare,AIR FLOW,,pending,unknown,pending,pending,pending,pending,pending,pending,pending,13,0,review,no dictionary alias; no-rule-matched
POSBRAIN,bettercare,ART M,ART_MEAN,pending,pending,pending,pending,pending,pending,pending,pending,pending,13,0,preexisting,
POSBRAIN,bettercare,ART M Dias,ART_DIA,pending,pending,pending,pending,pending,pending,pending,pending,pending,13,0,preexisting,
POSBRAIN,bettercare,ART M Sys,ART_SYS,pending,pending,pending,pending,pending,pending,pending,pending,pending,13,0,preexisting,
POSBRAIN,bettercare,Annotations,,event,unknown,pending,pending,pending,pending,pending,pending,pending,13,0,classified,domain=event; rule:\bannotation; needs signal mapping
POSBRAIN,bettercare,CO2,,pending,unknown,pending,pending,pending,pending,pending,pending,pending,13,0,review,no dictionary alias; no-rule-matched
POSBRAIN,bettercare,CVP M,CVP,pending,pending,pending,pending,pending,pending,pending,pending,pending,13,0,preexisting,
POSBRAIN,bettercare,ECG I,,pending,unknown,pending,pending,pending,pending,pending,pending,pending,13,0,review,no dictionary alias; no-rule-matched
POSBRAIN,bettercare,ECG II,,pending,unknown,pending,pending,pending,pending,pending,pending,pending,13,0,review,no dictionary alias; no-rule-matched
POSBRAIN,bettercare,ECG III,,pending,unknown,pending,pending,pending,pending,pending,pending,pending,13,0,review,no dictionary alias; no-rule-matched
POSBRAIN,bettercare,ECG V1,,pending,unknown,pending,pending,pending,pending,pending,pending,pending,13,0,review,no dictionary alias; no-rule-matched
POSBRAIN,bettercare,ECG V2,,pending,unknown,pending,pending,pending,pending,pending,pending,pending,13,0,review,no dictionary alias; no-rule-matched
POSBRAIN,bettercare,ECG V3,,pending,unknown,pending,pending,pending,pending,pending,pending,pending,13,0,review,no dictionary alias; no-rule-matched
POSBRAIN,bettercare,ECG V4,,pending,unknown,pending,pending,pending,pending,pending,pending,pending,13,0,review,no dictionary alias; no-rule-matched
POSBRAIN,bettercare,ECG V5,,pending,unknown,pending,pending,pending,pending,pending,pending,pending,13,0,review,no dictionary alias; no-rule-matched
POSBRAIN,bettercare,ECG V6,,pending,unknown,pending,pending,pending,pending,pending,pending,pending,13,0,review,no dictionary alias; no-rule-matched
POSBRAIN,bettercare,ECG aVF,,pending,unknown,pending,pending,pending,pending,pending,pending,pending,13,0,review,no dictionary alias; no-rule-matched
POSBRAIN,bettercare,ECG aVL,,pending,unknown,pending,pending,pending,pending,pending,pending,pending,13,0,review,no dictionary alias; no-rule-matched
POSBRAIN,bettercare,ECG aVR,,pending,unknown,pending,pending,pending,pending,pending,pending,pending,13,0,review,no dictionary alias; no-rule-matched
POSBRAIN,bettercare,HR,HR,pending,pending,pending,pending,pending,pending,pending,pending,pending,13,0,preexisting,
POSBRAIN,bettercare,LA M,,pending,unknown,pending,pending,pending,pending,pending,pending,pending,13,0,review,no dictionary alias; no-rule-matched
POSBRAIN,bettercare,NIBP M,NBP_MEAN,pending,pending,pending,pending,pending,pending,pending,pending,pending,13,0,preexisting,
POSBRAIN,bettercare,PA M,PA_MEAN,pending,pending,pending,pending,pending,pending,pending,pending,pending,13,0,preexisting,
POSBRAIN,bettercare,PA M Dias,PA_DIA,pending,pending,pending,pending,pending,pending,pending,pending,pending,13,0,preexisting,
POSBRAIN,bettercare,PA M Sys,PA_SYS,pending,pending,pending,pending,pending,pending,pending,pending,pending,13,0,preexisting,
POSBRAIN,bettercare,PAD,,pending,unknown,pending,pending,pending,pending,pending,pending,pending,13,0,review,no dictionary alias; no-rule-matched
POSBRAIN,bettercare,PAI,,pending,unknown,pending,pending,pending,pending,pending,pending,pending,13,0,review,no dictionary alias; no-rule-matched
POSBRAIN,bettercare,PAP,,pending,unknown,pending,pending,pending,pending,pending,pending,pending,13,0,review,no dictionary alias; no-rule-matched
POSBRAIN,bettercare,PAW,,pending,unknown,pending,pending,pending,pending,pending,pending,pending,13,0,review,no dictionary alias; no-rule-matched
POSBRAIN,bettercare,PLETH,,pending,unknown,pending,pending,pending,pending,pending,pending,pending,13,0,review,no dictionary alias; no-rule-matched
POSBRAIN,bettercare,PNI,,pending,unknown,pending,pending,pending,pending,pending,pending,pending,13,0,review,no dictionary alias; no-rule-matched
POSBRAIN,bettercare,PRES ART,,pending,unknown,pending,pending,pending,pending,pending,pending,pending,13,0,review,no dictionary alias; no-rule-matched
POSBRAIN,bettercare,PVC,,pending,unknown,pending,pending,pending,pending,pending,pending,pending,13,0,review,no dictionary alias; no-rule-matched
POSBRAIN,bettercare,RA M,,pending,unknown,pending,pending,pending,pending,pending,pending,pending,13,0,review,no dictionary alias; no-rule-matched
POSBRAIN,bettercare,RESP,,pending,unknown,pending,pending,pending,pending,pending,pending,pending,13,0,review,candidate dictionary entry: respiratory (rate or waveform? ambiguous)
POSBRAIN,bettercare,RRc,,ventilator_setting,unknown,pending,pending,pending,pending,pending,pending,pending,13,0,classified,Infinity param: respiratory rate control? verify; needs signal mapping
POSBRAIN,bettercare,SpO2,SPO2,pending,pending,pending,pending,pending,pending,pending,pending,pending,13,0,preexisting,
POSBRAIN,bettercare,Time (msecs),,metadata,unknown,pending,pending,pending,pending,pending,pending,pending,13,0,classified,domain=metadata; rule:\btime\b; needs signal mapping
POSBRAIN,bettercare,VT,TV,pending,pending,pending,pending,pending,pending,pending,pending,pending,13,0,preexisting,
POSBRAIN,bettercare,etCO2,ETCO2,pending,pending,pending,pending,pending,pending,pending,pending,pending,13,0,preexisting,
POSBRAIN,bettercare,peak paw,,pending,unknown,pending,pending,pending,pending,pending,pending,pending,13,0,review,no dictionary alias; no-rule-matched
POSBRAIN,bettercare,vt insp,,pending,unknown,pending,pending,pending,pending,pending,pending,pending,13,0,review,no dictionary alias; no-rule-matched
POSBRAIN,infinity,%PACED (%^^ISO+),,event,unknown,pending,pending,pending,pending,pending,pending,pending,14,3,classified,Infinity param: percent paced beats; needs signal mapping
POSBRAIN,infinity,%Tplat (%^^ISO+),,ventilator_setting,unknown,pending,pending,pending,pending,pending,pending,pending,1,16,classified,domain=ventilator_setting; rule:\btplat\b; needs signal mapping
POSBRAIN,infinity,(),,pending,unknown,pending,pending,pending,pending,pending,pending,pending,1,16,review,no dictionary alias; no-rule-matched
POSBRAIN,infinity,2nd Anesthesia gas (^^ISO+),,anesthesia_setting,unknown,pending,pending,pending,pending,pending,pending,pending,14,3,classified,domain=anesthesia_setting; rule:\banesthes; needs signal mapping
POSBRAIN,infinity,ARR (^^ISO+),,pending,unknown,pending,pending,pending,pending,pending,pending,pending,14,3,review,no dictionary alias; no-rule-matched
POSBRAIN,infinity,ART D (mm(hg)^^ISO+),ART_DIA,pending,pending,pending,pending,pending,pending,pending,pending,pending,6,11,preexisting,
POSBRAIN,infinity,ART M (),ART_MEAN,physiological_signal,parameter,mmHg,pending,pending,pending,pending,pending,pending,1,16,alias_base,
POSBRAIN,infinity,ART M (mm(hg)^^ISO+),ART_MEAN,pending,pending,pending,pending,pending,pending,pending,pending,pending,6,11,preexisting,
POSBRAIN,infinity,ART S (mm(hg)^^ISO+),ART_SYS,pending,pending,pending,pending,pending,pending,pending,pending,pending,6,11,preexisting,
POSBRAIN,infinity,Age (a^^ISO+),,demographic,unknown,pending,pending,pending,pending,pending,pending,pending,14,3,classified,domain=demographic; rule:\bage\b; needs signal mapping
POSBRAIN,infinity,Air cons (L^^ISO+),,ventilator_setting_extra,unknown,pending,pending,pending,pending,pending,pending,pending,14,3,classified,domain=ventilator_setting_extra; rule:\bcons\b; needs signal mapping
POSBRAIN,infinity,Anesthesia gas (^^ISO+),,anesthesia_setting,unknown,pending,pending,pending,pending,pending,pending,pending,14,3,classified,domain=anesthesia_setting; rule:\banesthes; needs signal mapping
POSBRAIN,infinity,Apn Dur (s^^ISO+),,alarm,unknown,pending,pending,pending,pending,pending,pending,pending,14,3,classified,domain=alarm; rule:\bapn; needs signal mapping
POSBRAIN,infinity,Audio pause (^^ISO+),,alarm,unknown,pending,pending,pending,pending,pending,pending,pending,12,5,classified,domain=alarm; rule:\baudio pause; needs signal mapping
POSBRAIN,infinity,CO2 unit (^^ISO+),,metadata,unknown,pending,pending,pending,pending,pending,pending,pending,14,3,classified,Infinity param: CO2 module identifier; needs signal mapping
POSBRAIN,infinity,CVP (mm(hg)^^ISO+),CVP,pending,pending,pending,pending,pending,pending,pending,pending,pending,2,15,preexisting,
POSBRAIN,infinity,Carrier gas (^^ISO+),,anesthesia_setting,unknown,pending,pending,pending,pending,pending,pending,pending,14,3,classified,domain=anesthesia_setting; rule:\bgas\b; needs signal mapping
POSBRAIN,infinity,Cbs+hose (mL/hpa^^ISO+),,ventilator_setting_extra,unknown,pending,pending,pending,pending,pending,pending,pending,14,3,classified,domain=ventilator_setting_extra; rule:\bhose\b; needs signal mapping
POSBRAIN,infinity,Cdyn (L/bar^^ISO+),,pending,unknown,pending,pending,pending,pending,pending,pending,pending,14,3,review,no dictionary alias; no-rule-matched
POSBRAIN,infinity,Chose (mL/hpa^^ISO+),,ventilator_setting,unknown,pending,pending,pending,pending,pending,pending,pending,14,3,classified,Infinity param: compliance hose? verify; needs signal mapping
POSBRAIN,infinity,DEVICENAME,,demographic,unknown,pending,pending,pending,pending,pending,pending,pending,17,0,classified,domain=demographic; rule:\bdevicename\b; needs signal mapping
POSBRAIN,infinity,DO2 (%^^ISO+),,physiological_signal,unknown,pending,pending,pending,pending,pending,pending,pending,14,3,classified,Infinity param: oxygen delivery? verify; needs signal mapping
POSBRAIN,infinity,DPsupp set (mbar^^ISO+),,ventilator_setting_extra,unknown,pending,pending,pending,pending,pending,pending,pending,14,3,classified,domain=ventilator_setting_extra; rule:\bdpsupp\b; needs signal mapping
POSBRAIN,infinity,Des cons (mL^^ISO+),,ventilator_setting_extra,unknown,pending,pending,pending,pending,pending,pending,pending,14,3,classified,domain=ventilator_setting_extra; rule:\bcons\b; needs signal mapping
POSBRAIN,infinity,Des tot (mL^^ISO+),,ventilator_setting_extra,unknown,pending,pending,pending,pending,pending,pending,pending,14,3,classified,domain=ventilator_setting_extra; rule:\btot\b; needs signal mapping
POSBRAIN,infinity,Device check (^^ISO+),,metadata,unknown,pending,pending,pending,pending,pending,pending,pending,14,3,classified,Infinity param: device self-check flag; needs signal mapping
POSBRAIN,infinity,E (mbar/L^^ISO+),,ventilator_setting,unknown,pending,pending,pending,pending,pending,pending,pending,14,3,classified,Infinity param: elastance; needs signal mapping
POSBRAIN,infinity,Enf cons (mL^^ISO+),,ventilator_setting_extra,unknown,pending,pending,pending,pending,pending,pending,pending,14,3,classified,domain=ventilator_setting_extra; rule:\bcons\b; needs signal mapping
POSBRAIN,infinity,Enf tot (mL^^ISO+),,ventilator_setting_extra,unknown,pending,pending,pending,pending,pending,pending,pending,14,3,classified,domain=ventilator_setting_extra; rule:\btot\b; needs signal mapping
POSBRAIN,infinity,FG Des (kpa^^ISO+),,ventilator_setting_extra,unknown,pending,pending,pending,pending,pending,pending,pending,14,3,classified,domain=ventilator_setting_extra; rule:\bfg \b; needs signal mapping
POSBRAIN,infinity,FG Iso (kpa^^ISO+),,ventilator_setting_extra,unknown,pending,pending,pending,pending,pending,pending,pending,14,3,classified,domain=ventilator_setting_extra; rule:\bfg \b; needs signal mapping
POSBRAIN,infinity,FG O2 (%^^ISO+),,ventilator_setting_extra,unknown,pending,pending,pending,pending,pending,pending,pending,14,3,classified,domain=ventilator_setting_extra; rule:\bfg \b; needs signal mapping
POSBRAIN,infinity,FG Sev (),,ventilator_setting_extra,unknown,pending,pending,pending,pending,pending,pending,pending,1,16,classified,domain=ventilator_setting_extra; rule:\bfg \b; needs signal mapping
POSBRAIN,infinity,FG Sev (kpa^^ISO+),,ventilator_setting_extra,unknown,pending,pending,pending,pending,pending,pending,pending,14,3,classified,domain=ventilator_setting_extra; rule:\bfg \b; needs signal mapping
POSBRAIN,infinity,FG V'Air (mL/min^^ISO+),,ventilator_setting_extra,unknown,pending,pending,pending,pending,pending,pending,pending,14,3,classified,domain=ventilator_setting_extra; rule:\bfg \b; needs signal mapping
POSBRAIN,infinity,FG V'N2O (mL/min^^ISO+),,ventilator_setting_extra,unknown,pending,pending,pending,pending,pending,pending,pending,14,3,classified,domain=ventilator_setting_extra; rule:\bfg \b; needs signal mapping
POSBRAIN,infinity,FG V'O2 (mL/min^^ISO+),,ventilator_setting_extra,unknown,pending,pending,pending,pending,pending,pending,pending,14,3,classified,domain=ventilator_setting_extra; rule:\bfg \b; needs signal mapping
POSBRAIN,infinity,FG flow (mL/min^^ISO+),,ventilator_setting_extra,unknown,pending,pending,pending,pending,pending,pending,pending,14,3,classified,domain=ventilator_setting_extra; rule:\bfg \b; needs signal mapping
POSBRAIN,infinity,FiO2 (%^^ISO+),,ventilator_setting,unknown,pending,pending,pending,pending,pending,pending,pending,14,3,classified,Infinity param: fraction of inspired O2; needs signal mapping
POSBRAIN,infinity,Flow trigger set (L/min^^ISO+),,pending,unknown,pending,pending,pending,pending,pending,pending,pending,14,3,review,no dictionary alias; no-rule-matched
POSBRAIN,infinity,HR (/min^^ISO+),HR,pending,pending,pending,pending,pending,pending,pending,pending,pending,14,3,preexisting,
POSBRAIN,infinity,Hal cons (mL^^ISO+),,ventilator_setting_extra,unknown,pending,pending,pending,pending,pending,pending,pending,14,3,classified,domain=ventilator_setting_extra; rule:\bcons\b; needs signal mapping
POSBRAIN,infinity,Hal tot (mL^^ISO+),,ventilator_setting_extra,unknown,pending,pending,pending,pending,pending,pending,pending,14,3,classified,domain=ventilator_setting_extra; rule:\btot\b; needs signal mapping
POSBRAIN,infinity,Height (cm^^ISO+),,demographic,unknown,pending,pending,pending,pending,pending,pending,pending,14,3,classified,domain=demographic; rule:\bheight\b; needs signal mapping
POSBRAIN,infinity,Insp. term. set (%(PIF)^^ISO+),,ventilator_setting,unknown,pending,pending,pending,pending,pending,pending,pending,14,3,classified,Infinity param: inspiratory termination setting; needs signal mapping
POSBRAIN,infinity,Iso cons (mL^^ISO+),,ventilator_setting_extra,unknown,pending,pending,pending,pending,pending,pending,pending,14,3,classified,domain=ventilator_setting_extra; rule:\bcons\b; needs signal mapping
POSBRAIN,infinity,Iso tot (mL^^ISO+),,ventilator_setting_extra,unknown,pending,pending,pending,pending,pending,pending,pending,14,3,classified,domain=ventilator_setting_extra; rule:\btot\b; needs signal mapping
POSBRAIN,infinity,Leak BS (mL/min^^ISO+),,ventilator_setting,unknown,pending,pending,pending,pending,pending,pending,pending,14,3,classified,Infinity param: leak (body surface?) verify; needs signal mapping
POSBRAIN,infinity,MV (),,ventilator_setting,unknown,pending,pending,pending,pending,pending,pending,pending,1,16,classified,Infinity param: minute volume; needs signal mapping
POSBRAIN,infinity,MV (L/min^^ISO+),,ventilator_setting,unknown,pending,pending,pending,pending,pending,pending,pending,14,3,classified,Infinity param: minute volume; needs signal mapping
POSBRAIN,infinity,MVe (L/min^^ISO+),,ventilator_setting,unknown,pending,pending,pending,pending,pending,pending,pending,14,3,classified,Infinity param: expiratory minute volume; needs signal mapping
POSBRAIN,infinity,MVmand (L/min^^ISO+),,ventilator_setting,unknown,pending,pending,pending,pending,pending,pending,pending,14,3,classified,Infinity param: mandatory minute volume; needs signal mapping
POSBRAIN,infinity,MVspon (L/min^^ISO+),,ventilator_setting,unknown,pending,pending,pending,pending,pending,pending,pending,14,3,classified,Infinity param: spontaneous minute volume; needs signal mapping
POSBRAIN,infinity,N2O cons (L^^ISO+),,ventilator_setting_extra,unknown,pending,pending,pending,pending,pending,pending,pending,14,3,classified,domain=ventilator_setting_extra; rule:\bcons\b; needs signal mapping
POSBRAIN,infinity,NBP D (mm(hg)^^ISO+),NBP_DIA,pending,pending,pending,pending,pending,pending,pending,pending,pending,14,3,preexisting,
POSBRAIN,infinity,NBP M (mm(hg)^^ISO+),NBP_MEAN,pending,pending,pending,pending,pending,pending,pending,pending,pending,14,3,preexisting,
POSBRAIN,infinity,NBP S (mm(hg)^^ISO+),NBP_SYS,pending,pending,pending,pending,pending,pending,pending,pending,pending,14,3,preexisting,
POSBRAIN,infinity,O2 cons (L^^ISO+),,ventilator_setting_extra,unknown,pending,pending,pending,pending,pending,pending,pending,14,3,classified,domain=ventilator_setting_extra; rule:\bcons\b; needs signal mapping
POSBRAIN,infinity,OBSERVATION_DATETIME,,pending,unknown,pending,pending,pending,pending,pending,pending,pending,17,0,review,no dictionary alias; no-rule-matched
POSBRAIN,infinity,PEEP (mbar^^ISO+),PEEP,pending,pending,pending,pending,pending,pending,pending,pending,pending,14,3,preexisting,
POSBRAIN,infinity,PEEP set (mbar^^ISO+),,ventilator_setting,unknown,pending,pending,pending,pending,pending,pending,pending,14,3,classified,domain=ventilator_setting; rule:\bpeep\b; needs signal mapping
POSBRAIN,infinity,PIP (mbar^^ISO+),,ventilator_setting,unknown,pending,pending,pending,pending,pending,pending,pending,14,3,classified,Infinity param: peak inspiratory pressure; needs signal mapping
POSBRAIN,infinity,PLS (/min^^ISO+),HR,physiological_signal,unknown,bpm,pending,pending,pending,pending,pending,pending,14,3,alias_exact,
POSBRAIN,infinity,PPV (%^^ISO+),,pending,unknown,pending,pending,pending,pending,pending,pending,pending,1,16,review,no dictionary alias; no-rule-matched
POSBRAIN,infinity,PVC/min (/min^^ISO+),,event,unknown,pending,pending,pending,pending,pending,pending,pending,14,3,classified,Infinity param: premature ventricular contractions per min; needs signal mapping
POSBRAIN,infinity,Pamb (mbar^^ISO+),,pending,unknown,pending,pending,pending,pending,pending,pending,pending,14,3,review,no dictionary alias; no-rule-matched
POSBRAIN,infinity,Patient Category (^^ISO+),,metadata,unknown,pending,pending,pending,pending,pending,pending,pending,14,3,classified,domain=metadata; rule:\bpatient categor; needs signal mapping
POSBRAIN,infinity,Pinsp (mbar^^ISO+),,pending,unknown,pending,pending,pending,pending,pending,pending,pending,1,16,review,no dictionary alias; no-rule-matched
POSBRAIN,infinity,Pmax set (mbar^^ISO+),,ventilator_setting,unknown,pending,pending,pending,pending,pending,pending,pending,14,3,classified,Infinity param: max pressure setting; needs signal mapping
POSBRAIN,infinity,Pmean (mbar^^ISO+),,ventilator_setting,unknown,pending,pending,pending,pending,pending,pending,pending,14,3,classified,Infinity param: mean airway pressure; needs signal mapping
POSBRAIN,infinity,Pplat (mbar^^ISO+),,ventilator_setting,unknown,pending,pending,pending,pending,pending,pending,pending,14,3,classified,Infinity param: plateau pressure; needs signal mapping
POSBRAIN,infinity,R (mbar.s/L^^ISO+),,pending,unknown,pending,pending,pending,pending,pending,pending,pending,14,3,review,no dictionary alias; no-rule-matched
POSBRAIN,infinity,RR (/min^^ISO+),,pending,unknown,pending,pending,pending,pending,pending,pending,pending,14,3,review,candidate dictionary entry: respiratory rate
POSBRAIN,infinity,RR set (/min^^ISO+),,ventilator_setting,unknown,pending,pending,pending,pending,pending,pending,pending,14,3,classified,Infinity param: respiratory rate setting; needs signal mapping
POSBRAIN,infinity,RRc (/min^^ISO+),,ventilator_setting,unknown,pending,pending,pending,pending,pending,pending,pending,14,3,classified,Infinity param: respiratory rate control? verify; needs signal mapping
POSBRAIN,infinity,RRf (/min^^ISO+),,pending,unknown,pending,pending,pending,pending,pending,pending,pending,14,3,review,no dictionary alias; no-rule-matched
POSBRAIN,infinity,RRmand (/min^^ISO+),,ventilator_setting,unknown,pending,pending,pending,pending,pending,pending,pending,14,3,classified,Infinity param: mandatory respiratory rate; needs signal mapping
POSBRAIN,infinity,RRp (/min^^ISO+),,ventilator_setting,unknown,pending,pending,pending,pending,pending,pending,pending,14,3,classified,Infinity param: respiratory rate parameter; needs signal mapping
POSBRAIN,infinity,RRspon (/min^^ISO+),,ventilator_setting,unknown,pending,pending,pending,pending,pending,pending,pending,14,3,classified,Infinity param: spontaneous respiratory rate; needs signal mapping
POSBRAIN,infinity,STANDBY (^^ISO+),,metadata,unknown,pending,pending,pending,pending,pending,pending,pending,13,4,classified,Infinity param: ventilator standby state; needs signal mapping
POSBRAIN,infinity,STI (mm^^ISO+),,physiological_signal,unknown,pending,pending,pending,pending,pending,pending,pending,14,3,classified,Infinity param: ST lead I; needs signal mapping
POSBRAIN,infinity,STII (mm^^ISO+),,physiological_signal,unknown,pending,pending,pending,pending,pending,pending,pending,14,3,classified,Infinity param: ST lead II; needs signal mapping
POSBRAIN,infinity,STIII (mm^^ISO+),,physiological_signal,unknown,pending,pending,pending,pending,pending,pending,pending,14,3,classified,Infinity param: ST lead III; needs signal mapping
POSBRAIN,infinity,STV (mm^^ISO+),,physiological_signal,unknown,pending,pending,pending,pending,pending,pending,pending,14,3,classified,Infinity param: ST segment value? verify lead; needs signal mapping
POSBRAIN,infinity,STV+ (mm^^ISO+),,physiological_signal,unknown,pending,pending,pending,pending,pending,pending,pending,14,3,classified,Infinity param: ST segment value? verify lead; needs signal mapping
POSBRAIN,infinity,STaVF (mm^^ISO+),,physiological_signal,unknown,pending,pending,pending,pending,pending,pending,pending,14,3,classified,Infinity param: ST aVF; needs signal mapping
POSBRAIN,infinity,STaVL (mm^^ISO+),,physiological_signal,unknown,pending,pending,pending,pending,pending,pending,pending,14,3,classified,Infinity param: ST aVL; needs signal mapping
POSBRAIN,infinity,STaVR (),,physiological_signal,unknown,pending,pending,pending,pending,pending,pending,pending,1,16,classified,Infinity param: ST aVR; needs signal mapping
POSBRAIN,infinity,STaVR (mm^^ISO+),,physiological_signal,unknown,pending,pending,pending,pending,pending,pending,pending,14,3,classified,Infinity param: ST aVR; needs signal mapping
POSBRAIN,infinity,Selected agent unit (),,anesthesia_setting,unknown,pending,pending,pending,pending,pending,pending,pending,1,16,classified,domain=anesthesia_setting; rule:\bagent\b; needs signal mapping
POSBRAIN,infinity,Selected agent unit (^^ISO+),,anesthesia_setting,unknown,pending,pending,pending,pending,pending,pending,pending,14,3,classified,domain=anesthesia_setting; rule:\bagent\b; needs signal mapping
POSBRAIN,infinity,Sev cons (mL^^ISO+),,ventilator_setting_extra,unknown,pending,pending,pending,pending,pending,pending,pending,14,3,classified,domain=ventilator_setting_extra; rule:\bcons\b; needs signal mapping
POSBRAIN,infinity,Sev tot (mL^^ISO+),,ventilator_setting_extra,unknown,pending,pending,pending,pending,pending,pending,pending,14,3,classified,domain=ventilator_setting_extra; rule:\btot\b; needs signal mapping
POSBRAIN,infinity,Slope set (s^^ISO+),,ventilator_setting,unknown,pending,pending,pending,pending,pending,pending,pending,14,3,classified,Infinity param: pressure slope setting; needs signal mapping
POSBRAIN,infinity,SpO2 (%^^ISO+),SPO2,pending,pending,pending,pending,pending,pending,pending,pending,pending,14,3,preexisting,
POSBRAIN,infinity,TC (s^^ISO+),,pending,unknown,pending,pending,pending,pending,pending,pending,pending,14,3,review,no dictionary alias; no-rule-matched
POSBRAIN,infinity,Ta (cel^^ISO+),TEMP,pending,pending,pending,pending,pending,pending,pending,pending,pending,13,4,preexisting,
POSBRAIN,infinity,Tb (cel^^ISO+),TEMP,physiological_signal,unknown,celsius,pending,pending,pending,pending,pending,pending,13,4,alias_exact,
POSBRAIN,infinity,Tcase (min^^ISO+),,metadata,unknown,pending,pending,pending,pending,pending,pending,pending,14,3,classified,Infinity param: test/case marker? verify; needs signal mapping
POSBRAIN,infinity,Ti set (s^^ISO+),,pending,unknown,pending,pending,pending,pending,pending,pending,pending,14,3,review,no dictionary alias; no-rule-matched
POSBRAIN,infinity,V'CO2 (mL/min^^ISO+),,pending,unknown,pending,pending,pending,pending,pending,pending,pending,14,3,review,no dictionary alias; no-rule-matched
POSBRAIN,infinity,V'O2 (),,physiological_signal,unknown,pending,pending,pending,pending,pending,pending,pending,1,16,classified,Infinity param: O2 consumption? verify; needs signal mapping
POSBRAIN,infinity,V'O2 (0.01 L/min^^ISO+),,physiological_signal,unknown,pending,pending,pending,pending,pending,pending,pending,14,3,classified,Infinity param: O2 consumption? verify; needs signal mapping
POSBRAIN,infinity,VENT T (),,pending,unknown,pending,pending,pending,pending,pending,pending,pending,1,16,review,no dictionary alias; no-rule-matched
POSBRAIN,infinity,VENT TYPE (),,pending,unknown,pending,pending,pending,pending,pending,pending,pending,16,1,review,no dictionary alias; no-rule-matched
POSBRAIN,infinity,VT (mL^^ISO+),TV,physiological_signal,unknown,mL,pending,pending,pending,pending,pending,pending,14,3,alias_base,
POSBRAIN,infinity,VTe (mL^^ISO+),TV,pending,pending,pending,pending,pending,pending,pending,pending,pending,14,3,preexisting,
POSBRAIN,infinity,VTemand (mL^^ISO+),,ventilator_setting,unknown,pending,pending,pending,pending,pending,pending,pending,14,3,classified,Infinity param: mandatory tidal volume; needs signal mapping
POSBRAIN,infinity,VTespon (mL^^ISO+),,ventilator_setting,unknown,pending,pending,pending,pending,pending,pending,pending,14,3,classified,Infinity param: spontaneous tidal volume; needs signal mapping
POSBRAIN,infinity,VTi (mL^^ISO+),,pending,unknown,pending,pending,pending,pending,pending,pending,pending,14,3,review,no dictionary alias; no-rule-matched
POSBRAIN,infinity,VTi set (mL^^ISO+),,pending,unknown,pending,pending,pending,pending,pending,pending,pending,14,3,review,no dictionary alias; no-rule-matched
POSBRAIN,infinity,VTimand (mL^^ISO+),,pending,unknown,pending,pending,pending,pending,pending,pending,pending,14,3,review,no dictionary alias; no-rule-matched
POSBRAIN,infinity,VTispon (mL^^ISO+),,pending,unknown,pending,pending,pending,pending,pending,pending,pending,14,3,review,no dictionary alias; no-rule-matched
POSBRAIN,infinity,Vent. mode (^^ISO+),,ventilator_setting,unknown,pending,pending,pending,pending,pending,pending,pending,14,3,classified,Infinity param: ventilation mode; needs signal mapping
POSBRAIN,infinity,Weight (kg^^ISO+),,demographic,unknown,pending,pending,pending,pending,pending,pending,pending,14,3,classified,domain=demographic; rule:\bweight\b; needs signal mapping
POSBRAIN,infinity,dT (cel^^ISO+),,pending,unknown,pending,pending,pending,pending,pending,pending,pending,13,4,review,no dictionary alias; no-rule-matched
POSBRAIN,infinity,etCO2 (mm(hg)^^ISO+),ETCO2,pending,pending,pending,pending,pending,pending,pending,pending,pending,14,3,preexisting,
POSBRAIN,infinity,etDes (%^^ISO+),ET_DES,pending,pending,pending,pending,pending,pending,pending,pending,pending,14,3,preexisting,
POSBRAIN,infinity,etEnf (%^^ISO+),,pending,unknown,pending,pending,pending,pending,pending,pending,pending,14,3,review,no dictionary alias; no-rule-matched
POSBRAIN,infinity,etHal (%^^ISO+),,pending,unknown,pending,pending,pending,pending,pending,pending,pending,14,3,review,no dictionary alias; no-rule-matched
POSBRAIN,infinity,etIso (%^^ISO+),,pending,unknown,pending,pending,pending,pending,pending,pending,pending,14,3,review,no dictionary alias; no-rule-matched
POSBRAIN,infinity,etN2O (%^^ISO+),,physiological_signal,unknown,pending,pending,pending,pending,pending,pending,pending,14,3,classified,Infinity param: end-tidal N2O; needs signal mapping
POSBRAIN,infinity,etO2 (%^^ISO+),,physiological_signal,unknown,pending,pending,pending,pending,pending,pending,pending,14,3,classified,Infinity param: end-tidal O2; needs signal mapping
POSBRAIN,infinity,etPrimA (%^^ISO+),,anesthesia_setting,unknown,pending,pending,pending,pending,pending,pending,pending,14,3,classified,Infinity param: end-tidal primary agent? verify; needs signal mapping
POSBRAIN,infinity,etSecA (%^^ISO+),,anesthesia_setting,unknown,pending,pending,pending,pending,pending,pending,pending,14,3,classified,Infinity param: end-tidal secondary agent? verify; needs signal mapping
POSBRAIN,infinity,etSev (%^^ISO+),ET_SEVO,pending,pending,pending,pending,pending,pending,pending,pending,pending,14,3,preexisting,
POSBRAIN,infinity,inCO2 (mm(hg)^^ISO+),,pending,unknown,pending,pending,pending,pending,pending,pending,pending,14,3,review,no dictionary alias; no-rule-matched
POSBRAIN,infinity,inDes (%^^ISO+),,anesthesia_setting,unknown,pending,pending,pending,pending,pending,pending,pending,14,3,classified,Infinity param: inspired desflurane; needs signal mapping
POSBRAIN,infinity,inEnf (%^^ISO+),,pending,unknown,pending,pending,pending,pending,pending,pending,pending,14,3,review,no dictionary alias; no-rule-matched
POSBRAIN,infinity,inHal (%^^ISO+),,anesthesia_setting,unknown,pending,pending,pending,pending,pending,pending,pending,14,3,classified,Infinity param: inspired halothane; needs signal mapping
POSBRAIN,infinity,inIso (%^^ISO+),,ventilator_setting,unknown,pending,pending,pending,pending,pending,pending,pending,14,3,classified,Infinity param: initial isoflurane? verify; needs signal mapping
POSBRAIN,infinity,inN2O (%^^ISO+),,pending,unknown,pending,pending,pending,pending,pending,pending,pending,14,3,review,no dictionary alias; no-rule-matched
POSBRAIN,infinity,inPrimA (%^^ISO+),,anesthesia_setting,unknown,pending,pending,pending,pending,pending,pending,pending,14,3,classified,Infinity param: inspired primary agent? verify; needs signal mapping
POSBRAIN,infinity,inSecA (%^^ISO+),,pending,unknown,pending,pending,pending,pending,pending,pending,pending,14,3,review,no dictionary alias; no-rule-matched
POSBRAIN,infinity,inSev (%^^ISO+),,anesthesia_setting,unknown,pending,pending,pending,pending,pending,pending,pending,14,3,classified,Infinity param: inspired sevoflurane; needs signal mapping
POSBRAIN,infinity,inxMAC (^^ISO+),,anesthesia_setting,unknown,pending,pending,pending,pending,pending,pending,pending,14,3,classified,Infinity param: inspired xMAC; needs signal mapping
POSBRAIN,infinity,leak BS M/S (mL/min^^ISO+),,ventilator_setting,unknown,pending,pending,pending,pending,pending,pending,pending,14,3,classified,Infinity param: leak; needs signal mapping
POSBRAIN,infinity,nr,,pending,unknown,pending,pending,pending,pending,pending,pending,pending,17,0,review,no dictionary alias; no-rule-matched
POSBRAIN,infinity,r2 (^^ISO+),,pending,unknown,pending,pending,pending,pending,pending,pending,pending,14,3,review,no dictionary alias; no-rule-matched
POSBRAIN,infinity,xMAC (^^ISO+),MAC,pending,pending,pending,pending,pending,pending,pending,pending,pending,14,3,preexisting,
POSBRAIN,nol,,,event_or_signal,unknown,pending,pending,pending,pending,pending,pending,pending,17,0,review,empty column name in source header; data quality
POSBRAIN,nol,-36,,event_or_signal,unknown,pending,pending,pending,pending,pending,pending,pending,1,16,classified,domain=event_or_signal; rule:source=nol; needs signal mapping
POSBRAIN,nol,-5,,event_or_signal,unknown,pending,pending,pending,pending,pending,pending,pending,1,16,classified,domain=event_or_signal; rule:source=nol; needs signal mapping
POSBRAIN,nol,-5.8,,event_or_signal,unknown,pending,pending,pending,pending,pending,pending,pending,1,16,classified,domain=event_or_signal; rule:source=nol; needs signal mapping
POSBRAIN,nol,-5000,,event_or_signal,unknown,pending,pending,pending,pending,pending,pending,pending,1,16,classified,domain=event_or_signal; rule:source=nol; needs signal mapping
POSBRAIN,nol,-51,,event_or_signal,unknown,pending,pending,pending,pending,pending,pending,pending,1,16,classified,domain=event_or_signal; rule:source=nol; needs signal mapping
POSBRAIN,nol,-71,,event_or_signal,unknown,pending,pending,pending,pending,pending,pending,pending,1,16,classified,domain=event_or_signal; rule:source=nol; needs signal mapping
POSBRAIN,nol,0,,event_or_signal,unknown,pending,pending,pending,pending,pending,pending,pending,1,16,classified,domain=event_or_signal; rule:source=nol; needs signal mapping
POSBRAIN,nol,0.8,,event_or_signal,unknown,pending,pending,pending,pending,pending,pending,pending,1,16,classified,domain=event_or_signal; rule:source=nol; needs signal mapping
POSBRAIN,nol,19.1,,event_or_signal,unknown,pending,pending,pending,pending,pending,pending,pending,1,16,classified,domain=event_or_signal; rule:source=nol; needs signal mapping
POSBRAIN,nol,30,,event_or_signal,unknown,pending,pending,pending,pending,pending,pending,pending,1,16,classified,domain=event_or_signal; rule:source=nol; needs signal mapping
POSBRAIN,nol,3611995,,event_or_signal,unknown,pending,pending,pending,pending,pending,pending,pending,1,16,classified,domain=event_or_signal; rule:source=nol; needs signal mapping
POSBRAIN,nol,46.61,,event_or_signal,unknown,pending,pending,pending,pending,pending,pending,pending,1,16,classified,domain=event_or_signal; rule:source=nol; needs signal mapping
POSBRAIN,nol,5.6,,event_or_signal,unknown,pending,pending,pending,pending,pending,pending,pending,1,16,classified,domain=event_or_signal; rule:source=nol; needs signal mapping
POSBRAIN,nol,50,,event_or_signal,unknown,pending,pending,pending,pending,pending,pending,pending,1,16,classified,domain=event_or_signal; rule:source=nol; needs signal mapping
POSBRAIN,nol,96.99,,event_or_signal,unknown,pending,pending,pending,pending,pending,pending,pending,1,16,classified,domain=event_or_signal; rule:source=nol; needs signal mapping
POSBRAIN,nol,N/A,,event_or_signal,unknown,pending,pending,pending,pending,pending,pending,pending,17,0,classified,domain=event_or_signal; rule:source=nol; needs signal mapping
POSBRAIN,other_csv,ARTF % (Sedline) Value,,pending,unknown,pending,pending,pending,pending,pending,pending,pending,1,12,review,no dictionary alias; no-rule-matched
POSBRAIN,other_csv,Date,,metadata,unknown,pending,pending,pending,pending,pending,pending,pending,13,0,classified,domain=metadata; rule:\bdate\b; needs signal mapping
POSBRAIN,other_csv,EMG % (Sedline) Value,,pending,unknown,pending,pending,pending,pending,pending,pending,pending,1,12,review,candidate dictionary entry: electromyography (BIS family)
POSBRAIN,other_csv,Epoch Time,,metadata,unknown,pending,pending,pending,pending,pending,pending,pending,13,0,classified,domain=metadata; rule:\btime\b; needs signal mapping
POSBRAIN,other_csv,Manual Events,,pending,unknown,pending,pending,pending,pending,pending,pending,pending,13,0,review,no dictionary alias; no-rule-matched
POSBRAIN,other_csv,O3 Events,,pending,unknown,pending,pending,pending,pending,pending,pending,pending,13,0,review,no dictionary alias; no-rule-matched
POSBRAIN,other_csv,PSi (Sedline) Value,,pending,unknown,pending,pending,pending,pending,pending,pending,pending,1,12,review,no dictionary alias; no-rule-matched
POSBRAIN,other_csv,Rainbow Events,,pending,unknown,pending,pending,pending,pending,pending,pending,pending,3,10,review,no dictionary alias; no-rule-matched
POSBRAIN,other_csv,SEFL Hz (Sedline) Value,,pending,unknown,pending,pending,pending,pending,pending,pending,pending,1,12,review,no dictionary alias; no-rule-matched
POSBRAIN,other_csv,SEFR Hz (Sedline) Value,,pending,unknown,pending,pending,pending,pending,pending,pending,pending,1,12,review,no dictionary alias; no-rule-matched
POSBRAIN,other_csv,SR % (Sedline) Value,,pending,unknown,pending,pending,pending,pending,pending,pending,pending,1,12,review,no dictionary alias; no-rule-matched
POSBRAIN,other_csv,Sedline Events,,pending,unknown,pending,pending,pending,pending,pending,pending,pending,7,6,review,no dictionary alias; no-rule-matched
POSBRAIN,other_csv,System Events,,pending,unknown,pending,pending,pending,pending,pending,pending,pending,13,0,review,no dictionary alias; no-rule-matched
POSBRAIN,other_csv,System Mode,,pending,unknown,pending,pending,pending,pending,pending,pending,pending,13,0,review,no dictionary alias; no-rule-matched
POSBRAIN,other_csv,Time,,metadata,unknown,pending,pending,pending,pending,pending,pending,pending,13,0,classified,domain=metadata; rule:\btime\b; needs signal mapping
POSBRAIN,other_csv,delta HHbi (sensor 2) (O3) Value,,pending,unknown,pending,pending,pending,pending,pending,pending,pending,1,12,review,no dictionary alias; no-rule-matched
POSBRAIN,other_csv,delta O2Hbi (sensor 2) (O3) Value,,pending,unknown,pending,pending,pending,pending,pending,pending,pending,1,12,review,no dictionary alias; no-rule-matched
POSBRAIN,other_csv,delta base % (sensor 1) (O3) Value,,pending,unknown,pending,pending,pending,pending,pending,pending,pending,5,8,review,no dictionary alias; no-rule-matched
POSBRAIN,other_csv,delta base % (sensor 2) (O3) Value,,pending,unknown,pending,pending,pending,pending,pending,pending,pending,5,8,review,no dictionary alias; no-rule-matched
POSBRAIN,other_csv,delta cHbi (sensor 2) (O3) Value,,pending,unknown,pending,pending,pending,pending,pending,pending,pending,1,12,review,no dictionary alias; no-rule-matched
POSBRAIN,other_csv,rSO2 % (sensor 1) (O3) Value,,pending,unknown,pending,pending,pending,pending,pending,pending,pending,13,0,review,no dictionary alias; no-rule-matched
POSBRAIN,other_csv,rSO2 % (sensor 2) (O3) Value,,pending,unknown,pending,pending,pending,pending,pending,pending,pending,13,0,review,no dictionary alias; no-rule-matched
PROMISES,bettercare,AIR FLOW,,pending,unknown,pending,pending,pending,pending,pending,pending,pending,15,0,review,no dictionary alias; no-rule-matched
PROMISES,bettercare,ART M,ART_MEAN,pending,pending,pending,pending,pending,pending,pending,pending,pending,1,14,preexisting,
PROMISES,bettercare,ART M Dias,ART_DIA,pending,pending,pending,pending,pending,pending,pending,pending,pending,1,14,preexisting,
PROMISES,bettercare,ART M Sys,ART_SYS,pending,pending,pending,pending,pending,pending,pending,pending,pending,1,14,preexisting,
PROMISES,bettercare,Annotations,,event,unknown,pending,pending,pending,pending,pending,pending,pending,15,0,classified,domain=event; rule:\bannotation; needs signal mapping
PROMISES,bettercare,CO2,,pending,unknown,pending,pending,pending,pending,pending,pending,pending,15,0,review,no dictionary alias; no-rule-matched
PROMISES,bettercare,CVP M,CVP,pending,pending,pending,pending,pending,pending,pending,pending,pending,1,14,preexisting,
PROMISES,bettercare,ECG I,,pending,unknown,pending,pending,pending,pending,pending,pending,pending,15,0,review,no dictionary alias; no-rule-matched
PROMISES,bettercare,ECG II,,pending,unknown,pending,pending,pending,pending,pending,pending,pending,15,0,review,no dictionary alias; no-rule-matched
PROMISES,bettercare,ECG III,,pending,unknown,pending,pending,pending,pending,pending,pending,pending,15,0,review,no dictionary alias; no-rule-matched
PROMISES,bettercare,ECG V1,,pending,unknown,pending,pending,pending,pending,pending,pending,pending,15,0,review,no dictionary alias; no-rule-matched
PROMISES,bettercare,ECG V2,,pending,unknown,pending,pending,pending,pending,pending,pending,pending,15,0,review,no dictionary alias; no-rule-matched
PROMISES,bettercare,ECG V3,,pending,unknown,pending,pending,pending,pending,pending,pending,pending,15,0,review,no dictionary alias; no-rule-matched
PROMISES,bettercare,ECG V4,,pending,unknown,pending,pending,pending,pending,pending,pending,pending,15,0,review,no dictionary alias; no-rule-matched
PROMISES,bettercare,ECG V5,,pending,unknown,pending,pending,pending,pending,pending,pending,pending,15,0,review,no dictionary alias; no-rule-matched
PROMISES,bettercare,ECG V6,,pending,unknown,pending,pending,pending,pending,pending,pending,pending,15,0,review,no dictionary alias; no-rule-matched
PROMISES,bettercare,ECG aVF,,pending,unknown,pending,pending,pending,pending,pending,pending,pending,15,0,review,no dictionary alias; no-rule-matched
PROMISES,bettercare,ECG aVL,,pending,unknown,pending,pending,pending,pending,pending,pending,pending,15,0,review,no dictionary alias; no-rule-matched
PROMISES,bettercare,ECG aVR,,pending,unknown,pending,pending,pending,pending,pending,pending,pending,15,0,review,no dictionary alias; no-rule-matched
PROMISES,bettercare,HR,HR,pending,pending,pending,pending,pending,pending,pending,pending,pending,1,14,preexisting,
PROMISES,bettercare,LA M,,pending,unknown,pending,pending,pending,pending,pending,pending,pending,1,14,review,no dictionary alias; no-rule-matched
PROMISES,bettercare,NIBP M,NBP_MEAN,pending,pending,pending,pending,pending,pending,pending,pending,pending,1,14,preexisting,
PROMISES,bettercare,PA M,PA_MEAN,pending,pending,pending,pending,pending,pending,pending,pending,pending,1,14,preexisting,
PROMISES,bettercare,PA M Dias,PA_DIA,pending,pending,pending,pending,pending,pending,pending,pending,pending,1,14,preexisting,
PROMISES,bettercare,PA M Sys,PA_SYS,pending,pending,pending,pending,pending,pending,pending,pending,pending,1,14,preexisting,
PROMISES,bettercare,PAD,,pending,unknown,pending,pending,pending,pending,pending,pending,pending,15,0,review,no dictionary alias; no-rule-matched
PROMISES,bettercare,PAI,,pending,unknown,pending,pending,pending,pending,pending,pending,pending,15,0,review,no dictionary alias; no-rule-matched
PROMISES,bettercare,PAP,,pending,unknown,pending,pending,pending,pending,pending,pending,pending,15,0,review,no dictionary alias; no-rule-matched
PROMISES,bettercare,PAW,,pending,unknown,pending,pending,pending,pending,pending,pending,pending,15,0,review,no dictionary alias; no-rule-matched
PROMISES,bettercare,PLETH,,pending,unknown,pending,pending,pending,pending,pending,pending,pending,15,0,review,no dictionary alias; no-rule-matched
PROMISES,bettercare,PNI,,pending,unknown,pending,pending,pending,pending,pending,pending,pending,15,0,review,no dictionary alias; no-rule-matched
PROMISES,bettercare,PRES ART,,pending,unknown,pending,pending,pending,pending,pending,pending,pending,15,0,review,no dictionary alias; no-rule-matched
PROMISES,bettercare,PVC,,pending,unknown,pending,pending,pending,pending,pending,pending,pending,15,0,review,no dictionary alias; no-rule-matched
PROMISES,bettercare,RA M,,pending,unknown,pending,pending,pending,pending,pending,pending,pending,1,14,review,no dictionary alias; no-rule-matched
PROMISES,bettercare,RESP,,pending,unknown,pending,pending,pending,pending,pending,pending,pending,15,0,review,candidate dictionary entry: respiratory (rate or waveform? ambiguous)
PROMISES,bettercare,RRc,,ventilator_setting,unknown,pending,pending,pending,pending,pending,pending,pending,1,14,classified,Infinity param: respiratory rate control? verify; needs signal mapping
PROMISES,bettercare,SpO2,SPO2,pending,pending,pending,pending,pending,pending,pending,pending,pending,1,14,preexisting,
PROMISES,bettercare,Time (msecs),,metadata,unknown,pending,pending,pending,pending,pending,pending,pending,15,0,classified,domain=metadata; rule:\btime\b; needs signal mapping
PROMISES,bettercare,VT,TV,pending,pending,pending,pending,pending,pending,pending,pending,pending,15,0,preexisting,
PROMISES,bettercare,etCO2,ETCO2,pending,pending,pending,pending,pending,pending,pending,pending,pending,1,14,preexisting,
PROMISES,bettercare,peak paw,,pending,unknown,pending,pending,pending,pending,pending,pending,pending,1,14,review,no dictionary alias; no-rule-matched
PROMISES,bettercare,vt insp,,pending,unknown,pending,pending,pending,pending,pending,pending,pending,1,14,review,no dictionary alias; no-rule-matched
PROMISES,infinity,%PACED (%^^ISO+),,event,unknown,pending,pending,pending,pending,pending,pending,pending,54,5,classified,Infinity param: percent paced beats; needs signal mapping
PROMISES,infinity,%Tplat (%^^ISO+),,ventilator_setting,unknown,pending,pending,pending,pending,pending,pending,pending,1,58,classified,domain=ventilator_setting; rule:\btplat\b; needs signal mapping
PROMISES,infinity,(),,pending,unknown,pending,pending,pending,pending,pending,pending,pending,1,58,review,no dictionary alias; no-rule-matched
PROMISES,infinity,2nd Anesthesia gas (^^ISO+),,anesthesia_setting,unknown,pending,pending,pending,pending,pending,pending,pending,54,5,classified,domain=anesthesia_setting; rule:\banesthes; needs signal mapping
PROMISES,infinity,AOR D (mm(hg)^^ISO+),,pending,unknown,pending,pending,pending,pending,pending,pending,pending,1,58,review,no dictionary alias; no-rule-matched
PROMISES,infinity,AOR M (mm(hg)^^ISO+),,pending,unknown,pending,pending,pending,pending,pending,pending,pending,1,58,review,no dictionary alias; no-rule-matched
PROMISES,infinity,AOR S (mm(hg)^^ISO+),,pending,unknown,pending,pending,pending,pending,pending,pending,pending,1,58,review,no dictionary alias; no-rule-matched
PROMISES,infinity,ARR (^^ISO+),,pending,unknown,pending,pending,pending,pending,pending,pending,pending,54,5,review,no dictionary alias; no-rule-matched
PROMISES,infinity,ART D (),ART_DIA,physiological_signal,parameter,mmHg,pending,pending,pending,pending,pending,pending,1,58,alias_base,
PROMISES,infinity,ART D (mm(hg)^^ISO+),ART_DIA,physiological_signal,parameter,mmHg,pending,pending,pending,pending,pending,pending,53,6,alias_exact,
PROMISES,infinity,ART M (),ART_MEAN,physiological_signal,parameter,mmHg,pending,pending,pending,pending,pending,pending,1,58,alias_base,
PROMISES,infinity,ART M (mm(hg)^^ISO+),ART_MEAN,physiological_signal,parameter,mmHg,pending,pending,pending,pending,pending,pending,53,6,alias_exact,
PROMISES,infinity,ART S (mm(hg)^^ISO+),ART_SYS,physiological_signal,parameter,mmHg,pending,pending,pending,pending,pending,pending,53,6,alias_exact,
PROMISES,infinity,Age (a^^ISO+),,demographic,unknown,pending,pending,pending,pending,pending,pending,pending,54,5,classified,domain=demographic; rule:\bage\b; needs signal mapping
PROMISES,infinity,Air cons (L^^ISO+),,ventilator_setting_extra,unknown,pending,pending,pending,pending,pending,pending,pending,54,5,classified,domain=ventilator_setting_extra; rule:\bcons\b; needs signal mapping
PROMISES,infinity,Anesthesia gas (^^ISO+),,anesthesia_setting,unknown,pending,pending,pending,pending,pending,pending,pending,54,5,classified,domain=anesthesia_setting; rule:\banesthes; needs signal mapping
PROMISES,infinity,Apn Dur (s^^ISO+),,alarm,unknown,pending,pending,pending,pending,pending,pending,pending,54,5,classified,domain=alarm; rule:\bapn; needs signal mapping
PROMISES,infinity,Audio pause (^^ISO+),,alarm,unknown,pending,pending,pending,pending,pending,pending,pending,34,25,classified,domain=alarm; rule:\baudio pause; needs signal mapping
PROMISES,infinity,BCT (),,pending,unknown,pending,pending,pending,pending,pending,pending,pending,1,58,review,no dictionary alias; no-rule-matched
PROMISES,infinity,BCT (/min^^ISO+),,pending,unknown,pending,pending,pending,pending,pending,pending,pending,5,54,review,no dictionary alias; no-rule-matched
PROMISES,infinity,BIS (^^ISO+),BIS,physiological_signal,parameter,index,pending,pending,pending,pending,pending,pending,5,54,alias_base,
PROMISES,infinity,BIS smoothing rate (s^^ISO+),,pending,unknown,pending,pending,pending,pending,pending,pending,pending,5,54,review,no dictionary alias; no-rule-matched
PROMISES,infinity,BSR (%^^ISO+),,pending,unknown,pending,pending,pending,pending,pending,pending,pending,5,54,review,candidate dictionary entry: burst suppression ratio (BIS family)
PROMISES,infinity,CO2 unit (),,metadata,unknown,pending,pending,pending,pending,pending,pending,pending,1,58,classified,Infinity param: CO2 module identifier; needs signal mapping
PROMISES,infinity,CO2 unit (^^ISO+),,metadata,unknown,pending,pending,pending,pending,pending,pending,pending,54,5,classified,Infinity param: CO2 module identifier; needs signal mapping
PROMISES,infinity,CVP (mm(hg)^^ISO+),CVP,pending,pending,pending,pending,pending,pending,pending,pending,pending,11,48,preexisting,
PROMISES,infinity,Carrier gas (^^ISO+),,anesthesia_setting,unknown,pending,pending,pending,pending,pending,pending,pending,54,5,classified,domain=anesthesia_setting; rule:\bgas\b; needs signal mapping
PROMISES,infinity,Cbs+hose (mL/hpa^^ISO+),,ventilator_setting_extra,unknown,pending,pending,pending,pending,pending,pending,pending,54,5,classified,domain=ventilator_setting_extra; rule:\bhose\b; needs signal mapping
PROMISES,infinity,Cdyn (L/bar^^ISO+),,pending,unknown,pending,pending,pending,pending,pending,pending,pending,53,6,review,no dictionary alias; no-rule-matched
PROMISES,infinity,Chose (mL/hpa^^ISO+),,ventilator_setting,unknown,pending,pending,pending,pending,pending,pending,pending,54,5,classified,Infinity param: compliance hose? verify; needs signal mapping
PROMISES,infinity,DEVICENAME,,demographic,unknown,pending,pending,pending,pending,pending,pending,pending,59,0,classified,domain=demographic; rule:\bdevicename\b; needs signal mapping
PROMISES,infinity,DO2 (%^^ISO+),,physiological_signal,unknown,pending,pending,pending,pending,pending,pending,pending,54,5,classified,Infinity param: oxygen delivery? verify; needs signal mapping
PROMISES,infinity,DPsupp set (mbar^^ISO+),,ventilator_setting_extra,unknown,pending,pending,pending,pending,pending,pending,pending,35,24,classified,domain=ventilator_setting_extra; rule:\bdpsupp\b; needs signal mapping
PROMISES,infinity,Des cons (mL^^ISO+),,ventilator_setting_extra,unknown,pending,pending,pending,pending,pending,pending,pending,54,5,classified,domain=ventilator_setting_extra; rule:\bcons\b; needs signal mapping
PROMISES,infinity,Des tot (),,ventilator_setting_extra,unknown,pending,pending,pending,pending,pending,pending,pending,1,58,classified,domain=ventilator_setting_extra; rule:\btot\b; needs signal mapping
PROMISES,infinity,Des tot (mL^^ISO+),,ventilator_setting_extra,unknown,pending,pending,pending,pending,pending,pending,pending,54,5,classified,domain=ventilator_setting_extra; rule:\btot\b; needs signal mapping
PROMISES,infinity,Device check (^^ISO+),,metadata,unknown,pending,pending,pending,pending,pending,pending,pending,54,5,classified,Infinity param: device self-check flag; needs signal mapping
PROMISES,infinity,E (mbar/L^^ISO+),,ventilator_setting,unknown,pending,pending,pending,pending,pending,pending,pending,53,6,classified,Infinity param: elastance; needs signal mapping
PROMISES,infinity,EMG (db^^ISO+),,pending,unknown,pending,pending,pending,pending,pending,pending,pending,5,54,review,candidate dictionary entry: electromyography (BIS family)
PROMISES,infinity,Enf cons (mL^^ISO+),,ventilator_setting_extra,unknown,pending,pending,pending,pending,pending,pending,pending,54,5,classified,domain=ventilator_setting_extra; rule:\bcons\b; needs signal mapping
PROMISES,infinity,Enf tot (mL^^ISO+),,ventilator_setting_extra,unknown,pending,pending,pending,pending,pending,pending,pending,54,5,classified,domain=ventilator_setting_extra; rule:\btot\b; needs signal mapping
PROMISES,infinity,FG (),,pending,unknown,pending,pending,pending,pending,pending,pending,pending,1,58,review,no dictionary alias; no-rule-matched
PROMISES,infinity,FG Des (kpa^^ISO+),,ventilator_setting_extra,unknown,pending,pending,pending,pending,pending,pending,pending,54,5,classified,domain=ventilator_setting_extra; rule:\bfg \b; needs signal mapping
PROMISES,infinity,FG Iso (kpa^^ISO+),,ventilator_setting_extra,unknown,pending,pending,pending,pending,pending,pending,pending,54,5,classified,domain=ventilator_setting_extra; rule:\bfg \b; needs signal mapping
PROMISES,infinity,FG O2 (%^^ISO+),,ventilator_setting_extra,unknown,pending,pending,pending,pending,pending,pending,pending,54,5,classified,domain=ventilator_setting_extra; rule:\bfg \b; needs signal mapping
PROMISES,infinity,FG Sev (kpa^^ISO+),,ventilator_setting_extra,unknown,pending,pending,pending,pending,pending,pending,pending,54,5,classified,domain=ventilator_setting_extra; rule:\bfg \b; needs signal mapping
PROMISES,infinity,FG V'Air (mL/min^^IS),,ventilator_setting_extra,unknown,pending,pending,pending,pending,pending,pending,pending,1,58,classified,domain=ventilator_setting_extra; rule:\bfg \b; needs signal mapping
PROMISES,infinity,FG V'Air (mL/min^^ISO+),,ventilator_setting_extra,unknown,pending,pending,pending,pending,pending,pending,pending,54,5,classified,domain=ventilator_setting_extra; rule:\bfg \b; needs signal mapping
PROMISES,infinity,FG V'N2O (mL/min^^ISO+),,ventilator_setting_extra,unknown,pending,pending,pending,pending,pending,pending,pending,54,5,classified,domain=ventilator_setting_extra; rule:\bfg \b; needs signal mapping
PROMISES,infinity,FG V'O2 (mL/min^^ISO+),,ventilator_setting_extra,unknown,pending,pending,pending,pending,pending,pending,pending,54,5,classified,domain=ventilator_setting_extra; rule:\bfg \b; needs signal mapping
PROMISES,infinity,FG flow (),,ventilator_setting_extra,unknown,pending,pending,pending,pending,pending,pending,pending,1,58,classified,domain=ventilator_setting_extra; rule:\bfg \b; needs signal mapping
PROMISES,infinity,FG flow (mL/min^^ISO+),,ventilator_setting_extra,unknown,pending,pending,pending,pending,pending,pending,pending,54,5,classified,domain=ventilator_setting_extra; rule:\bfg \b; needs signal mapping
PROMISES,infinity,FiO2 (%^^ISO+),,ventilator_setting,unknown,pending,pending,pending,pending,pending,pending,pending,54,5,classified,Infinity param: fraction of inspired O2; needs signal mapping
PROMISES,infinity,Flow trigger set (L/min^^ISO+),,pending,unknown,pending,pending,pending,pending,pending,pending,pending,35,24,review,no dictionary alias; no-rule-matched
PROMISES,infinity,HR (/min^^ISO+),HR,pending,pending,pending,pending,pending,pending,pending,pending,pending,54,5,preexisting,
PROMISES,infinity,Hal cons (),,ventilator_setting_extra,unknown,pending,pending,pending,pending,pending,pending,pending,1,58,classified,domain=ventilator_setting_extra; rule:\bcons\b; needs signal mapping
PROMISES,infinity,Hal cons (mL^^ISO+),,ventilator_setting_extra,unknown,pending,pending,pending,pending,pending,pending,pending,54,5,classified,domain=ventilator_setting_extra; rule:\bcons\b; needs signal mapping
PROMISES,infinity,Hal tot (),,ventilator_setting_extra,unknown,pending,pending,pending,pending,pending,pending,pending,1,58,classified,domain=ventilator_setting_extra; rule:\btot\b; needs signal mapping
PROMISES,infinity,Hal tot (mL^^ISO+),,ventilator_setting_extra,unknown,pending,pending,pending,pending,pending,pending,pending,54,5,classified,domain=ventilator_setting_extra; rule:\btot\b; needs signal mapping
PROMISES,infinity,Height (cm^^ISO+),,demographic,unknown,pending,pending,pending,pending,pending,pending,pending,54,5,classified,domain=demographic; rule:\bheight\b; needs signal mapping
PROMISES,infinity,Insp. term. set (%(PIF)^^ISO+),,ventilator_setting,unknown,pending,pending,pending,pending,pending,pending,pending,35,24,classified,Infinity param: inspiratory termination setting; needs signal mapping
PROMISES,infinity,Insp. term. set (),,ventilator_setting,unknown,pending,pending,pending,pending,pending,pending,pending,1,58,classified,Infinity param: inspiratory termination setting; needs signal mapping
PROMISES,infinity,Iso cons (mL^^ISO+),,ventilator_setting_extra,unknown,pending,pending,pending,pending,pending,pending,pending,54,5,classified,domain=ventilator_setting_extra; rule:\bcons\b; needs signal mapping
PROMISES,infinity,Iso tot (mL^^ISO+),,ventilator_setting_extra,unknown,pending,pending,pending,pending,pending,pending,pending,54,5,classified,domain=ventilator_setting_extra; rule:\btot\b; needs signal mapping
PROMISES,infinity,Leak BS (mL/min^^ISO+),,ventilator_setting,unknown,pending,pending,pending,pending,pending,pending,pending,54,5,classified,Infinity param: leak (body surface?) verify; needs signal mapping
PROMISES,infinity,MV (L/min^),,ventilator_setting,unknown,pending,pending,pending,pending,pending,pending,pending,1,58,classified,Infinity param: minute volume; needs signal mapping
PROMISES,infinity,MV (L/min^^ISO+),,ventilator_setting,unknown,pending,pending,pending,pending,pending,pending,pending,54,5,classified,Infinity param: minute volume; needs signal mapping
PROMISES,infinity,MVe (L/min^^ISO+),,ventilator_setting,unknown,pending,pending,pending,pending,pending,pending,pending,54,5,classified,Infinity param: expiratory minute volume; needs signal mapping
PROMISES,infinity,MVmand (L/min^^ISO+),,ventilator_setting,unknown,pending,pending,pending,pending,pending,pending,pending,54,5,classified,Infinity param: mandatory minute volume; needs signal mapping
PROMISES,infinity,MVspon (L/min^^ISO+),,ventilator_setting,unknown,pending,pending,pending,pending,pending,pending,pending,54,5,classified,Infinity param: spontaneous minute volume; needs signal mapping
PROMISES,infinity,N2O cons (L^^ISO+),,ventilator_setting_extra,unknown,pending,pending,pending,pending,pending,pending,pending,54,5,classified,domain=ventilator_setting_extra; rule:\bcons\b; needs signal mapping
PROMISES,infinity,NBP D (mm(hg)^^ISO+),NBP_DIA,pending,pending,pending,pending,pending,pending,pending,pending,pending,54,5,preexisting,
PROMISES,infinity,NBP M (mm(hg)^^ISO+),NBP_MEAN,pending,pending,pending,pending,pending,pending,pending,pending,pending,54,5,preexisting,
PROMISES,infinity,NBP S (mm(hg),NBP_SYS,physiological_signal,unknown,mmHg,pending,pending,pending,pending,pending,pending,1,58,alias_base,
PROMISES,infinity,NBP S (mm(hg)^^ISO+),NBP_SYS,pending,pending,pending,pending,pending,pending,pending,pending,pending,54,5,preexisting,
PROMISES,infinity,NMT-Temp (cel^^ISO+),,pending,unknown,pending,pending,pending,pending,pending,pending,pending,12,47,review,no dictionary alias; no-rule-matched
PROMISES,infinity,O2 cons (L^^),,ventilator_setting_extra,unknown,pending,pending,pending,pending,pending,pending,pending,1,58,classified,domain=ventilator_setting_extra; rule:\bcons\b; needs signal mapping
PROMISES,infinity,O2 cons (L^^ISO+),,ventilator_setting_extra,unknown,pending,pending,pending,pending,pending,pending,pending,54,5,classified,domain=ventilator_setting_extra; rule:\bcons\b; needs signal mapping
PROMISES,infinity,OBSERVATION_DATETIME,,pending,unknown,pending,pending,pending,pending,pending,pending,pending,59,0,review,no dictionary alias; no-rule-matched
PROMISES,infinity,P1 D (mm(hg)^^ISO+),ART_DIA,pending,pending,pending,pending,pending,pending,pending,pending,pending,13,46,preexisting,
PROMISES,infinity,P1 M (mm(hg)^^ISO+),ART_MEAN,pending,pending,pending,pending,pending,pending,pending,pending,pending,13,46,preexisting,
PROMISES,infinity,P1 S (mm(hg)^^ISO+),ART_SYS,pending,pending,pending,pending,pending,pending,pending,pending,pending,13,46,preexisting,
PROMISES,infinity,P2 D (mm(hg)^^ISO+),,pending,unknown,pending,pending,pending,pending,pending,pending,pending,9,50,review,no dictionary alias; no-rule-matched
PROMISES,infinity,P2 M (mm(hg)^^ISO+),,pending,unknown,pending,pending,pending,pending,pending,pending,pending,9,50,review,no dictionary alias; no-rule-matched
PROMISES,infinity,P2 S (mm(hg)^^ISO+),,pending,unknown,pending,pending,pending,pending,pending,pending,pending,9,50,review,no dictionary alias; no-rule-matched
PROMISES,infinity,P3 D (mm(hg)^^ISO+),,pending,unknown,pending,pending,pending,pending,pending,pending,pending,1,58,review,no dictionary alias; no-rule-matched
PROMISES,infinity,P3 M (mm(hg)^^ISO+),,pending,unknown,pending,pending,pending,pending,pending,pending,pending,1,58,review,no dictionary alias; no-rule-matched
PROMISES,infinity,P3 S (mm(hg)^^ISO+),,pending,unknown,pending,pending,pending,pending,pending,pending,pending,1,58,review,no dictionary alias; no-rule-matched
PROMISES,infinity,P4 D (mm(hg)^^ISO+),,pending,unknown,pending,pending,pending,pending,pending,pending,pending,1,58,review,no dictionary alias; no-rule-matched
PROMISES,infinity,P4 M (mm(hg)^^ISO+),,pending,unknown,pending,pending,pending,pending,pending,pending,pending,1,58,review,no dictionary alias; no-rule-matched
PROMISES,infinity,P4 S (mm(hg)^^ISO+),,pending,unknown,pending,pending,pending,pending,pending,pending,pending,1,58,review,no dictionary alias; no-rule-matched
PROMISES,infinity,P5 D (mm(hg)^^ISO+),,pending,unknown,pending,pending,pending,pending,pending,pending,pending,1,58,review,no dictionary alias; no-rule-matched
PROMISES,infinity,P5 M (mm(hg)^^ISO+),,pending,unknown,pending,pending,pending,pending,pending,pending,pending,1,58,review,no dictionary alias; no-rule-matched
PROMISES,infinity,P5 S (mm(hg)^^ISO+),,pending,unknown,pending,pending,pending,pending,pending,pending,pending,1,58,review,no dictionary alias; no-rule-matched
PROMISES,infinity,P6 D (mm(hg)^^ISO+),,pending,unknown,pending,pending,pending,pending,pending,pending,pending,1,58,review,no dictionary alias; no-rule-matched
PROMISES,infinity,P6 M (mm(hg)^^ISO+),,pending,unknown,pending,pending,pending,pending,pending,pending,pending,1,58,review,no dictionary alias; no-rule-matched
PROMISES,infinity,P6 S (mm(hg)^^ISO+),,pending,unknown,pending,pending,pending,pending,pending,pending,pending,1,58,review,no dictionary alias; no-rule-matched
PROMISES,infinity,P7 D (mm(hg)^^ISO+),,pending,unknown,pending,pending,pending,pending,pending,pending,pending,1,58,review,no dictionary alias; no-rule-matched
PROMISES,infinity,P7 M (mm(hg)^^ISO+),,pending,unknown,pending,pending,pending,pending,pending,pending,pending,1,58,review,no dictionary alias; no-rule-matched
PROMISES,infinity,P7 S (mm(hg)^^ISO+),,pending,unknown,pending,pending,pending,pending,pending,pending,pending,1,58,review,no dictionary alias; no-rule-matched
PROMISES,infinity,P8 D (mm(hg)^^ISO+),,pending,unknown,pending,pending,pending,pending,pending,pending,pending,1,58,review,no dictionary alias; no-rule-matched
PROMISES,infinity,P8 M (mm(hg)^^ISO+),,pending,unknown,pending,pending,pending,pending,pending,pending,pending,1,58,review,no dictionary alias; no-rule-matched
PROMISES,infinity,P8 S (mm(hg)^^ISO+),,pending,unknown,pending,pending,pending,pending,pending,pending,pending,1,58,review,no dictionary alias; no-rule-matched
PROMISES,infinity,PEEP (mbar^^ISO+),PEEP,pending,pending,pending,pending,pending,pending,pending,pending,pending,54,5,preexisting,
PROMISES,infinity,PEEP set (mbar^^ISO+),,ventilator_setting,unknown,pending,pending,pending,pending,pending,pending,pending,53,6,classified,domain=ventilator_setting; rule:\bpeep\b; needs signal mapping
PROMISES,infinity,PIP (mbar^^ISO+),,ventilator_setting,unknown,pending,pending,pending,pending,pending,pending,pending,54,5,classified,Infinity param: peak inspiratory pressure; needs signal mapping
PROMISES,infinity,PLS (/min^^ISO+),HR,physiological_signal,unknown,bpm,pending,pending,pending,pending,pending,pending,54,5,alias_exact,
PROMISES,infinity,POWER (db^^ISO+),,pending,unknown,pending,pending,pending,pending,pending,pending,pending,5,54,review,no dictionary alias; no-rule-matched
PROMISES,infinity,PPV (%^^ISO+),,pending,unknown,pending,pending,pending,pending,pending,pending,pending,4,55,review,no dictionary alias; no-rule-matched
PROMISES,infinity,PTC (^^ISO+),,pending,unknown,pending,pending,pending,pending,pending,pending,pending,2,57,review,no dictionary alias; no-rule-matched
PROMISES,infinity,PVC/min (/min^^ISO+),,event,unknown,pending,pending,pending,pending,pending,pending,pending,54,5,classified,Infinity param: premature ventricular contractions per min; needs signal mapping
PROMISES,infinity,Pamb (mbar^^ISO+),,pending,unknown,pending,pending,pending,pending,pending,pending,pending,54,5,review,no dictionary alias; no-rule-matched
PROMISES,infinity,Pati (),,pending,unknown,pending,pending,pending,pending,pending,pending,pending,1,58,review,no dictionary alias; no-rule-matched
PROMISES,infinity,Patient Category (^^ISO+),,metadata,unknown,pending,pending,pending,pending,pending,pending,pending,54,5,classified,domain=metadata; rule:\bpatient categor; needs signal mapping
PROMISES,infinity,Pinsp (mbar^^ISO+),,pending,unknown,pending,pending,pending,pending,pending,pending,pending,2,57,review,no dictionary alias; no-rule-matched
PROMISES,infinity,Pmax set (mb),,ventilator_setting,unknown,pending,pending,pending,pending,pending,pending,pending,1,58,classified,Infinity param: max pressure setting; needs signal mapping
PROMISES,infinity,Pmax set (mbar^^ISO+),,ventilator_setting,unknown,pending,pending,pending,pending,pending,pending,pending,53,6,classified,Infinity param: max pressure setting; needs signal mapping
PROMISES,infinity,Pmean (mbar^^ISO+),,ventilator_setting,unknown,pending,pending,pending,pending,pending,pending,pending,54,5,classified,Infinity param: mean airway pressure; needs signal mapping
PROMISES,infinity,Pplat (),,ventilator_setting,unknown,pending,pending,pending,pending,pending,pending,pending,1,58,classified,Infinity param: plateau pressure; needs signal mapping
PROMISES,infinity,Pplat (mbar^^ISO+),,ventilator_setting,unknown,pending,pending,pending,pending,pending,pending,pending,54,5,classified,Infinity param: plateau pressure; needs signal mapping
PROMISES,infinity,Pulse width (u),,pending,unknown,pending,pending,pending,pending,pending,pending,pending,1,58,review,no dictionary alias; no-rule-matched
PROMISES,infinity,Pulse width (us^^ISO+),,pending,unknown,pending,pending,pending,pending,pending,pending,pending,12,47,review,no dictionary alias; no-rule-matched
PROMISES,infinity,R (mbar.s/L^^ISO+),,pending,unknown,pending,pending,pending,pending,pending,pending,pending,53,6,review,no dictionary alias; no-rule-matched
PROMISES,infinity,RR (/min^^ISO+),,pending,unknown,pending,pending,pending,pending,pending,pending,pending,54,5,review,candidate dictionary entry: respiratory rate
PROMISES,infinity,RR set (/min^^ISO+),,ventilator_setting,unknown,pending,pending,pending,pending,pending,pending,pending,53,6,classified,Infinity param: respiratory rate setting; needs signal mapping
PROMISES,infinity,RRc (/min^^ISO+),,ventilator_setting,unknown,pending,pending,pending,pending,pending,pending,pending,54,5,classified,Infinity param: respiratory rate control? verify; needs signal mapping
PROMISES,infinity,RRf (/min^^ISO+),,pending,unknown,pending,pending,pending,pending,pending,pending,pending,54,5,review,no dictionary alias; no-rule-matched
PROMISES,infinity,RRmand (/min^^ISO+),,ventilator_setting,unknown,pending,pending,pending,pending,pending,pending,pending,54,5,classified,Infinity param: mandatory respiratory rate; needs signal mapping
PROMISES,infinity,RRp (/min^^ISO+),,ventilator_setting,unknown,pending,pending,pending,pending,pending,pending,pending,54,5,classified,Infinity param: respiratory rate parameter; needs signal mapping
PROMISES,infinity,RRspon (/min^^ISO+),,ventilator_setting,unknown,pending,pending,pending,pending,pending,pending,pending,54,5,classified,Infinity param: spontaneous respiratory rate; needs signal mapping
PROMISES,infinity,SEF (hz^^ISO+),,pending,unknown,pending,pending,pending,pending,pending,pending,pending,5,54,review,candidate dictionary entry: spectral edge frequency (BIS family)
PROMISES,infinity,SQI (%^^ISO+),,pending,unknown,pending,pending,pending,pending,pending,pending,pending,5,54,review,no dictionary alias; no-rule-matched
PROMISES,infinity,STANDBY (^^ISO+),,metadata,unknown,pending,pending,pending,pending,pending,pending,pending,53,6,classified,Infinity param: ventilator standby state; needs signal mapping
PROMISES,infinity,STI (mm^^ISO+),,physiological_signal,unknown,pending,pending,pending,pending,pending,pending,pending,54,5,classified,Infinity param: ST lead I; needs signal mapping
PROMISES,infinity,STII (mm^^ISO+),,physiological_signal,unknown,pending,pending,pending,pending,pending,pending,pending,54,5,classified,Infinity param: ST lead II; needs signal mapping
PROMISES,infinity,STIII (mm^^ISO+),,physiological_signal,unknown,pending,pending,pending,pending,pending,pending,pending,54,5,classified,Infinity param: ST lead III; needs signal mapping
PROMISES,infinity,STV (mm^^ISO+),,physiological_signal,unknown,pending,pending,pending,pending,pending,pending,pending,54,5,classified,Infinity param: ST segment value? verify lead; needs signal mapping
PROMISES,infinity,STV+ (mm^^ISO+),,physiological_signal,unknown,pending,pending,pending,pending,pending,pending,pending,53,6,classified,Infinity param: ST segment value? verify lead; needs signal mapping
PROMISES,infinity,STaVF (mm^^ISO+),,physiological_signal,unknown,pending,pending,pending,pending,pending,pending,pending,54,5,classified,Infinity param: ST aVF; needs signal mapping
PROMISES,infinity,STaVL (mm^^ISO+),,physiological_signal,unknown,pending,pending,pending,pending,pending,pending,pending,54,5,classified,Infinity param: ST aVL; needs signal mapping
PROMISES,infinity,STaVR (mm^^ISO+),,physiological_signal,unknown,pending,pending,pending,pending,pending,pending,pending,54,5,classified,Infinity param: ST aVR; needs signal mapping
PROMISES,infinity,Selected agent unit (^^ISO+),,anesthesia_setting,unknown,pending,pending,pending,pending,pending,pending,pending,54,5,classified,domain=anesthesia_setting; rule:\bagent\b; needs signal mapping
PROMISES,infinity,Sev cons (),,ventilator_setting_extra,unknown,pending,pending,pending,pending,pending,pending,pending,1,58,classified,domain=ventilator_setting_extra; rule:\bcons\b; needs signal mapping
PROMISES,infinity,Sev cons (mL^^ISO+),,ventilator_setting_extra,unknown,pending,pending,pending,pending,pending,pending,pending,54,5,classified,domain=ventilator_setting_extra; rule:\bcons\b; needs signal mapping
PROMISES,infinity,Sev tot (mL^^ISO+),,ventilator_setting_extra,unknown,pending,pending,pending,pending,pending,pending,pending,54,5,classified,domain=ventilator_setting_extra; rule:\btot\b; needs signal mapping
PROMISES,infinity,Slope set (s^^ISO+),,ventilator_setting,unknown,pending,pending,pending,pending,pending,pending,pending,53,6,classified,Infinity param: pressure slope setting; needs signal mapping
PROMISES,infinity,SpO2 (%^^ISO+),SPO2,pending,pending,pending,pending,pending,pending,pending,pending,pending,54,5,preexisting,
PROMISES,infinity,Standby (^^ISO+),,metadata,unknown,pending,pending,pending,pending,pending,pending,pending,1,58,classified,Infinity param: ventilator standby state; needs signal mapping
PROMISES,infinity,Stim current (ma),,pending,unknown,pending,pending,pending,pending,pending,pending,pending,1,58,review,no dictionary alias; no-rule-matched
PROMISES,infinity,Stim current (ma^^ISO+),,pending,unknown,pending,pending,pending,pending,pending,pending,pending,12,47,review,no dictionary alias; no-rule-matched
PROMISES,infinity,TC (s^^ISO+),,pending,unknown,pending,pending,pending,pending,pending,pending,pending,53,6,review,no dictionary alias; no-rule-matched
PROMISES,infinity,TOF-Cnt (^^ISO+),,pending,unknown,pending,pending,pending,pending,pending,pending,pending,12,47,review,no dictionary alias; no-rule-matched
PROMISES,infinity,TOF-Ratio (%^^ISO+),,pending,unknown,pending,pending,pending,pending,pending,pending,pending,12,47,review,no dictionary alias; no-rule-matched
PROMISES,infinity,Ta (cel^^ISO+),TEMP,pending,pending,pending,pending,pending,pending,pending,pending,pending,53,6,preexisting,
PROMISES,infinity,Tb (cel^^ISO+),TEMP,physiological_signal,unknown,celsius,pending,pending,pending,pending,pending,pending,53,6,alias_exact,
PROMISES,infinity,Tcase (),,metadata,unknown,pending,pending,pending,pending,pending,pending,pending,1,58,classified,Infinity param: test/case marker? verify; needs signal mapping
PROMISES,infinity,Tcase (min^^ISO+),,metadata,unknown,pending,pending,pending,pending,pending,pending,pending,54,5,classified,Infinity param: test/case marker? verify; needs signal mapping
PROMISES,infinity,Ti set (s^^ISO+),,pending,unknown,pending,pending,pending,pending,pending,pending,pending,53,6,review,no dictionary alias; no-rule-matched
PROMISES,infinity,V'CO2 (mL/min^^ISO+),,pending,unknown,pending,pending,pending,pending,pending,pending,pending,54,5,review,no dictionary alias; no-rule-matched
PROMISES,infinity,V'O2 (0.01 L/min^^ISO+),,physiological_signal,unknown,pending,pending,pending,pending,pending,pending,pending,54,5,classified,Infinity param: O2 consumption? verify; needs signal mapping
PROMISES,infinity,VENT TYPE (),,pending,unknown,pending,pending,pending,pending,pending,pending,pending,57,2,review,no dictionary alias; no-rule-matched
PROMISES,infinity,VT (mL^^ISO+),TV,physiological_signal,unknown,mL,pending,pending,pending,pending,pending,pending,54,5,alias_base,
PROMISES,infinity,VTe (mL^^ISO+),TV,pending,pending,pending,pending,pending,pending,pending,pending,pending,54,5,preexisting,
PROMISES,infinity,VTemand (mL^^ISO+),,ventilator_setting,unknown,pending,pending,pending,pending,pending,pending,pending,54,5,classified,Infinity param: mandatory tidal volume; needs signal mapping
PROMISES,infinity,VTespon (mL^^ISO+),,ventilator_setting,unknown,pending,pending,pending,pending,pending,pending,pending,54,5,classified,Infinity param: spontaneous tidal volume; needs signal mapping
PROMISES,infinity,VTi (mL^^ISO+),,pending,unknown,pending,pending,pending,pending,pending,pending,pending,54,5,review,no dictionary alias; no-rule-matched
PROMISES,infinity,VTi set (mL^^ISO+),,pending,unknown,pending,pending,pending,pending,pending,pending,pending,53,6,review,no dictionary alias; no-rule-matched
PROMISES,infinity,VTimand (mL^^ISO+),,pending,unknown,pending,pending,pending,pending,pending,pending,pending,54,5,review,no dictionary alias; no-rule-matched
PROMISES,infinity,VTispon (mL^^ISO+),,pending,unknown,pending,pending,pending,pending,pending,pending,pending,54,5,review,no dictionary alias; no-rule-matched
PROMISES,infinity,Vent. mode (^^ISO+),,ventilator_setting,unknown,pending,pending,pending,pending,pending,pending,pending,53,6,classified,Infinity param: ventilation mode; needs signal mapping
PROMISES,infinity,Weight (kg^^ISO+),,demographic,unknown,pending,pending,pending,pending,pending,pending,pending,54,5,classified,domain=demographic; rule:\bweight\b; needs signal mapping
PROMISES,infinity,dT (cel^^ISO+),,pending,unknown,pending,pending,pending,pending,pending,pending,pending,53,6,review,no dictionary alias; no-rule-matched
PROMISES,infinity,etCO2 (mm(hg)^^ISO+),ETCO2,pending,pending,pending,pending,pending,pending,pending,pending,pending,54,5,preexisting,
PROMISES,infinity,etDes (%^^ISO+),ET_DES,pending,pending,pending,pending,pending,pending,pending,pending,pending,54,5,preexisting,
PROMISES,infinity,etEnf (%^^ISO+),,pending,unknown,pending,pending,pending,pending,pending,pending,pending,54,5,review,no dictionary alias; no-rule-matched
PROMISES,infinity,etHal (%^^ISO+),,pending,unknown,pending,pending,pending,pending,pending,pending,pending,54,5,review,no dictionary alias; no-rule-matched
PROMISES,infinity,etIso (%^^ISO+),,pending,unknown,pending,pending,pending,pending,pending,pending,pending,54,5,review,no dictionary alias; no-rule-matched
PROMISES,infinity,etN2O (%^^ISO+),,physiological_signal,unknown,pending,pending,pending,pending,pending,pending,pending,54,5,classified,Infinity param: end-tidal N2O; needs signal mapping
PROMISES,infinity,etN2O (),,physiological_signal,unknown,pending,pending,pending,pending,pending,pending,pending,1,58,classified,Infinity param: end-tidal N2O; needs signal mapping
PROMISES,infinity,etO2 (%^^ISO+),,physiological_signal,unknown,pending,pending,pending,pending,pending,pending,pending,54,5,classified,Infinity param: end-tidal O2; needs signal mapping
PROMISES,infinity,etPrimA (%^^ISO+),,anesthesia_setting,unknown,pending,pending,pending,pending,pending,pending,pending,54,5,classified,Infinity param: end-tidal primary agent? verify; needs signal mapping
PROMISES,infinity,etSecA (%^^ISO+),,anesthesia_setting,unknown,pending,pending,pending,pending,pending,pending,pending,54,5,classified,Infinity param: end-tidal secondary agent? verify; needs signal mapping
PROMISES,infinity,etSecA (),,anesthesia_setting,unknown,pending,pending,pending,pending,pending,pending,pending,1,58,classified,Infinity param: end-tidal secondary agent? verify; needs signal mapping
PROMISES,infinity,etSev (%^^ISO+),ET_SEVO,pending,pending,pending,pending,pending,pending,pending,pending,pending,54,5,preexisting,
PROMISES,infinity,inCO2 (mm(hg)^^ISO+),,pending,unknown,pending,pending,pending,pending,pending,pending,pending,54,5,review,no dictionary alias; no-rule-matched
PROMISES,infinity,inDes (%^^ISO+),,anesthesia_setting,unknown,pending,pending,pending,pending,pending,pending,pending,54,5,classified,Infinity param: inspired desflurane; needs signal mapping
PROMISES,infinity,inEnf (%^^ISO+),,pending,unknown,pending,pending,pending,pending,pending,pending,pending,54,5,review,no dictionary alias; no-rule-matched
PROMISES,infinity,inHal (%^^ISO+),,anesthesia_setting,unknown,pending,pending,pending,pending,pending,pending,pending,54,5,classified,Infinity param: inspired halothane; needs signal mapping
PROMISES,infinity,inIso (%^^ISO),,ventilator_setting,unknown,pending,pending,pending,pending,pending,pending,pending,1,58,classified,Infinity param: initial isoflurane? verify; needs signal mapping
PROMISES,infinity,inIso (%^^ISO+),,ventilator_setting,unknown,pending,pending,pending,pending,pending,pending,pending,54,5,classified,Infinity param: initial isoflurane? verify; needs signal mapping
PROMISES,infinity,inIso (),,ventilator_setting,unknown,pending,pending,pending,pending,pending,pending,pending,1,58,classified,Infinity param: initial isoflurane? verify; needs signal mapping
PROMISES,infinity,inN2O (%^^ISO+),,pending,unknown,pending,pending,pending,pending,pending,pending,pending,54,5,review,no dictionary alias; no-rule-matched
PROMISES,infinity,inPrimA (%^^ISO+),,anesthesia_setting,unknown,pending,pending,pending,pending,pending,pending,pending,54,5,classified,Infinity param: inspired primary agent? verify; needs signal mapping
PROMISES,infinity,inSecA (%^^ISO+),,pending,unknown,pending,pending,pending,pending,pending,pending,pending,54,5,review,no dictionary alias; no-rule-matched
PROMISES,infinity,inSev (%^^ISO+),,anesthesia_setting,unknown,pending,pending,pending,pending,pending,pending,pending,54,5,classified,Infinity param: inspired sevoflurane; needs signal mapping
PROMISES,infinity,inSev (),,anesthesia_setting,unknown,pending,pending,pending,pending,pending,pending,pending,2,57,classified,Infinity param: inspired sevoflurane; needs signal mapping
PROMISES,infinity,inxMAC (^^ISO+),,anesthesia_setting,unknown,pending,pending,pending,pending,pending,pending,pending,54,5,classified,Infinity param: inspired xMAC; needs signal mapping
PROMISES,infinity,leak BS M/S (mL/min^^ISO+),,ventilator_setting,unknown,pending,pending,pending,pending,pending,pending,pending,54,5,classified,Infinity param: leak; needs signal mapping
PROMISES,infinity,nr,,pending,unknown,pending,pending,pending,pending,pending,pending,pending,59,0,review,no dictionary alias; no-rule-matched
PROMISES,infinity,r2 (^^ISO+),,pending,unknown,pending,pending,pending,pending,pending,pending,pending,53,6,review,no dictionary alias; no-rule-matched
PROMISES,infinity,xMAC (^^ISO+),MAC,pending,pending,pending,pending,pending,pending,pending,pending,pending,54,5,preexisting,
PROMISES,nol,,,event_or_signal,unknown,pending,pending,pending,pending,pending,pending,pending,60,0,review,empty column name in source header; data quality
PROMISES,nol,N/A,,event_or_signal,unknown,pending,pending,pending,pending,pending,pending,pending,60,0,classified,domain=event_or_signal; rule:source=nol; needs signal mapping
PROMISES,other_csv,19-Sep-2024 16:03:56.572,,pending,unknown,pending,pending,pending,pending,pending,pending,pending,1,0,review,no dictionary alias; no-rule-matched
PROMISES,other_csv,INFO,,pending,unknown,pending,pending,pending,pending,pending,pending,pending,1,0,review,no dictionary alias; no-rule-matched
PROMISES,other_csv,Recording started - C:\Medasense\DATA\2024-09-19 1603-1,,pending,unknown,pending,pending,pending,pending,pending,pending,pending,1,0,review,no dictionary alias; no-rule-matched
PVB-ABDO,bettercare,AIR FLOW,,pending,unknown,pending,pending,pending,pending,pending,pending,pending,8,0,review,no dictionary alias; no-rule-matched
PVB-ABDO,bettercare,ART M,ART_MEAN,pending,pending,pending,pending,pending,pending,pending,pending,pending,8,0,preexisting,
PVB-ABDO,bettercare,ART M Dias,ART_DIA,pending,pending,pending,pending,pending,pending,pending,pending,pending,8,0,preexisting,
PVB-ABDO,bettercare,ART M Sys,ART_SYS,pending,pending,pending,pending,pending,pending,pending,pending,pending,8,0,preexisting,
PVB-ABDO,bettercare,Annotations,,event,unknown,pending,pending,pending,pending,pending,pending,pending,8,0,classified,domain=event; rule:\bannotation; needs signal mapping
PVB-ABDO,bettercare,CO2,,pending,unknown,pending,pending,pending,pending,pending,pending,pending,8,0,review,no dictionary alias; no-rule-matched
PVB-ABDO,bettercare,CVP M,CVP,pending,pending,pending,pending,pending,pending,pending,pending,pending,8,0,preexisting,
PVB-ABDO,bettercare,ECG I,,pending,unknown,pending,pending,pending,pending,pending,pending,pending,8,0,review,no dictionary alias; no-rule-matched
PVB-ABDO,bettercare,ECG II,,pending,unknown,pending,pending,pending,pending,pending,pending,pending,8,0,review,no dictionary alias; no-rule-matched
PVB-ABDO,bettercare,ECG III,,pending,unknown,pending,pending,pending,pending,pending,pending,pending,8,0,review,no dictionary alias; no-rule-matched
PVB-ABDO,bettercare,ECG V1,,pending,unknown,pending,pending,pending,pending,pending,pending,pending,8,0,review,no dictionary alias; no-rule-matched
PVB-ABDO,bettercare,ECG V2,,pending,unknown,pending,pending,pending,pending,pending,pending,pending,8,0,review,no dictionary alias; no-rule-matched
PVB-ABDO,bettercare,ECG V3,,pending,unknown,pending,pending,pending,pending,pending,pending,pending,8,0,review,no dictionary alias; no-rule-matched
PVB-ABDO,bettercare,ECG V4,,pending,unknown,pending,pending,pending,pending,pending,pending,pending,8,0,review,no dictionary alias; no-rule-matched
PVB-ABDO,bettercare,ECG V5,,pending,unknown,pending,pending,pending,pending,pending,pending,pending,8,0,review,no dictionary alias; no-rule-matched
PVB-ABDO,bettercare,ECG V6,,pending,unknown,pending,pending,pending,pending,pending,pending,pending,8,0,review,no dictionary alias; no-rule-matched
PVB-ABDO,bettercare,ECG aVF,,pending,unknown,pending,pending,pending,pending,pending,pending,pending,8,0,review,no dictionary alias; no-rule-matched
PVB-ABDO,bettercare,ECG aVL,,pending,unknown,pending,pending,pending,pending,pending,pending,pending,8,0,review,no dictionary alias; no-rule-matched
PVB-ABDO,bettercare,ECG aVR,,pending,unknown,pending,pending,pending,pending,pending,pending,pending,8,0,review,no dictionary alias; no-rule-matched
PVB-ABDO,bettercare,HR,HR,pending,pending,pending,pending,pending,pending,pending,pending,pending,8,0,preexisting,
PVB-ABDO,bettercare,LA M,,pending,unknown,pending,pending,pending,pending,pending,pending,pending,8,0,review,no dictionary alias; no-rule-matched
PVB-ABDO,bettercare,NIBP M,NBP_MEAN,pending,pending,pending,pending,pending,pending,pending,pending,pending,8,0,preexisting,
PVB-ABDO,bettercare,PA M,PA_MEAN,pending,pending,pending,pending,pending,pending,pending,pending,pending,8,0,preexisting,
PVB-ABDO,bettercare,PA M Dias,PA_DIA,pending,pending,pending,pending,pending,pending,pending,pending,pending,8,0,preexisting,
PVB-ABDO,bettercare,PA M Sys,PA_SYS,pending,pending,pending,pending,pending,pending,pending,pending,pending,8,0,preexisting,
PVB-ABDO,bettercare,PAD,,pending,unknown,pending,pending,pending,pending,pending,pending,pending,8,0,review,no dictionary alias; no-rule-matched
PVB-ABDO,bettercare,PAI,,pending,unknown,pending,pending,pending,pending,pending,pending,pending,8,0,review,no dictionary alias; no-rule-matched
PVB-ABDO,bettercare,PAP,,pending,unknown,pending,pending,pending,pending,pending,pending,pending,8,0,review,no dictionary alias; no-rule-matched
PVB-ABDO,bettercare,PAW,,pending,unknown,pending,pending,pending,pending,pending,pending,pending,8,0,review,no dictionary alias; no-rule-matched
PVB-ABDO,bettercare,PLETH,,pending,unknown,pending,pending,pending,pending,pending,pending,pending,8,0,review,no dictionary alias; no-rule-matched
PVB-ABDO,bettercare,PNI,,pending,unknown,pending,pending,pending,pending,pending,pending,pending,8,0,review,no dictionary alias; no-rule-matched
PVB-ABDO,bettercare,PRES ART,,pending,unknown,pending,pending,pending,pending,pending,pending,pending,8,0,review,no dictionary alias; no-rule-matched
PVB-ABDO,bettercare,PVC,,pending,unknown,pending,pending,pending,pending,pending,pending,pending,8,0,review,no dictionary alias; no-rule-matched
PVB-ABDO,bettercare,RA M,,pending,unknown,pending,pending,pending,pending,pending,pending,pending,8,0,review,no dictionary alias; no-rule-matched
PVB-ABDO,bettercare,RESP,,pending,unknown,pending,pending,pending,pending,pending,pending,pending,8,0,review,candidate dictionary entry: respiratory (rate or waveform? ambiguous)
PVB-ABDO,bettercare,RRc,,ventilator_setting,unknown,pending,pending,pending,pending,pending,pending,pending,8,0,classified,Infinity param: respiratory rate control? verify; needs signal mapping
PVB-ABDO,bettercare,SpO2,SPO2,pending,pending,pending,pending,pending,pending,pending,pending,pending,8,0,preexisting,
PVB-ABDO,bettercare,Time (msecs),,metadata,unknown,pending,pending,pending,pending,pending,pending,pending,8,0,classified,domain=metadata; rule:\btime\b; needs signal mapping
PVB-ABDO,bettercare,VT,TV,pending,pending,pending,pending,pending,pending,pending,pending,pending,8,0,preexisting,
PVB-ABDO,bettercare,etCO2,ETCO2,pending,pending,pending,pending,pending,pending,pending,pending,pending,8,0,preexisting,
PVB-ABDO,bettercare,peak paw,,pending,unknown,pending,pending,pending,pending,pending,pending,pending,8,0,review,no dictionary alias; no-rule-matched
PVB-ABDO,bettercare,vt insp,,pending,unknown,pending,pending,pending,pending,pending,pending,pending,8,0,review,no dictionary alias; no-rule-matched
PVB-ABDO,infinity,%PACED (%^^ISO+),,event,unknown,pending,pending,pending,pending,pending,pending,pending,8,2,classified,Infinity param: percent paced beats; needs signal mapping
PVB-ABDO,infinity,(),,pending,unknown,pending,pending,pending,pending,pending,pending,pending,1,9,review,no dictionary alias; no-rule-matched
PVB-ABDO,infinity,2nd Anesthesia gas (^^ISO+),,anesthesia_setting,unknown,pending,pending,pending,pending,pending,pending,pending,8,2,classified,domain=anesthesia_setting; rule:\banesthes; needs signal mapping
PVB-ABDO,infinity,ARR (^^ISO+),,pending,unknown,pending,pending,pending,pending,pending,pending,pending,8,2,review,no dictionary alias; no-rule-matched
PVB-ABDO,infinity,ART D (mm(hg)^^ISO+),ART_DIA,pending,pending,pending,pending,pending,pending,pending,pending,pending,7,3,preexisting,
PVB-ABDO,infinity,ART M (mm(hg)^^ISO+),ART_MEAN,pending,pending,pending,pending,pending,pending,pending,pending,pending,7,3,preexisting,
PVB-ABDO,infinity,ART S (mm(hg)^^ISO+),ART_SYS,pending,pending,pending,pending,pending,pending,pending,pending,pending,7,3,preexisting,
PVB-ABDO,infinity,Age (a^^ISO+),,demographic,unknown,pending,pending,pending,pending,pending,pending,pending,8,2,classified,domain=demographic; rule:\bage\b; needs signal mapping
PVB-ABDO,infinity,Air cons (L^^ISO+),,ventilator_setting_extra,unknown,pending,pending,pending,pending,pending,pending,pending,8,2,classified,domain=ventilator_setting_extra; rule:\bcons\b; needs signal mapping
PVB-ABDO,infinity,Anesthesia gas (^^ISO+),,anesthesia_setting,unknown,pending,pending,pending,pending,pending,pending,pending,8,2,classified,domain=anesthesia_setting; rule:\banesthes; needs signal mapping
PVB-ABDO,infinity,Apn D (),,alarm,unknown,pending,pending,pending,pending,pending,pending,pending,1,9,classified,domain=alarm; rule:\bapn; needs signal mapping
PVB-ABDO,infinity,Apn Dur (s^^ISO+),,alarm,unknown,pending,pending,pending,pending,pending,pending,pending,8,2,classified,domain=alarm; rule:\bapn; needs signal mapping
PVB-ABDO,infinity,Audio pause (^^ISO+),,alarm,unknown,pending,pending,pending,pending,pending,pending,pending,6,4,classified,domain=alarm; rule:\baudio pause; needs signal mapping
PVB-ABDO,infinity,CO2 unit (^^ISO+),,metadata,unknown,pending,pending,pending,pending,pending,pending,pending,8,2,classified,Infinity param: CO2 module identifier; needs signal mapping
PVB-ABDO,infinity,CVP (mm(hg)^^ISO+),CVP,pending,pending,pending,pending,pending,pending,pending,pending,pending,5,5,preexisting,
PVB-ABDO,infinity,Carrier gas (^^ISO+),,anesthesia_setting,unknown,pending,pending,pending,pending,pending,pending,pending,8,2,classified,domain=anesthesia_setting; rule:\bgas\b; needs signal mapping
PVB-ABDO,infinity,Cbs+hose (mL/hpa^^I),,ventilator_setting_extra,unknown,pending,pending,pending,pending,pending,pending,pending,1,9,classified,domain=ventilator_setting_extra; rule:\bhose\b; needs signal mapping
PVB-ABDO,infinity,Cbs+hose (mL/hpa^^ISO+),,ventilator_setting_extra,unknown,pending,pending,pending,pending,pending,pending,pending,8,2,classified,domain=ventilator_setting_extra; rule:\bhose\b; needs signal mapping
PVB-ABDO,infinity,Cdyn (L/bar^^ISO+),,pending,unknown,pending,pending,pending,pending,pending,pending,pending,8,2,review,no dictionary alias; no-rule-matched
PVB-ABDO,infinity,Chose (mL/hpa^^ISO+),,ventilator_setting,unknown,pending,pending,pending,pending,pending,pending,pending,8,2,classified,Infinity param: compliance hose? verify; needs signal mapping
PVB-ABDO,infinity,DEVICENAME,,demographic,unknown,pending,pending,pending,pending,pending,pending,pending,10,0,classified,domain=demographic; rule:\bdevicename\b; needs signal mapping
PVB-ABDO,infinity,DO2 (%^^ISO+),,physiological_signal,unknown,pending,pending,pending,pending,pending,pending,pending,8,2,classified,Infinity param: oxygen delivery? verify; needs signal mapping
PVB-ABDO,infinity,DPsupp set (mbar^^ISO+),,ventilator_setting_extra,unknown,pending,pending,pending,pending,pending,pending,pending,8,2,classified,domain=ventilator_setting_extra; rule:\bdpsupp\b; needs signal mapping
PVB-ABDO,infinity,Des cons (mL^^ISO+),,ventilator_setting_extra,unknown,pending,pending,pending,pending,pending,pending,pending,8,2,classified,domain=ventilator_setting_extra; rule:\bcons\b; needs signal mapping
PVB-ABDO,infinity,Des tot (mL^^ISO+),,ventilator_setting_extra,unknown,pending,pending,pending,pending,pending,pending,pending,8,2,classified,domain=ventilator_setting_extra; rule:\btot\b; needs signal mapping
PVB-ABDO,infinity,Device check (^^ISO+),,metadata,unknown,pending,pending,pending,pending,pending,pending,pending,8,2,classified,Infinity param: device self-check flag; needs signal mapping
PVB-ABDO,infinity,E (mbar/L^^ISO+),,ventilator_setting,unknown,pending,pending,pending,pending,pending,pending,pending,8,2,classified,Infinity param: elastance; needs signal mapping
PVB-ABDO,infinity,Enf cons (mL^^ISO+),,ventilator_setting_extra,unknown,pending,pending,pending,pending,pending,pending,pending,8,2,classified,domain=ventilator_setting_extra; rule:\bcons\b; needs signal mapping
PVB-ABDO,infinity,Enf tot (mL^^ISO+),,ventilator_setting_extra,unknown,pending,pending,pending,pending,pending,pending,pending,8,2,classified,domain=ventilator_setting_extra; rule:\btot\b; needs signal mapping
PVB-ABDO,infinity,FG Des (kpa^^ISO+),,ventilator_setting_extra,unknown,pending,pending,pending,pending,pending,pending,pending,8,2,classified,domain=ventilator_setting_extra; rule:\bfg \b; needs signal mapping
PVB-ABDO,infinity,FG Iso (kpa^^ISO+),,ventilator_setting_extra,unknown,pending,pending,pending,pending,pending,pending,pending,8,2,classified,domain=ventilator_setting_extra; rule:\bfg \b; needs signal mapping
PVB-ABDO,infinity,FG O2 (%^^ISO+),,ventilator_setting_extra,unknown,pending,pending,pending,pending,pending,pending,pending,8,2,classified,domain=ventilator_setting_extra; rule:\bfg \b; needs signal mapping
PVB-ABDO,infinity,FG Sev (kpa^^ISO+),,ventilator_setting_extra,unknown,pending,pending,pending,pending,pending,pending,pending,8,2,classified,domain=ventilator_setting_extra; rule:\bfg \b; needs signal mapping
PVB-ABDO,infinity,FG V'Air (mL/min^^ISO+),,ventilator_setting_extra,unknown,pending,pending,pending,pending,pending,pending,pending,8,2,classified,domain=ventilator_setting_extra; rule:\bfg \b; needs signal mapping
PVB-ABDO,infinity,FG V'N2O (mL/min^^ISO+),,ventilator_setting_extra,unknown,pending,pending,pending,pending,pending,pending,pending,8,2,classified,domain=ventilator_setting_extra; rule:\bfg \b; needs signal mapping
PVB-ABDO,infinity,FG V'O2 (mL/min^^ISO+),,ventilator_setting_extra,unknown,pending,pending,pending,pending,pending,pending,pending,8,2,classified,domain=ventilator_setting_extra; rule:\bfg \b; needs signal mapping
PVB-ABDO,infinity,FG flow (mL/min^^ISO+),,ventilator_setting_extra,unknown,pending,pending,pending,pending,pending,pending,pending,8,2,classified,domain=ventilator_setting_extra; rule:\bfg \b; needs signal mapping
PVB-ABDO,infinity,FiO2 (%^^ISO+),,ventilator_setting,unknown,pending,pending,pending,pending,pending,pending,pending,8,2,classified,Infinity param: fraction of inspired O2; needs signal mapping
PVB-ABDO,infinity,Flow trigger set (L/min^^ISO+),,pending,unknown,pending,pending,pending,pending,pending,pending,pending,8,2,review,no dictionary alias; no-rule-matched
PVB-ABDO,infinity,HR (/min^^ISO+),HR,pending,pending,pending,pending,pending,pending,pending,pending,pending,8,2,preexisting,
PVB-ABDO,infinity,Hal cons (mL^^ISO+),,ventilator_setting_extra,unknown,pending,pending,pending,pending,pending,pending,pending,8,2,classified,domain=ventilator_setting_extra; rule:\bcons\b; needs signal mapping
PVB-ABDO,infinity,Hal tot (mL^^ISO+),,ventilator_setting_extra,unknown,pending,pending,pending,pending,pending,pending,pending,8,2,classified,domain=ventilator_setting_extra; rule:\btot\b; needs signal mapping
PVB-ABDO,infinity,Height (cm^^ISO+),,demographic,unknown,pending,pending,pending,pending,pending,pending,pending,8,2,classified,domain=demographic; rule:\bheight\b; needs signal mapping
PVB-ABDO,infinity,Insp. term. set (%(PIF)^^ISO+),,ventilator_setting,unknown,pending,pending,pending,pending,pending,pending,pending,8,2,classified,Infinity param: inspiratory termination setting; needs signal mapping
PVB-ABDO,infinity,Iso cons (mL^^ISO+),,ventilator_setting_extra,unknown,pending,pending,pending,pending,pending,pending,pending,8,2,classified,domain=ventilator_setting_extra; rule:\bcons\b; needs signal mapping
PVB-ABDO,infinity,Iso tot (mL^^ISO+),,ventilator_setting_extra,unknown,pending,pending,pending,pending,pending,pending,pending,8,2,classified,domain=ventilator_setting_extra; rule:\btot\b; needs signal mapping
PVB-ABDO,infinity,Leak BS (mL/min^^ISO+),,ventilator_setting,unknown,pending,pending,pending,pending,pending,pending,pending,8,2,classified,Infinity param: leak (body surface?) verify; needs signal mapping
PVB-ABDO,infinity,MV (L/min^^ISO+),,ventilator_setting,unknown,pending,pending,pending,pending,pending,pending,pending,8,2,classified,Infinity param: minute volume; needs signal mapping
PVB-ABDO,infinity,MVe (L/min^^ISO+),,ventilator_setting,unknown,pending,pending,pending,pending,pending,pending,pending,8,2,classified,Infinity param: expiratory minute volume; needs signal mapping
PVB-ABDO,infinity,MVmand (L/min^^ISO+),,ventilator_setting,unknown,pending,pending,pending,pending,pending,pending,pending,8,2,classified,Infinity param: mandatory minute volume; needs signal mapping
PVB-ABDO,infinity,MVspon (L/min^^ISO+),,ventilator_setting,unknown,pending,pending,pending,pending,pending,pending,pending,8,2,classified,Infinity param: spontaneous minute volume; needs signal mapping
PVB-ABDO,infinity,N2O cons (L^^ISO+),,ventilator_setting_extra,unknown,pending,pending,pending,pending,pending,pending,pending,8,2,classified,domain=ventilator_setting_extra; rule:\bcons\b; needs signal mapping
PVB-ABDO,infinity,NBP D (mm(hg)^^ISO+),NBP_DIA,pending,pending,pending,pending,pending,pending,pending,pending,pending,8,2,preexisting,
PVB-ABDO,infinity,NBP M (mm(hg)^^ISO+),NBP_MEAN,pending,pending,pending,pending,pending,pending,pending,pending,pending,8,2,preexisting,
PVB-ABDO,infinity,NBP S (mm(hg)^^ISO+),NBP_SYS,pending,pending,pending,pending,pending,pending,pending,pending,pending,8,2,preexisting,
PVB-ABDO,infinity,NMT-Temp (cel^^ISO+),,pending,unknown,pending,pending,pending,pending,pending,pending,pending,1,9,review,no dictionary alias; no-rule-matched
PVB-ABDO,infinity,O2 cons (L^^ISO+),,ventilator_setting_extra,unknown,pending,pending,pending,pending,pending,pending,pending,8,2,classified,domain=ventilator_setting_extra; rule:\bcons\b; needs signal mapping
PVB-ABDO,infinity,OBSERVATION_DATETIME,,pending,unknown,pending,pending,pending,pending,pending,pending,pending,10,0,review,no dictionary alias; no-rule-matched
PVB-ABDO,infinity,P1 D (mm(hg)^^ISO+),ART_DIA,physiological_signal,unknown,mmHg,pending,pending,pending,pending,pending,pending,2,8,alias_exact,
PVB-ABDO,infinity,P1 M (mm(hg)^^ISO+),ART_MEAN,physiological_signal,unknown,mmHg,pending,pending,pending,pending,pending,pending,2,8,alias_exact,
PVB-ABDO,infinity,P1 S (mm(hg)^^ISO+),ART_SYS,physiological_signal,unknown,mmHg,pending,pending,pending,pending,pending,pending,2,8,alias_exact,
PVB-ABDO,infinity,P2 D (mm(hg)^^ISO+),,pending,unknown,pending,pending,pending,pending,pending,pending,pending,1,9,review,no dictionary alias; no-rule-matched
PVB-ABDO,infinity,P2 M (mm(hg)^^ISO+),,pending,unknown,pending,pending,pending,pending,pending,pending,pending,1,9,review,no dictionary alias; no-rule-matched
PVB-ABDO,infinity,P2 S (mm(hg)^^ISO+),,pending,unknown,pending,pending,pending,pending,pending,pending,pending,1,9,review,no dictionary alias; no-rule-matched
PVB-ABDO,infinity,PEEP (mbar^^ISO+),PEEP,pending,pending,pending,pending,pending,pending,pending,pending,pending,8,2,preexisting,
PVB-ABDO,infinity,PEEP set (mbar^^ISO+),,ventilator_setting,unknown,pending,pending,pending,pending,pending,pending,pending,8,2,classified,domain=ventilator_setting; rule:\bpeep\b; needs signal mapping
PVB-ABDO,infinity,PIP (mbar^^ISO+),,ventilator_setting,unknown,pending,pending,pending,pending,pending,pending,pending,8,2,classified,Infinity param: peak inspiratory pressure; needs signal mapping
PVB-ABDO,infinity,PLS (/min^^ISO+),HR,physiological_signal,unknown,bpm,pending,pending,pending,pending,pending,pending,8,2,alias_exact,
PVB-ABDO,infinity,PPV (%^^ISO+),,pending,unknown,pending,pending,pending,pending,pending,pending,pending,1,9,review,no dictionary alias; no-rule-matched
PVB-ABDO,infinity,PVC/min (/min^^ISO+),,event,unknown,pending,pending,pending,pending,pending,pending,pending,8,2,classified,Infinity param: premature ventricular contractions per min; needs signal mapping
PVB-ABDO,infinity,Pamb (mbar^^ISO+),,pending,unknown,pending,pending,pending,pending,pending,pending,pending,8,2,review,no dictionary alias; no-rule-matched
PVB-ABDO,infinity,Patient Category (^^ISO+),,metadata,unknown,pending,pending,pending,pending,pending,pending,pending,8,2,classified,domain=metadata; rule:\bpatient categor; needs signal mapping
PVB-ABDO,infinity,Pmax set (mbar^^ISO+),,ventilator_setting,unknown,pending,pending,pending,pending,pending,pending,pending,8,2,classified,Infinity param: max pressure setting; needs signal mapping
PVB-ABDO,infinity,Pmean (mbar^^ISO+),,ventilator_setting,unknown,pending,pending,pending,pending,pending,pending,pending,8,2,classified,Infinity param: mean airway pressure; needs signal mapping
PVB-ABDO,infinity,Pplat (mbar^^ISO+),,ventilator_setting,unknown,pending,pending,pending,pending,pending,pending,pending,8,2,classified,Infinity param: plateau pressure; needs signal mapping
PVB-ABDO,infinity,Pulse width (us^^ISO+),,pending,unknown,pending,pending,pending,pending,pending,pending,pending,1,9,review,no dictionary alias; no-rule-matched
PVB-ABDO,infinity,R (mbar.s/L^^ISO+),,pending,unknown,pending,pending,pending,pending,pending,pending,pending,8,2,review,no dictionary alias; no-rule-matched
PVB-ABDO,infinity,RR (/min^^ISO+),,pending,unknown,pending,pending,pending,pending,pending,pending,pending,8,2,review,candidate dictionary entry: respiratory rate
PVB-ABDO,infinity,RR set (/min^^ISO+),,ventilator_setting,unknown,pending,pending,pending,pending,pending,pending,pending,8,2,classified,Infinity param: respiratory rate setting; needs signal mapping
PVB-ABDO,infinity,RRc (/min^^ISO+),,ventilator_setting,unknown,pending,pending,pending,pending,pending,pending,pending,8,2,classified,Infinity param: respiratory rate control? verify; needs signal mapping
PVB-ABDO,infinity,RRf (/min^^ISO+),,pending,unknown,pending,pending,pending,pending,pending,pending,pending,8,2,review,no dictionary alias; no-rule-matched
PVB-ABDO,infinity,RRmand (/min^^ISO+),,ventilator_setting,unknown,pending,pending,pending,pending,pending,pending,pending,8,2,classified,Infinity param: mandatory respiratory rate; needs signal mapping
PVB-ABDO,infinity,RRp (/min^^ISO+),,ventilator_setting,unknown,pending,pending,pending,pending,pending,pending,pending,8,2,classified,Infinity param: respiratory rate parameter; needs signal mapping
PVB-ABDO,infinity,RRspon (/min^^ISO+),,ventilator_setting,unknown,pending,pending,pending,pending,pending,pending,pending,8,2,classified,Infinity param: spontaneous respiratory rate; needs signal mapping
PVB-ABDO,infinity,STANDBY (^^ISO+),,metadata,unknown,pending,pending,pending,pending,pending,pending,pending,7,3,classified,Infinity param: ventilator standby state; needs signal mapping
PVB-ABDO,infinity,STI (mm^^ISO+),,physiological_signal,unknown,pending,pending,pending,pending,pending,pending,pending,8,2,classified,Infinity param: ST lead I; needs signal mapping
PVB-ABDO,infinity,STII (mm^^ISO+),,physiological_signal,unknown,pending,pending,pending,pending,pending,pending,pending,8,2,classified,Infinity param: ST lead II; needs signal mapping
PVB-ABDO,infinity,STIII (mm^^ISO+),,physiological_signal,unknown,pending,pending,pending,pending,pending,pending,pending,8,2,classified,Infinity param: ST lead III; needs signal mapping
PVB-ABDO,infinity,STV (mm^^ISO+),,physiological_signal,unknown,pending,pending,pending,pending,pending,pending,pending,8,2,classified,Infinity param: ST segment value? verify lead; needs signal mapping
PVB-ABDO,infinity,STV+ (),,physiological_signal,unknown,pending,pending,pending,pending,pending,pending,pending,1,9,classified,Infinity param: ST segment value? verify lead; needs signal mapping
PVB-ABDO,infinity,STV+ (mm^^ISO+),,physiological_signal,unknown,pending,pending,pending,pending,pending,pending,pending,8,2,classified,Infinity param: ST segment value? verify lead; needs signal mapping
PVB-ABDO,infinity,STaVF (mm^^ISO+),,physiological_signal,unknown,pending,pending,pending,pending,pending,pending,pending,8,2,classified,Infinity param: ST aVF; needs signal mapping
PVB-ABDO,infinity,STaVL (mm^^ISO+),,physiological_signal,unknown,pending,pending,pending,pending,pending,pending,pending,8,2,classified,Infinity param: ST aVL; needs signal mapping
PVB-ABDO,infinity,STaVR (mm^^ISO+),,physiological_signal,unknown,pending,pending,pending,pending,pending,pending,pending,8,2,classified,Infinity param: ST aVR; needs signal mapping
PVB-ABDO,infinity,Selected agent unit (^^ISO+),,anesthesia_setting,unknown,pending,pending,pending,pending,pending,pending,pending,8,2,classified,domain=anesthesia_setting; rule:\bagent\b; needs signal mapping
PVB-ABDO,infinity,Sev cons (mL^^ISO+),,ventilator_setting_extra,unknown,pending,pending,pending,pending,pending,pending,pending,8,2,classified,domain=ventilator_setting_extra; rule:\bcons\b; needs signal mapping
PVB-ABDO,infinity,Sev tot (mL^^ISO+),,ventilator_setting_extra,unknown,pending,pending,pending,pending,pending,pending,pending,8,2,classified,domain=ventilator_setting_extra; rule:\btot\b; needs signal mapping
PVB-ABDO,infinity,Slope set (s^^ISO+),,ventilator_setting,unknown,pending,pending,pending,pending,pending,pending,pending,8,2,classified,Infinity param: pressure slope setting; needs signal mapping
PVB-ABDO,infinity,SpO2 (%^^ISO+),SPO2,pending,pending,pending,pending,pending,pending,pending,pending,pending,8,2,preexisting,
PVB-ABDO,infinity,Stim current (ma^^ISO+),,pending,unknown,pending,pending,pending,pending,pending,pending,pending,1,9,review,no dictionary alias; no-rule-matched
PVB-ABDO,infinity,TC (s^^ISO+),,pending,unknown,pending,pending,pending,pending,pending,pending,pending,8,2,review,no dictionary alias; no-rule-matched
PVB-ABDO,infinity,TOF-Cnt (^^ISO+),,pending,unknown,pending,pending,pending,pending,pending,pending,pending,1,9,review,no dictionary alias; no-rule-matched
PVB-ABDO,infinity,TOF-Ratio (%^^ISO+),,pending,unknown,pending,pending,pending,pending,pending,pending,pending,1,9,review,no dictionary alias; no-rule-matched
PVB-ABDO,infinity,Ta (cel^^ISO+),TEMP,pending,pending,pending,pending,pending,pending,pending,pending,pending,8,2,preexisting,
PVB-ABDO,infinity,Tb (cel^^ISO+),TEMP,physiological_signal,unknown,celsius,pending,pending,pending,pending,pending,pending,8,2,alias_exact,
PVB-ABDO,infinity,Tcase (min^^ISO+),,metadata,unknown,pending,pending,pending,pending,pending,pending,pending,8,2,classified,Infinity param: test/case marker? verify; needs signal mapping
PVB-ABDO,infinity,Ti set (s^^ISO+),,pending,unknown,pending,pending,pending,pending,pending,pending,pending,8,2,review,no dictionary alias; no-rule-matched
PVB-ABDO,infinity,V'CO2 (mL/min^^ISO+),,pending,unknown,pending,pending,pending,pending,pending,pending,pending,8,2,review,no dictionary alias; no-rule-matched
PVB-ABDO,infinity,V'O2 (0.01 L/min^^ISO+),,physiological_signal,unknown,pending,pending,pending,pending,pending,pending,pending,8,2,classified,Infinity param: O2 consumption? verify; needs signal mapping
PVB-ABDO,infinity,VENT TYPE (),,pending,unknown,pending,pending,pending,pending,pending,pending,pending,10,0,review,no dictionary alias; no-rule-matched
PVB-ABDO,infinity,VT (mL^^ISO+),TV,physiological_signal,unknown,mL,pending,pending,pending,pending,pending,pending,8,2,alias_base,
PVB-ABDO,infinity,VTe (mL^^ISO+),TV,pending,pending,pending,pending,pending,pending,pending,pending,pending,8,2,preexisting,
PVB-ABDO,infinity,VTemand (mL^^ISO+),,ventilator_setting,unknown,pending,pending,pending,pending,pending,pending,pending,8,2,classified,Infinity param: mandatory tidal volume; needs signal mapping
PVB-ABDO,infinity,VTespon (mL^^ISO+),,ventilator_setting,unknown,pending,pending,pending,pending,pending,pending,pending,8,2,classified,Infinity param: spontaneous tidal volume; needs signal mapping
PVB-ABDO,infinity,VTi (mL^^ISO+),,pending,unknown,pending,pending,pending,pending,pending,pending,pending,8,2,review,no dictionary alias; no-rule-matched
PVB-ABDO,infinity,VTi set (mL^^ISO+),,pending,unknown,pending,pending,pending,pending,pending,pending,pending,8,2,review,no dictionary alias; no-rule-matched
PVB-ABDO,infinity,VTimand (mL^^ISO+),,pending,unknown,pending,pending,pending,pending,pending,pending,pending,8,2,review,no dictionary alias; no-rule-matched
PVB-ABDO,infinity,VTispon (mL^^ISO+),,pending,unknown,pending,pending,pending,pending,pending,pending,pending,8,2,review,no dictionary alias; no-rule-matched
PVB-ABDO,infinity,Vent. mode (^^ISO+),,ventilator_setting,unknown,pending,pending,pending,pending,pending,pending,pending,8,2,classified,Infinity param: ventilation mode; needs signal mapping
PVB-ABDO,infinity,Weight (kg^^ISO+),,demographic,unknown,pending,pending,pending,pending,pending,pending,pending,8,2,classified,domain=demographic; rule:\bweight\b; needs signal mapping
PVB-ABDO,infinity,dT (cel^^ISO+),,pending,unknown,pending,pending,pending,pending,pending,pending,pending,8,2,review,no dictionary alias; no-rule-matched
PVB-ABDO,infinity,etCO2 (mm(hg)^^ISO+),ETCO2,pending,pending,pending,pending,pending,pending,pending,pending,pending,8,2,preexisting,
PVB-ABDO,infinity,etDes (%^^ISO+),ET_DES,pending,pending,pending,pending,pending,pending,pending,pending,pending,8,2,preexisting,
PVB-ABDO,infinity,etEnf (%^^ISO+),,pending,unknown,pending,pending,pending,pending,pending,pending,pending,8,2,review,no dictionary alias; no-rule-matched
PVB-ABDO,infinity,etHal (%^^ISO+),,pending,unknown,pending,pending,pending,pending,pending,pending,pending,8,2,review,no dictionary alias; no-rule-matched
PVB-ABDO,infinity,etIso (%^^ISO+),,pending,unknown,pending,pending,pending,pending,pending,pending,pending,8,2,review,no dictionary alias; no-rule-matched
PVB-ABDO,infinity,etN2O (%^^ISO+),,physiological_signal,unknown,pending,pending,pending,pending,pending,pending,pending,8,2,classified,Infinity param: end-tidal N2O; needs signal mapping
PVB-ABDO,infinity,etO2 (%^^ISO+),,physiological_signal,unknown,pending,pending,pending,pending,pending,pending,pending,8,2,classified,Infinity param: end-tidal O2; needs signal mapping
PVB-ABDO,infinity,etPrimA (%^^ISO+),,anesthesia_setting,unknown,pending,pending,pending,pending,pending,pending,pending,8,2,classified,Infinity param: end-tidal primary agent? verify; needs signal mapping
PVB-ABDO,infinity,etSecA (%^^ISO+),,anesthesia_setting,unknown,pending,pending,pending,pending,pending,pending,pending,8,2,classified,Infinity param: end-tidal secondary agent? verify; needs signal mapping
PVB-ABDO,infinity,etSev (%^^ISO+),ET_SEVO,pending,pending,pending,pending,pending,pending,pending,pending,pending,8,2,preexisting,
PVB-ABDO,infinity,inCO2 (mm(hg)^^ISO+),,pending,unknown,pending,pending,pending,pending,pending,pending,pending,8,2,review,no dictionary alias; no-rule-matched
PVB-ABDO,infinity,inDes (%^^ISO+),,anesthesia_setting,unknown,pending,pending,pending,pending,pending,pending,pending,8,2,classified,Infinity param: inspired desflurane; needs signal mapping
PVB-ABDO,infinity,inEnf (%^^ISO+),,pending,unknown,pending,pending,pending,pending,pending,pending,pending,8,2,review,no dictionary alias; no-rule-matched
PVB-ABDO,infinity,inHal (%^^ISO+),,anesthesia_setting,unknown,pending,pending,pending,pending,pending,pending,pending,8,2,classified,Infinity param: inspired halothane; needs signal mapping
PVB-ABDO,infinity,inIso (%^^ISO+),,ventilator_setting,unknown,pending,pending,pending,pending,pending,pending,pending,8,2,classified,Infinity param: initial isoflurane? verify; needs signal mapping
PVB-ABDO,infinity,inN2O (%^^ISO+),,pending,unknown,pending,pending,pending,pending,pending,pending,pending,8,2,review,no dictionary alias; no-rule-matched
PVB-ABDO,infinity,inPrimA (%^^ISO+),,anesthesia_setting,unknown,pending,pending,pending,pending,pending,pending,pending,8,2,classified,Infinity param: inspired primary agent? verify; needs signal mapping
PVB-ABDO,infinity,inSecA (%^^ISO+),,pending,unknown,pending,pending,pending,pending,pending,pending,pending,8,2,review,no dictionary alias; no-rule-matched
PVB-ABDO,infinity,inSev (%^^ISO+),,anesthesia_setting,unknown,pending,pending,pending,pending,pending,pending,pending,8,2,classified,Infinity param: inspired sevoflurane; needs signal mapping
PVB-ABDO,infinity,inxMAC (^^ISO+),,anesthesia_setting,unknown,pending,pending,pending,pending,pending,pending,pending,8,2,classified,Infinity param: inspired xMAC; needs signal mapping
PVB-ABDO,infinity,leak BS M/S (mL/min^^ISO+),,ventilator_setting,unknown,pending,pending,pending,pending,pending,pending,pending,8,2,classified,Infinity param: leak; needs signal mapping
PVB-ABDO,infinity,nr,,pending,unknown,pending,pending,pending,pending,pending,pending,pending,10,0,review,no dictionary alias; no-rule-matched
PVB-ABDO,infinity,r2 (^^ISO+),,pending,unknown,pending,pending,pending,pending,pending,pending,pending,8,2,review,no dictionary alias; no-rule-matched
PVB-ABDO,infinity,xMAC (^^ISO+),MAC,pending,pending,pending,pending,pending,pending,pending,pending,pending,8,2,preexisting,
PVB-ABDO,nol,,,event_or_signal,unknown,pending,pending,pending,pending,pending,pending,pending,11,0,review,empty column name in source header; data quality
PVB-ABDO,nol,N/A,,event_or_signal,unknown,pending,pending,pending,pending,pending,pending,pending,11,0,classified,domain=event_or_signal; rule:source=nol; needs signal mapping
SILVR,bettercare,AIR FLOW,,pending,unknown,pending,pending,pending,pending,pending,pending,pending,9,0,review,no dictionary alias; no-rule-matched
SILVR,bettercare,ART M,ART_MEAN,pending,pending,pending,pending,pending,pending,pending,pending,pending,8,1,preexisting,
SILVR,bettercare,ART M Dias,ART_DIA,pending,pending,pending,pending,pending,pending,pending,pending,pending,8,1,preexisting,
SILVR,bettercare,ART M Sys,ART_SYS,pending,pending,pending,pending,pending,pending,pending,pending,pending,8,1,preexisting,
SILVR,bettercare,Annotations,,event,unknown,pending,pending,pending,pending,pending,pending,pending,9,0,classified,domain=event; rule:\bannotation; needs signal mapping
SILVR,bettercare,CO2,,pending,unknown,pending,pending,pending,pending,pending,pending,pending,9,0,review,no dictionary alias; no-rule-matched
SILVR,bettercare,CVP M,CVP,pending,pending,pending,pending,pending,pending,pending,pending,pending,8,1,preexisting,
SILVR,bettercare,ECG I,,pending,unknown,pending,pending,pending,pending,pending,pending,pending,9,0,review,no dictionary alias; no-rule-matched
SILVR,bettercare,ECG II,,pending,unknown,pending,pending,pending,pending,pending,pending,pending,9,0,review,no dictionary alias; no-rule-matched
SILVR,bettercare,ECG III,,pending,unknown,pending,pending,pending,pending,pending,pending,pending,9,0,review,no dictionary alias; no-rule-matched
SILVR,bettercare,ECG V1,,pending,unknown,pending,pending,pending,pending,pending,pending,pending,9,0,review,no dictionary alias; no-rule-matched
SILVR,bettercare,ECG V2,,pending,unknown,pending,pending,pending,pending,pending,pending,pending,9,0,review,no dictionary alias; no-rule-matched
SILVR,bettercare,ECG V3,,pending,unknown,pending,pending,pending,pending,pending,pending,pending,9,0,review,no dictionary alias; no-rule-matched
SILVR,bettercare,ECG V4,,pending,unknown,pending,pending,pending,pending,pending,pending,pending,9,0,review,no dictionary alias; no-rule-matched
SILVR,bettercare,ECG V5,,pending,unknown,pending,pending,pending,pending,pending,pending,pending,9,0,review,no dictionary alias; no-rule-matched
SILVR,bettercare,ECG V6,,pending,unknown,pending,pending,pending,pending,pending,pending,pending,9,0,review,no dictionary alias; no-rule-matched
SILVR,bettercare,ECG aVF,,pending,unknown,pending,pending,pending,pending,pending,pending,pending,9,0,review,no dictionary alias; no-rule-matched
SILVR,bettercare,ECG aVL,,pending,unknown,pending,pending,pending,pending,pending,pending,pending,9,0,review,no dictionary alias; no-rule-matched
SILVR,bettercare,ECG aVR,,pending,unknown,pending,pending,pending,pending,pending,pending,pending,9,0,review,no dictionary alias; no-rule-matched
SILVR,bettercare,HR,HR,pending,pending,pending,pending,pending,pending,pending,pending,pending,8,1,preexisting,
SILVR,bettercare,LA M,,pending,unknown,pending,pending,pending,pending,pending,pending,pending,8,1,review,no dictionary alias; no-rule-matched
SILVR,bettercare,NIBP M,NBP_MEAN,pending,pending,pending,pending,pending,pending,pending,pending,pending,8,1,preexisting,
SILVR,bettercare,PA M,PA_MEAN,pending,pending,pending,pending,pending,pending,pending,pending,pending,8,1,preexisting,
SILVR,bettercare,PA M Dias,PA_DIA,pending,pending,pending,pending,pending,pending,pending,pending,pending,8,1,preexisting,
SILVR,bettercare,PA M Sys,PA_SYS,pending,pending,pending,pending,pending,pending,pending,pending,pending,8,1,preexisting,
SILVR,bettercare,PAD,,pending,unknown,pending,pending,pending,pending,pending,pending,pending,9,0,review,no dictionary alias; no-rule-matched
SILVR,bettercare,PAI,,pending,unknown,pending,pending,pending,pending,pending,pending,pending,9,0,review,no dictionary alias; no-rule-matched
SILVR,bettercare,PAP,,pending,unknown,pending,pending,pending,pending,pending,pending,pending,9,0,review,no dictionary alias; no-rule-matched
SILVR,bettercare,PAW,,pending,unknown,pending,pending,pending,pending,pending,pending,pending,9,0,review,no dictionary alias; no-rule-matched
SILVR,bettercare,PLETH,,pending,unknown,pending,pending,pending,pending,pending,pending,pending,9,0,review,no dictionary alias; no-rule-matched
SILVR,bettercare,PNI,,pending,unknown,pending,pending,pending,pending,pending,pending,pending,9,0,review,no dictionary alias; no-rule-matched
SILVR,bettercare,PRES ART,,pending,unknown,pending,pending,pending,pending,pending,pending,pending,9,0,review,no dictionary alias; no-rule-matched
SILVR,bettercare,PVC,,pending,unknown,pending,pending,pending,pending,pending,pending,pending,9,0,review,no dictionary alias; no-rule-matched
SILVR,bettercare,RA M,,pending,unknown,pending,pending,pending,pending,pending,pending,pending,8,1,review,no dictionary alias; no-rule-matched
SILVR,bettercare,RESP,,pending,unknown,pending,pending,pending,pending,pending,pending,pending,9,0,review,candidate dictionary entry: respiratory (rate or waveform? ambiguous)
SILVR,bettercare,RRc,,ventilator_setting,unknown,pending,pending,pending,pending,pending,pending,pending,8,1,classified,Infinity param: respiratory rate control? verify; needs signal mapping
SILVR,bettercare,SpO2,SPO2,pending,pending,pending,pending,pending,pending,pending,pending,pending,8,1,preexisting,
SILVR,bettercare,Time (msecs),,metadata,unknown,pending,pending,pending,pending,pending,pending,pending,9,0,classified,domain=metadata; rule:\btime\b; needs signal mapping
SILVR,bettercare,VT,TV,pending,pending,pending,pending,pending,pending,pending,pending,pending,9,0,preexisting,
SILVR,bettercare,etCO2,ETCO2,pending,pending,pending,pending,pending,pending,pending,pending,pending,8,1,preexisting,
SILVR,bettercare,peak paw,,pending,unknown,pending,pending,pending,pending,pending,pending,pending,8,1,review,no dictionary alias; no-rule-matched
SILVR,bettercare,vt insp,,pending,unknown,pending,pending,pending,pending,pending,pending,pending,8,1,review,no dictionary alias; no-rule-matched
SILVR,infinity,%PACED (%^^ISO+),,event,unknown,pending,pending,pending,pending,pending,pending,pending,11,8,classified,Infinity param: percent paced beats; needs signal mapping
SILVR,infinity,%PACED (),,event,unknown,pending,pending,pending,pending,pending,pending,pending,1,18,classified,Infinity param: percent paced beats; needs signal mapping
SILVR,infinity,(),,pending,unknown,pending,pending,pending,pending,pending,pending,pending,2,17,review,no dictionary alias; no-rule-matched
SILVR,infinity,2nd Anesthesia gas (^^ISO+),,anesthesia_setting,unknown,pending,pending,pending,pending,pending,pending,pending,11,8,classified,domain=anesthesia_setting; rule:\banesthes; needs signal mapping
SILVR,infinity,ARR (^^ISO+),,pending,unknown,pending,pending,pending,pending,pending,pending,pending,11,8,review,no dictionary alias; no-rule-matched
SILVR,infinity,Age (a^^ISO+),,demographic,unknown,pending,pending,pending,pending,pending,pending,pending,4,15,classified,domain=demographic; rule:\bage\b; needs signal mapping
SILVR,infinity,Air cons (L^^ISO+),,ventilator_setting_extra,unknown,pending,pending,pending,pending,pending,pending,pending,4,15,classified,domain=ventilator_setting_extra; rule:\bcons\b; needs signal mapping
SILVR,infinity,Anesthesia gas (^^ISO+),,anesthesia_setting,unknown,pending,pending,pending,pending,pending,pending,pending,11,8,classified,domain=anesthesia_setting; rule:\banesthes; needs signal mapping
SILVR,infinity,Apn Dur (s^^ISO+),,alarm,unknown,pending,pending,pending,pending,pending,pending,pending,4,15,classified,domain=alarm; rule:\bapn; needs signal mapping
SILVR,infinity,Audio pause (^^ISO+),,alarm,unknown,pending,pending,pending,pending,pending,pending,pending,1,18,classified,domain=alarm; rule:\baudio pause; needs signal mapping
SILVR,infinity,CO2 unit (^^ISO+),,metadata,unknown,pending,pending,pending,pending,pending,pending,pending,11,8,classified,Infinity param: CO2 module identifier; needs signal mapping
SILVR,infinity,Carrier gas (^^ISO+),,anesthesia_setting,unknown,pending,pending,pending,pending,pending,pending,pending,11,8,classified,domain=anesthesia_setting; rule:\bgas\b; needs signal mapping
SILVR,infinity,Cbs+hose (mL/hpa^^ISO+),,ventilator_setting_extra,unknown,pending,pending,pending,pending,pending,pending,pending,4,15,classified,domain=ventilator_setting_extra; rule:\bhose\b; needs signal mapping
SILVR,infinity,Chose (mL/hpa^^ISO+),,ventilator_setting,unknown,pending,pending,pending,pending,pending,pending,pending,4,15,classified,Infinity param: compliance hose? verify; needs signal mapping
SILVR,infinity,DEVICENAME,,demographic,unknown,pending,pending,pending,pending,pending,pending,pending,19,0,classified,domain=demographic; rule:\bdevicename\b; needs signal mapping
SILVR,infinity,DO2 (%^^ISO+),,physiological_signal,unknown,pending,pending,pending,pending,pending,pending,pending,4,15,classified,Infinity param: oxygen delivery? verify; needs signal mapping
SILVR,infinity,Des cons (mL^^ISO+),,ventilator_setting_extra,unknown,pending,pending,pending,pending,pending,pending,pending,4,15,classified,domain=ventilator_setting_extra; rule:\bcons\b; needs signal mapping
SILVR,infinity,Des tot (mL^^ISO+),,ventilator_setting_extra,unknown,pending,pending,pending,pending,pending,pending,pending,4,15,classified,domain=ventilator_setting_extra; rule:\btot\b; needs signal mapping
SILVR,infinity,Device check (^^ISO+),,metadata,unknown,pending,pending,pending,pending,pending,pending,pending,11,8,classified,Infinity param: device self-check flag; needs signal mapping
SILVR,infinity,Enf cons (mL^^ISO+),,ventilator_setting_extra,unknown,pending,pending,pending,pending,pending,pending,pending,4,15,classified,domain=ventilator_setting_extra; rule:\bcons\b; needs signal mapping
SILVR,infinity,Enf tot (mL^^ISO+),,ventilator_setting_extra,unknown,pending,pending,pending,pending,pending,pending,pending,4,15,classified,domain=ventilator_setting_extra; rule:\btot\b; needs signal mapping
SILVR,infinity,FG Des (kpa^^ISO+),,ventilator_setting_extra,unknown,pending,pending,pending,pending,pending,pending,pending,4,15,classified,domain=ventilator_setting_extra; rule:\bfg \b; needs signal mapping
SILVR,infinity,FG Iso (kpa^^ISO+),,ventilator_setting_extra,unknown,pending,pending,pending,pending,pending,pending,pending,4,15,classified,domain=ventilator_setting_extra; rule:\bfg \b; needs signal mapping
SILVR,infinity,FG O2 (%^^ISO+),,ventilator_setting_extra,unknown,pending,pending,pending,pending,pending,pending,pending,4,15,classified,domain=ventilator_setting_extra; rule:\bfg \b; needs signal mapping
SILVR,infinity,FG Sev (kpa^^ISO+),,ventilator_setting_extra,unknown,pending,pending,pending,pending,pending,pending,pending,4,15,classified,domain=ventilator_setting_extra; rule:\bfg \b; needs signal mapping
SILVR,infinity,FG V'Air (mL/min^^ISO+),,ventilator_setting_extra,unknown,pending,pending,pending,pending,pending,pending,pending,4,15,classified,domain=ventilator_setting_extra; rule:\bfg \b; needs signal mapping
SILVR,infinity,FG V'N2O (mL/min^^ISO+),,ventilator_setting_extra,unknown,pending,pending,pending,pending,pending,pending,pending,4,15,classified,domain=ventilator_setting_extra; rule:\bfg \b; needs signal mapping
SILVR,infinity,FG V'O2 (mL/min^^ISO+),,ventilator_setting_extra,unknown,pending,pending,pending,pending,pending,pending,pending,4,15,classified,domain=ventilator_setting_extra; rule:\bfg \b; needs signal mapping
SILVR,infinity,FG flow (mL/min^^ISO+),,ventilator_setting_extra,unknown,pending,pending,pending,pending,pending,pending,pending,4,15,classified,domain=ventilator_setting_extra; rule:\bfg \b; needs signal mapping
SILVR,infinity,FiO2 (%^^ISO+),,ventilator_setting,unknown,pending,pending,pending,pending,pending,pending,pending,11,8,classified,Infinity param: fraction of inspired O2; needs signal mapping
SILVR,infinity,FiO2 (),,ventilator_setting,unknown,pending,pending,pending,pending,pending,pending,pending,1,18,classified,Infinity param: fraction of inspired O2; needs signal mapping
SILVR,infinity,HR (/min^^ISO+),HR,pending,pending,pending,pending,pending,pending,pending,pending,pending,11,8,preexisting,
SILVR,infinity,Hal cons (mL^^ISO+),,ventilator_setting_extra,unknown,pending,pending,pending,pending,pending,pending,pending,4,15,classified,domain=ventilator_setting_extra; rule:\bcons\b; needs signal mapping
SILVR,infinity,Hal tot (mL^^ISO+),,ventilator_setting_extra,unknown,pending,pending,pending,pending,pending,pending,pending,4,15,classified,domain=ventilator_setting_extra; rule:\btot\b; needs signal mapping
SILVR,infinity,Height (cm^^ISO+),,demographic,unknown,pending,pending,pending,pending,pending,pending,pending,4,15,classified,domain=demographic; rule:\bheight\b; needs signal mapping
SILVR,infinity,Iso cons (mL^^ISO+),,ventilator_setting_extra,unknown,pending,pending,pending,pending,pending,pending,pending,4,15,classified,domain=ventilator_setting_extra; rule:\bcons\b; needs signal mapping
SILVR,infinity,Iso tot (mL^^ISO+),,ventilator_setting_extra,unknown,pending,pending,pending,pending,pending,pending,pending,4,15,classified,domain=ventilator_setting_extra; rule:\btot\b; needs signal mapping
SILVR,infinity,Leak BS (mL/min^^ISO+),,ventilator_setting,unknown,pending,pending,pending,pending,pending,pending,pending,4,15,classified,Infinity param: leak (body surface?) verify; needs signal mapping
SILVR,infinity,MV (L/min^^ISO+),,ventilator_setting,unknown,pending,pending,pending,pending,pending,pending,pending,3,16,classified,Infinity param: minute volume; needs signal mapping
SILVR,infinity,MVe (L/min^^ISO+),,ventilator_setting,unknown,pending,pending,pending,pending,pending,pending,pending,11,8,classified,Infinity param: expiratory minute volume; needs signal mapping
SILVR,infinity,MVmand (L/min^^ISO+),,ventilator_setting,unknown,pending,pending,pending,pending,pending,pending,pending,3,16,classified,Infinity param: mandatory minute volume; needs signal mapping
SILVR,infinity,MVspon (L/min^^ISO+),,ventilator_setting,unknown,pending,pending,pending,pending,pending,pending,pending,3,16,classified,Infinity param: spontaneous minute volume; needs signal mapping
SILVR,infinity,N2O cons (L^^ISO+),,ventilator_setting_extra,unknown,pending,pending,pending,pending,pending,pending,pending,4,15,classified,domain=ventilator_setting_extra; rule:\bcons\b; needs signal mapping
SILVR,infinity,NBP D (mm(hg)^^ISO+),NBP_DIA,pending,pending,pending,pending,pending,pending,pending,pending,pending,11,8,preexisting,
SILVR,infinity,NBP M (mm(hg)^^ISO+),NBP_MEAN,pending,pending,pending,pending,pending,pending,pending,pending,pending,11,8,preexisting,
SILVR,infinity,NBP S (mm(hg)^^ISO+),NBP_SYS,pending,pending,pending,pending,pending,pending,pending,pending,pending,11,8,preexisting,
SILVR,infinity,O2 cons (L^^ISO+),,ventilator_setting_extra,unknown,pending,pending,pending,pending,pending,pending,pending,4,15,classified,domain=ventilator_setting_extra; rule:\bcons\b; needs signal mapping
SILVR,infinity,OBSERVATION_DATETIME,,pending,unknown,pending,pending,pending,pending,pending,pending,pending,19,0,review,no dictionary alias; no-rule-matched
SILVR,infinity,PEEP (mbar^^ISO+),PEEP,pending,pending,pending,pending,pending,pending,pending,pending,pending,11,8,preexisting,
SILVR,infinity,PIP (mbar^^ISO+),,ventilator_setting,unknown,pending,pending,pending,pending,pending,pending,pending,11,8,classified,Infinity param: peak inspiratory pressure; needs signal mapping
SILVR,infinity,PLS (/min^^ISO+),HR,physiological_signal,unknown,bpm,pending,pending,pending,pending,pending,pending,11,8,alias_exact,
SILVR,infinity,PVC/min (/min^^ISO+),,event,unknown,pending,pending,pending,pending,pending,pending,pending,11,8,classified,Infinity param: premature ventricular contractions per min; needs signal mapping
SILVR,infinity,Pamb (mbar^^ISO+),,pending,unknown,pending,pending,pending,pending,pending,pending,pending,4,15,review,no dictionary alias; no-rule-matched
SILVR,infinity,Patient Category (^^ISO+),,metadata,unknown,pending,pending,pending,pending,pending,pending,pending,11,8,classified,domain=metadata; rule:\bpatient categor; needs signal mapping
SILVR,infinity,Pmean (mbar^^ISO+),,ventilator_setting,unknown,pending,pending,pending,pending,pending,pending,pending,4,15,classified,Infinity param: mean airway pressure; needs signal mapping
SILVR,infinity,Pplat (mbar^^ISO+),,ventilator_setting,unknown,pending,pending,pending,pending,pending,pending,pending,11,8,classified,Infinity param: plateau pressure; needs signal mapping
SILVR,infinity,RR (/min^^ISO+),,pending,unknown,pending,pending,pending,pending,pending,pending,pending,11,8,review,candidate dictionary entry: respiratory rate
SILVR,infinity,RRc (),,ventilator_setting,unknown,pending,pending,pending,pending,pending,pending,pending,1,18,classified,Infinity param: respiratory rate control? verify; needs signal mapping
SILVR,infinity,RRc (/min^^ISO+),,ventilator_setting,unknown,pending,pending,pending,pending,pending,pending,pending,11,8,classified,Infinity param: respiratory rate control? verify; needs signal mapping
SILVR,infinity,RRf (/min^^ISO+),,pending,unknown,pending,pending,pending,pending,pending,pending,pending,4,15,review,no dictionary alias; no-rule-matched
SILVR,infinity,RRmand (/min^^ISO+),,ventilator_setting,unknown,pending,pending,pending,pending,pending,pending,pending,4,15,classified,Infinity param: mandatory respiratory rate; needs signal mapping
SILVR,infinity,RRp (/min^^ISO+),,ventilator_setting,unknown,pending,pending,pending,pending,pending,pending,pending,4,15,classified,Infinity param: respiratory rate parameter; needs signal mapping
SILVR,infinity,RRspon (/min^^ISO+),,ventilator_setting,unknown,pending,pending,pending,pending,pending,pending,pending,4,15,classified,Infinity param: spontaneous respiratory rate; needs signal mapping
SILVR,infinity,STANDBY (^^ISO+),,metadata,unknown,pending,pending,pending,pending,pending,pending,pending,10,9,classified,Infinity param: ventilator standby state; needs signal mapping
SILVR,infinity,STI (mm^^ISO+),,physiological_signal,unknown,pending,pending,pending,pending,pending,pending,pending,11,8,classified,Infinity param: ST lead I; needs signal mapping
SILVR,infinity,STII (mm^^ISO+),,physiological_signal,unknown,pending,pending,pending,pending,pending,pending,pending,11,8,classified,Infinity param: ST lead II; needs signal mapping
SILVR,infinity,STIII (mm^^ISO+),,physiological_signal,unknown,pending,pending,pending,pending,pending,pending,pending,11,8,classified,Infinity param: ST lead III; needs signal mapping
SILVR,infinity,STV (mm^^ISO+),,physiological_signal,unknown,pending,pending,pending,pending,pending,pending,pending,11,8,classified,Infinity param: ST segment value? verify lead; needs signal mapping
SILVR,infinity,STV+ (mm^^ISO+),,physiological_signal,unknown,pending,pending,pending,pending,pending,pending,pending,10,9,classified,Infinity param: ST segment value? verify lead; needs signal mapping
SILVR,infinity,STaVF (mm^^ISO+),,physiological_signal,unknown,pending,pending,pending,pending,pending,pending,pending,11,8,classified,Infinity param: ST aVF; needs signal mapping
SILVR,infinity,STaVL (mm^^ISO+),,physiological_signal,unknown,pending,pending,pending,pending,pending,pending,pending,11,8,classified,Infinity param: ST aVL; needs signal mapping
SILVR,infinity,STaVR (mm^^ISO+),,physiological_signal,unknown,pending,pending,pending,pending,pending,pending,pending,11,8,classified,Infinity param: ST aVR; needs signal mapping
SILVR,infinity,Sel (),,pending,unknown,pending,pending,pending,pending,pending,pending,pending,1,18,review,no dictionary alias; no-rule-matched
SILVR,infinity,Selected agent unit (^^ISO+),,anesthesia_setting,unknown,pending,pending,pending,pending,pending,pending,pending,11,8,classified,domain=anesthesia_setting; rule:\bagent\b; needs signal mapping
SILVR,infinity,Sev cons (mL^^ISO+),,ventilator_setting_extra,unknown,pending,pending,pending,pending,pending,pending,pending,4,15,classified,domain=ventilator_setting_extra; rule:\bcons\b; needs signal mapping
SILVR,infinity,Sev tot (mL^^ISO+),,ventilator_setting_extra,unknown,pending,pending,pending,pending,pending,pending,pending,4,15,classified,domain=ventilator_setting_extra; rule:\btot\b; needs signal mapping
SILVR,infinity,SpO2 (%^^ISO+),SPO2,pending,pending,pending,pending,pending,pending,pending,pending,pending,11,8,preexisting,
SILVR,infinity,Standby (^^ISO+),,metadata,unknown,pending,pending,pending,pending,pending,pending,pending,1,18,classified,Infinity param: ventilator standby state; needs signal mapping
SILVR,infinity,Tcase (min^^ISO+),,metadata,unknown,pending,pending,pending,pending,pending,pending,pending,4,15,classified,Infinity param: test/case marker? verify; needs signal mapping
SILVR,infinity,V'CO2 (mL/min^^ISO+),,pending,unknown,pending,pending,pending,pending,pending,pending,pending,2,17,review,no dictionary alias; no-rule-matched
SILVR,infinity,V'O2 (0.01 L/min^^ISO+),,physiological_signal,unknown,pending,pending,pending,pending,pending,pending,pending,2,17,classified,Infinity param: O2 consumption? verify; needs signal mapping
SILVR,infinity,VENT (),,pending,unknown,pending,pending,pending,pending,pending,pending,pending,1,18,review,no dictionary alias; no-rule-matched
SILVR,infinity,VENT TYPE (),,pending,unknown,pending,pending,pending,pending,pending,pending,pending,19,0,review,no dictionary alias; no-rule-matched
SILVR,infinity,VT (mL^^ISO+),TV,physiological_signal,unknown,mL,pending,pending,pending,pending,pending,pending,3,16,alias_base,
SILVR,infinity,VTe (mL^^ISO+),TV,pending,pending,pending,pending,pending,pending,pending,pending,pending,11,8,preexisting,
SILVR,infinity,VTemand (mL^^ISO+),,ventilator_setting,unknown,pending,pending,pending,pending,pending,pending,pending,3,16,classified,Infinity param: mandatory tidal volume; needs signal mapping
SILVR,infinity,VTespon (mL^^ISO+),,ventilator_setting,unknown,pending,pending,pending,pending,pending,pending,pending,3,16,classified,Infinity param: spontaneous tidal volume; needs signal mapping
SILVR,infinity,VTi (mL^^ISO+),,pending,unknown,pending,pending,pending,pending,pending,pending,pending,3,16,review,no dictionary alias; no-rule-matched
SILVR,infinity,VTimand (mL^^ISO+),,pending,unknown,pending,pending,pending,pending,pending,pending,pending,3,16,review,no dictionary alias; no-rule-matched
SILVR,infinity,VTispon (mL^^ISO+),,pending,unknown,pending,pending,pending,pending,pending,pending,pending,3,16,review,no dictionary alias; no-rule-matched
SILVR,infinity,Vent. mode (^^ISO+),,ventilator_setting,unknown,pending,pending,pending,pending,pending,pending,pending,1,18,classified,Infinity param: ventilation mode; needs signal mapping
SILVR,infinity,Weight (kg^^ISO+),,demographic,unknown,pending,pending,pending,pending,pending,pending,pending,4,15,classified,domain=demographic; rule:\bweight\b; needs signal mapping
SILVR,infinity,etCO2 (mm(hg)^^ISO+),ETCO2,pending,pending,pending,pending,pending,pending,pending,pending,pending,11,8,preexisting,
SILVR,infinity,etDes (%^^ISO+),ET_DES,pending,pending,pending,pending,pending,pending,pending,pending,pending,4,15,preexisting,
SILVR,infinity,etEnf (%^^ISO+),,pending,unknown,pending,pending,pending,pending,pending,pending,pending,4,15,review,no dictionary alias; no-rule-matched
SILVR,infinity,etHal (%^^ISO+),,pending,unknown,pending,pending,pending,pending,pending,pending,pending,4,15,review,no dictionary alias; no-rule-matched
SILVR,infinity,etIso (%^^ISO+),,pending,unknown,pending,pending,pending,pending,pending,pending,pending,4,15,review,no dictionary alias; no-rule-matched
SILVR,infinity,etN2O (%^^ISO+),,physiological_signal,unknown,pending,pending,pending,pending,pending,pending,pending,4,15,classified,Infinity param: end-tidal N2O; needs signal mapping
SILVR,infinity,etO2 (%^^ISO+),,physiological_signal,unknown,pending,pending,pending,pending,pending,pending,pending,11,8,classified,Infinity param: end-tidal O2; needs signal mapping
SILVR,infinity,etPrimA (%^^ISO+),,anesthesia_setting,unknown,pending,pending,pending,pending,pending,pending,pending,4,15,classified,Infinity param: end-tidal primary agent? verify; needs signal mapping
SILVR,infinity,etSecA (%^^ISO+),,anesthesia_setting,unknown,pending,pending,pending,pending,pending,pending,pending,4,15,classified,Infinity param: end-tidal secondary agent? verify; needs signal mapping
SILVR,infinity,etSev (%^^ISO+),ET_SEVO,pending,pending,pending,pending,pending,pending,pending,pending,pending,4,15,preexisting,
SILVR,infinity,inCO2 (mm(hg)^^ISO+),,pending,unknown,pending,pending,pending,pending,pending,pending,pending,11,8,review,no dictionary alias; no-rule-matched
SILVR,infinity,inDes (%^^ISO+),,anesthesia_setting,unknown,pending,pending,pending,pending,pending,pending,pending,4,15,classified,Infinity param: inspired desflurane; needs signal mapping
SILVR,infinity,inEnf (%^^ISO+),,pending,unknown,pending,pending,pending,pending,pending,pending,pending,4,15,review,no dictionary alias; no-rule-matched
SILVR,infinity,inHal (%^^ISO+),,anesthesia_setting,unknown,pending,pending,pending,pending,pending,pending,pending,4,15,classified,Infinity param: inspired halothane; needs signal mapping
SILVR,infinity,inIso (%^^ISO+),,ventilator_setting,unknown,pending,pending,pending,pending,pending,pending,pending,4,15,classified,Infinity param: initial isoflurane? verify; needs signal mapping
SILVR,infinity,inN2O (%^^ISO+),,pending,unknown,pending,pending,pending,pending,pending,pending,pending,4,15,review,no dictionary alias; no-rule-matched
SILVR,infinity,inPrimA (%^^ISO+),,anesthesia_setting,unknown,pending,pending,pending,pending,pending,pending,pending,4,15,classified,Infinity param: inspired primary agent? verify; needs signal mapping
SILVR,infinity,inSecA (%^^ISO+),,pending,unknown,pending,pending,pending,pending,pending,pending,pending,4,15,review,no dictionary alias; no-rule-matched
SILVR,infinity,inSev (%^^ISO+),,anesthesia_setting,unknown,pending,pending,pending,pending,pending,pending,pending,4,15,classified,Infinity param: inspired sevoflurane; needs signal mapping
SILVR,infinity,inxMAC (^^ISO+),,anesthesia_setting,unknown,pending,pending,pending,pending,pending,pending,pending,4,15,classified,Infinity param: inspired xMAC; needs signal mapping
SILVR,infinity,leak BS M/S (mL/min^^ISO+),,ventilator_setting,unknown,pending,pending,pending,pending,pending,pending,pending,4,15,classified,Infinity param: leak; needs signal mapping
SILVR,infinity,nr,,pending,unknown,pending,pending,pending,pending,pending,pending,pending,19,0,review,no dictionary alias; no-rule-matched
SILVR,infinity,xMAC (^^ISO+),MAC,pending,pending,pending,pending,pending,pending,pending,pending,pending,4,15,preexisting,
SILVR,nol,,,event_or_signal,unknown,pending,pending,pending,pending,pending,pending,pending,17,0,review,empty column name in source header; data quality
SILVR,nol,N/A,,event_or_signal,unknown,pending,pending,pending,pending,pending,pending,pending,17,0,classified,domain=event_or_signal; rule:source=nol; needs signal mapping
SILVR,other_csv,03-Feb-2026 09:43:32.440,,pending,unknown,pending,pending,pending,pending,pending,pending,pending,1,0,review,no dictionary alias; no-rule-matched
SILVR,other_csv,INFO,,pending,unknown,pending,pending,pending,pending,pending,pending,pending,1,0,review,no dictionary alias; no-rule-matched
SILVR,other_csv,Recording started - C:\Medasense\DATA\2026-02-03 0943,,pending,unknown,pending,pending,pending,pending,pending,pending,pending,1,0,review,no dictionary alias; no-rule-matched
V-RAPS,bettercare,AIR FLOW,,pending,unknown,pending,pending,pending,pending,pending,pending,pending,14,0,review,no dictionary alias; no-rule-matched
V-RAPS,bettercare,ART M,ART_MEAN,pending,pending,pending,pending,pending,pending,pending,pending,pending,10,4,preexisting,
V-RAPS,bettercare,ART M Dias,ART_DIA,pending,pending,pending,pending,pending,pending,pending,pending,pending,10,4,preexisting,
V-RAPS,bettercare,ART M Sys,ART_SYS,pending,pending,pending,pending,pending,pending,pending,pending,pending,10,4,preexisting,
V-RAPS,bettercare,Annotations,,event,unknown,pending,pending,pending,pending,pending,pending,pending,14,0,classified,domain=event; rule:\bannotation; needs signal mapping
V-RAPS,bettercare,CO2,,pending,unknown,pending,pending,pending,pending,pending,pending,pending,14,0,review,no dictionary alias; no-rule-matched
V-RAPS,bettercare,CVP M,CVP,pending,pending,pending,pending,pending,pending,pending,pending,pending,10,4,preexisting,
V-RAPS,bettercare,ECG I,,pending,unknown,pending,pending,pending,pending,pending,pending,pending,14,0,review,no dictionary alias; no-rule-matched
V-RAPS,bettercare,ECG II,,pending,unknown,pending,pending,pending,pending,pending,pending,pending,14,0,review,no dictionary alias; no-rule-matched
V-RAPS,bettercare,ECG III,,pending,unknown,pending,pending,pending,pending,pending,pending,pending,14,0,review,no dictionary alias; no-rule-matched
V-RAPS,bettercare,ECG V1,,pending,unknown,pending,pending,pending,pending,pending,pending,pending,14,0,review,no dictionary alias; no-rule-matched
V-RAPS,bettercare,ECG V2,,pending,unknown,pending,pending,pending,pending,pending,pending,pending,14,0,review,no dictionary alias; no-rule-matched
V-RAPS,bettercare,ECG V3,,pending,unknown,pending,pending,pending,pending,pending,pending,pending,14,0,review,no dictionary alias; no-rule-matched
V-RAPS,bettercare,ECG V4,,pending,unknown,pending,pending,pending,pending,pending,pending,pending,14,0,review,no dictionary alias; no-rule-matched
V-RAPS,bettercare,ECG V5,,pending,unknown,pending,pending,pending,pending,pending,pending,pending,14,0,review,no dictionary alias; no-rule-matched
V-RAPS,bettercare,ECG V6,,pending,unknown,pending,pending,pending,pending,pending,pending,pending,14,0,review,no dictionary alias; no-rule-matched
V-RAPS,bettercare,ECG aVF,,pending,unknown,pending,pending,pending,pending,pending,pending,pending,14,0,review,no dictionary alias; no-rule-matched
V-RAPS,bettercare,ECG aVL,,pending,unknown,pending,pending,pending,pending,pending,pending,pending,14,0,review,no dictionary alias; no-rule-matched
V-RAPS,bettercare,ECG aVR,,pending,unknown,pending,pending,pending,pending,pending,pending,pending,14,0,review,no dictionary alias; no-rule-matched
V-RAPS,bettercare,HR,HR,pending,pending,pending,pending,pending,pending,pending,pending,pending,10,4,preexisting,
V-RAPS,bettercare,LA M,,pending,unknown,pending,pending,pending,pending,pending,pending,pending,10,4,review,no dictionary alias; no-rule-matched
V-RAPS,bettercare,NIBP M,NBP_MEAN,pending,pending,pending,pending,pending,pending,pending,pending,pending,10,4,preexisting,
V-RAPS,bettercare,PA M,PA_MEAN,pending,pending,pending,pending,pending,pending,pending,pending,pending,10,4,preexisting,
V-RAPS,bettercare,PA M Dias,PA_DIA,pending,pending,pending,pending,pending,pending,pending,pending,pending,10,4,preexisting,
V-RAPS,bettercare,PA M Sys,PA_SYS,pending,pending,pending,pending,pending,pending,pending,pending,pending,10,4,preexisting,
V-RAPS,bettercare,PAD,,pending,unknown,pending,pending,pending,pending,pending,pending,pending,14,0,review,no dictionary alias; no-rule-matched
V-RAPS,bettercare,PAI,,pending,unknown,pending,pending,pending,pending,pending,pending,pending,14,0,review,no dictionary alias; no-rule-matched
V-RAPS,bettercare,PAP,,pending,unknown,pending,pending,pending,pending,pending,pending,pending,14,0,review,no dictionary alias; no-rule-matched
V-RAPS,bettercare,PAW,,pending,unknown,pending,pending,pending,pending,pending,pending,pending,14,0,review,no dictionary alias; no-rule-matched
V-RAPS,bettercare,PLETH,,pending,unknown,pending,pending,pending,pending,pending,pending,pending,14,0,review,no dictionary alias; no-rule-matched
V-RAPS,bettercare,PNI,,pending,unknown,pending,pending,pending,pending,pending,pending,pending,14,0,review,no dictionary alias; no-rule-matched
V-RAPS,bettercare,PRES ART,,pending,unknown,pending,pending,pending,pending,pending,pending,pending,14,0,review,no dictionary alias; no-rule-matched
V-RAPS,bettercare,PVC,,pending,unknown,pending,pending,pending,pending,pending,pending,pending,14,0,review,no dictionary alias; no-rule-matched
V-RAPS,bettercare,RA M,,pending,unknown,pending,pending,pending,pending,pending,pending,pending,10,4,review,no dictionary alias; no-rule-matched
V-RAPS,bettercare,RESP,,pending,unknown,pending,pending,pending,pending,pending,pending,pending,14,0,review,candidate dictionary entry: respiratory (rate or waveform? ambiguous)
V-RAPS,bettercare,RRc,,ventilator_setting,unknown,pending,pending,pending,pending,pending,pending,pending,10,4,classified,Infinity param: respiratory rate control? verify; needs signal mapping
V-RAPS,bettercare,SpO2,SPO2,pending,pending,pending,pending,pending,pending,pending,pending,pending,10,4,preexisting,
V-RAPS,bettercare,Time (msecs),,metadata,unknown,pending,pending,pending,pending,pending,pending,pending,14,0,classified,domain=metadata; rule:\btime\b; needs signal mapping
V-RAPS,bettercare,VT,TV,pending,pending,pending,pending,pending,pending,pending,pending,pending,14,0,preexisting,
V-RAPS,bettercare,etCO2,ETCO2,pending,pending,pending,pending,pending,pending,pending,pending,pending,10,4,preexisting,
V-RAPS,bettercare,peak paw,,pending,unknown,pending,pending,pending,pending,pending,pending,pending,10,4,review,no dictionary alias; no-rule-matched
V-RAPS,bettercare,vt insp,,pending,unknown,pending,pending,pending,pending,pending,pending,pending,10,4,review,no dictionary alias; no-rule-matched
V-RAPS,infinity,%PACED (%^^ISO+),,event,unknown,pending,pending,pending,pending,pending,pending,pending,24,4,classified,Infinity param: percent paced beats; needs signal mapping
V-RAPS,infinity,2nd Anesthesia gas (^^ISO+),,anesthesia_setting,unknown,pending,pending,pending,pending,pending,pending,pending,24,4,classified,domain=anesthesia_setting; rule:\banesthes; needs signal mapping
V-RAPS,infinity,ARR (^^ISO+),,pending,unknown,pending,pending,pending,pending,pending,pending,pending,23,5,review,no dictionary alias; no-rule-matched
V-RAPS,infinity,Age (a^^ISO+),,demographic,unknown,pending,pending,pending,pending,pending,pending,pending,23,5,classified,domain=demographic; rule:\bage\b; needs signal mapping
V-RAPS,infinity,Air cons (L^^ISO+),,ventilator_setting_extra,unknown,pending,pending,pending,pending,pending,pending,pending,23,5,classified,domain=ventilator_setting_extra; rule:\bcons\b; needs signal mapping
V-RAPS,infinity,Anesth (),,pending,unknown,pending,pending,pending,pending,pending,pending,pending,1,27,review,no dictionary alias; no-rule-matched
V-RAPS,infinity,Anesthesia gas (^^ISO+),,anesthesia_setting,unknown,pending,pending,pending,pending,pending,pending,pending,24,4,classified,domain=anesthesia_setting; rule:\banesthes; needs signal mapping
V-RAPS,infinity,Apn Dur (s^^ISO+),,alarm,unknown,pending,pending,pending,pending,pending,pending,pending,23,5,classified,domain=alarm; rule:\bapn; needs signal mapping
V-RAPS,infinity,Audio pause (^^ISO+),,alarm,unknown,pending,pending,pending,pending,pending,pending,pending,8,20,classified,domain=alarm; rule:\baudio pause; needs signal mapping
V-RAPS,infinity,CO2 unit (^^ISO+),,metadata,unknown,pending,pending,pending,pending,pending,pending,pending,24,4,classified,Infinity param: CO2 module identifier; needs signal mapping
V-RAPS,infinity,Carrier gas (^^ISO+),,anesthesia_setting,unknown,pending,pending,pending,pending,pending,pending,pending,24,4,classified,domain=anesthesia_setting; rule:\bgas\b; needs signal mapping
V-RAPS,infinity,Cbs+hose (mL/hpa^^ISO+),,ventilator_setting_extra,unknown,pending,pending,pending,pending,pending,pending,pending,23,5,classified,domain=ventilator_setting_extra; rule:\bhose\b; needs signal mapping
V-RAPS,infinity,Cdyn (L/bar^^ISO+),,pending,unknown,pending,pending,pending,pending,pending,pending,pending,1,27,review,no dictionary alias; no-rule-matched
V-RAPS,infinity,Chose (),,ventilator_setting,unknown,pending,pending,pending,pending,pending,pending,pending,1,27,classified,Infinity param: compliance hose? verify; needs signal mapping
V-RAPS,infinity,Chose (m),,ventilator_setting,unknown,pending,pending,pending,pending,pending,pending,pending,1,27,classified,Infinity param: compliance hose? verify; needs signal mapping
V-RAPS,infinity,Chose (mL/hpa^^ISO+),,ventilator_setting,unknown,pending,pending,pending,pending,pending,pending,pending,23,5,classified,Infinity param: compliance hose? verify; needs signal mapping
V-RAPS,infinity,DEVICENAME,,demographic,unknown,pending,pending,pending,pending,pending,pending,pending,28,0,classified,domain=demographic; rule:\bdevicename\b; needs signal mapping
V-RAPS,infinity,DO2 (%^^ISO+),,physiological_signal,unknown,pending,pending,pending,pending,pending,pending,pending,22,6,classified,Infinity param: oxygen delivery? verify; needs signal mapping
V-RAPS,infinity,DPsupp set (mbar^^ISO+),,ventilator_setting_extra,unknown,pending,pending,pending,pending,pending,pending,pending,1,27,classified,domain=ventilator_setting_extra; rule:\bdpsupp\b; needs signal mapping
V-RAPS,infinity,Des cons (mL^^ISO+),,ventilator_setting_extra,unknown,pending,pending,pending,pending,pending,pending,pending,23,5,classified,domain=ventilator_setting_extra; rule:\bcons\b; needs signal mapping
V-RAPS,infinity,Des tot (mL^^ISO+),,ventilator_setting_extra,unknown,pending,pending,pending,pending,pending,pending,pending,23,5,classified,domain=ventilator_setting_extra; rule:\btot\b; needs signal mapping
V-RAPS,infinity,Device check (^^ISO+),,metadata,unknown,pending,pending,pending,pending,pending,pending,pending,24,4,classified,Infinity param: device self-check flag; needs signal mapping
V-RAPS,infinity,E (mbar/L^^ISO+),,ventilator_setting,unknown,pending,pending,pending,pending,pending,pending,pending,1,27,classified,Infinity param: elastance; needs signal mapping
V-RAPS,infinity,En (),,pending,unknown,pending,pending,pending,pending,pending,pending,pending,1,27,review,no dictionary alias; no-rule-matched
V-RAPS,infinity,Enf cons (mL^^ISO+),,ventilator_setting_extra,unknown,pending,pending,pending,pending,pending,pending,pending,23,5,classified,domain=ventilator_setting_extra; rule:\bcons\b; needs signal mapping
V-RAPS,infinity,Enf tot (mL^^ISO+),,ventilator_setting_extra,unknown,pending,pending,pending,pending,pending,pending,pending,23,5,classified,domain=ventilator_setting_extra; rule:\btot\b; needs signal mapping
V-RAPS,infinity,FG Des (),,ventilator_setting_extra,unknown,pending,pending,pending,pending,pending,pending,pending,1,27,classified,domain=ventilator_setting_extra; rule:\bfg \b; needs signal mapping
V-RAPS,infinity,FG Des (kpa^^ISO+),,ventilator_setting_extra,unknown,pending,pending,pending,pending,pending,pending,pending,23,5,classified,domain=ventilator_setting_extra; rule:\bfg \b; needs signal mapping
V-RAPS,infinity,FG Iso (kpa^^ISO+),,ventilator_setting_extra,unknown,pending,pending,pending,pending,pending,pending,pending,23,5,classified,domain=ventilator_setting_extra; rule:\bfg \b; needs signal mapping
V-RAPS,infinity,FG O2 (%^^ISO+),,ventilator_setting_extra,unknown,pending,pending,pending,pending,pending,pending,pending,23,5,classified,domain=ventilator_setting_extra; rule:\bfg \b; needs signal mapping
V-RAPS,infinity,FG Sev (kpa^^ISO+),,ventilator_setting_extra,unknown,pending,pending,pending,pending,pending,pending,pending,23,5,classified,domain=ventilator_setting_extra; rule:\bfg \b; needs signal mapping
V-RAPS,infinity,FG V'Air (mL/min^^ISO+),,ventilator_setting_extra,unknown,pending,pending,pending,pending,pending,pending,pending,23,5,classified,domain=ventilator_setting_extra; rule:\bfg \b; needs signal mapping
V-RAPS,infinity,FG V'N2O (mL/min^^ISO+),,ventilator_setting_extra,unknown,pending,pending,pending,pending,pending,pending,pending,23,5,classified,domain=ventilator_setting_extra; rule:\bfg \b; needs signal mapping
V-RAPS,infinity,FG V'O2 (mL/min^^ISO+),,ventilator_setting_extra,unknown,pending,pending,pending,pending,pending,pending,pending,23,5,classified,domain=ventilator_setting_extra; rule:\bfg \b; needs signal mapping
V-RAPS,infinity,FG flow (mL/min^^ISO+),,ventilator_setting_extra,unknown,pending,pending,pending,pending,pending,pending,pending,23,5,classified,domain=ventilator_setting_extra; rule:\bfg \b; needs signal mapping
V-RAPS,infinity,FiO2 (%^^ISO+),,ventilator_setting,unknown,pending,pending,pending,pending,pending,pending,pending,24,4,classified,Infinity param: fraction of inspired O2; needs signal mapping
V-RAPS,infinity,Flow trigger set (L/min^^ISO+),,pending,unknown,pending,pending,pending,pending,pending,pending,pending,1,27,review,no dictionary alias; no-rule-matched
V-RAPS,infinity,HR (),HR,physiological_signal,parameter,bpm,pending,pending,pending,pending,pending,pending,1,27,alias_base,
V-RAPS,infinity,HR (/min^^ISO+),HR,pending,pending,pending,pending,pending,pending,pending,pending,pending,24,4,preexisting,
V-RAPS,infinity,Hal cons (mL^^ISO+),,ventilator_setting_extra,unknown,pending,pending,pending,pending,pending,pending,pending,23,5,classified,domain=ventilator_setting_extra; rule:\bcons\b; needs signal mapping
V-RAPS,infinity,Hal tot (),,ventilator_setting_extra,unknown,pending,pending,pending,pending,pending,pending,pending,1,27,classified,domain=ventilator_setting_extra; rule:\btot\b; needs signal mapping
V-RAPS,infinity,Hal tot (mL^^ISO+),,ventilator_setting_extra,unknown,pending,pending,pending,pending,pending,pending,pending,23,5,classified,domain=ventilator_setting_extra; rule:\btot\b; needs signal mapping
V-RAPS,infinity,Height (cm^^ISO+),,demographic,unknown,pending,pending,pending,pending,pending,pending,pending,23,5,classified,domain=demographic; rule:\bheight\b; needs signal mapping
V-RAPS,infinity,Insp. term. set (%(PIF)^^ISO+),,ventilator_setting,unknown,pending,pending,pending,pending,pending,pending,pending,1,27,classified,Infinity param: inspiratory termination setting; needs signal mapping
V-RAPS,infinity,Iso cons (),,ventilator_setting_extra,unknown,pending,pending,pending,pending,pending,pending,pending,1,27,classified,domain=ventilator_setting_extra; rule:\bcons\b; needs signal mapping
V-RAPS,infinity,Iso cons (mL^^ISO+),,ventilator_setting_extra,unknown,pending,pending,pending,pending,pending,pending,pending,23,5,classified,domain=ventilator_setting_extra; rule:\bcons\b; needs signal mapping
V-RAPS,infinity,Iso tot (mL^^ISO+),,ventilator_setting_extra,unknown,pending,pending,pending,pending,pending,pending,pending,23,5,classified,domain=ventilator_setting_extra; rule:\btot\b; needs signal mapping
V-RAPS,infinity,Leak BS (mL/min^^ISO+),,ventilator_setting,unknown,pending,pending,pending,pending,pending,pending,pending,23,5,classified,Infinity param: leak (body surface?) verify; needs signal mapping
V-RAPS,infinity,MV (L/min^^ISO+),,ventilator_setting,unknown,pending,pending,pending,pending,pending,pending,pending,23,5,classified,Infinity param: minute volume; needs signal mapping
V-RAPS,infinity,MVe (L/min^^IS),,ventilator_setting,unknown,pending,pending,pending,pending,pending,pending,pending,1,27,classified,Infinity param: expiratory minute volume; needs signal mapping
V-RAPS,infinity,MVe (L/min^^ISO+),,ventilator_setting,unknown,pending,pending,pending,pending,pending,pending,pending,24,4,classified,Infinity param: expiratory minute volume; needs signal mapping
V-RAPS,infinity,MVmand (L/min^^ISO+),,ventilator_setting,unknown,pending,pending,pending,pending,pending,pending,pending,23,5,classified,Infinity param: mandatory minute volume; needs signal mapping
V-RAPS,infinity,MVspon (L/min^^ISO+),,ventilator_setting,unknown,pending,pending,pending,pending,pending,pending,pending,23,5,classified,Infinity param: spontaneous minute volume; needs signal mapping
V-RAPS,infinity,N2O c (),,pending,unknown,pending,pending,pending,pending,pending,pending,pending,1,27,review,no dictionary alias; no-rule-matched
V-RAPS,infinity,N2O cons (L^^ISO+),,ventilator_setting_extra,unknown,pending,pending,pending,pending,pending,pending,pending,23,5,classified,domain=ventilator_setting_extra; rule:\bcons\b; needs signal mapping
V-RAPS,infinity,NBP D (mm(hg)^^ISO+),NBP_DIA,pending,pending,pending,pending,pending,pending,pending,pending,pending,24,4,preexisting,
V-RAPS,infinity,NBP M (mm(hg)^^ISO+),NBP_MEAN,pending,pending,pending,pending,pending,pending,pending,pending,pending,24,4,preexisting,
V-RAPS,infinity,NBP S (mm(hg)^^ISO+),NBP_SYS,pending,pending,pending,pending,pending,pending,pending,pending,pending,24,4,preexisting,
V-RAPS,infinity,O2 cons (L^^ISO+),,ventilator_setting_extra,unknown,pending,pending,pending,pending,pending,pending,pending,23,5,classified,domain=ventilator_setting_extra; rule:\bcons\b; needs signal mapping
V-RAPS,infinity,OBSERVATION_DATETIME,,pending,unknown,pending,pending,pending,pending,pending,pending,pending,28,0,review,no dictionary alias; no-rule-matched
V-RAPS,infinity,PEEP (),PEEP,physiological_signal,unknown,cmH2O,pending,pending,pending,pending,pending,pending,1,27,alias_base,
V-RAPS,infinity,PEEP (mbar^^ISO+),PEEP,pending,pending,pending,pending,pending,pending,pending,pending,pending,24,4,preexisting,
V-RAPS,infinity,PEEP set (mbar^^ISO+),,ventilator_setting,unknown,pending,pending,pending,pending,pending,pending,pending,1,27,classified,domain=ventilator_setting; rule:\bpeep\b; needs signal mapping
V-RAPS,infinity,PIP (mbar^^ISO+),,ventilator_setting,unknown,pending,pending,pending,pending,pending,pending,pending,24,4,classified,Infinity param: peak inspiratory pressure; needs signal mapping
V-RAPS,infinity,PLS (/min^^ISO+),HR,physiological_signal,unknown,bpm,pending,pending,pending,pending,pending,pending,24,4,alias_exact,
V-RAPS,infinity,PPV (%^^ISO+),,pending,unknown,pending,pending,pending,pending,pending,pending,pending,1,27,review,no dictionary alias; no-rule-matched
V-RAPS,infinity,PVC/min (/min^^ISO+),,event,unknown,pending,pending,pending,pending,pending,pending,pending,23,5,classified,Infinity param: premature ventricular contractions per min; needs signal mapping
V-RAPS,infinity,Pamb (mbar^^ISO+),,pending,unknown,pending,pending,pending,pending,pending,pending,pending,23,5,review,no dictionary alias; no-rule-matched
V-RAPS,infinity,Patient Category (^^ISO+),,metadata,unknown,pending,pending,pending,pending,pending,pending,pending,24,4,classified,domain=metadata; rule:\bpatient categor; needs signal mapping
V-RAPS,infinity,Pmax set (mbar^^ISO+),,ventilator_setting,unknown,pending,pending,pending,pending,pending,pending,pending,1,27,classified,Infinity param: max pressure setting; needs signal mapping
V-RAPS,infinity,Pmean (mbar^^ISO+),,ventilator_setting,unknown,pending,pending,pending,pending,pending,pending,pending,23,5,classified,Infinity param: mean airway pressure; needs signal mapping
V-RAPS,infinity,Pplat (mbar^^ISO+),,ventilator_setting,unknown,pending,pending,pending,pending,pending,pending,pending,24,4,classified,Infinity param: plateau pressure; needs signal mapping
V-RAPS,infinity,R (mbar.s/L^^ISO+),,pending,unknown,pending,pending,pending,pending,pending,pending,pending,1,27,review,no dictionary alias; no-rule-matched
V-RAPS,infinity,RR (/min^^ISO+),,pending,unknown,pending,pending,pending,pending,pending,pending,pending,24,4,review,candidate dictionary entry: respiratory rate
V-RAPS,infinity,RR set (/min^^ISO+),,ventilator_setting,unknown,pending,pending,pending,pending,pending,pending,pending,1,27,classified,Infinity param: respiratory rate setting; needs signal mapping
V-RAPS,infinity,RRc (/min^^ISO+),,ventilator_setting,unknown,pending,pending,pending,pending,pending,pending,pending,24,4,classified,Infinity param: respiratory rate control? verify; needs signal mapping
V-RAPS,infinity,RRf (/min^^ISO+),,pending,unknown,pending,pending,pending,pending,pending,pending,pending,23,5,review,no dictionary alias; no-rule-matched
V-RAPS,infinity,RRmand (),,ventilator_setting,unknown,pending,pending,pending,pending,pending,pending,pending,2,26,classified,Infinity param: mandatory respiratory rate; needs signal mapping
V-RAPS,infinity,RRmand (/min^^ISO+),,ventilator_setting,unknown,pending,pending,pending,pending,pending,pending,pending,23,5,classified,Infinity param: mandatory respiratory rate; needs signal mapping
V-RAPS,infinity,RRp (/min^^ISO+),,ventilator_setting,unknown,pending,pending,pending,pending,pending,pending,pending,23,5,classified,Infinity param: respiratory rate parameter; needs signal mapping
V-RAPS,infinity,RRspon (/min^^ISO+),,ventilator_setting,unknown,pending,pending,pending,pending,pending,pending,pending,23,5,classified,Infinity param: spontaneous respiratory rate; needs signal mapping
V-RAPS,infinity,STANDBY (^^ISO+),,metadata,unknown,pending,pending,pending,pending,pending,pending,pending,24,4,classified,Infinity param: ventilator standby state; needs signal mapping
V-RAPS,infinity,STI (mm^^ISO+),,physiological_signal,unknown,pending,pending,pending,pending,pending,pending,pending,24,4,classified,Infinity param: ST lead I; needs signal mapping
V-RAPS,infinity,STII (mm^^ISO+),,physiological_signal,unknown,pending,pending,pending,pending,pending,pending,pending,24,4,classified,Infinity param: ST lead II; needs signal mapping
V-RAPS,infinity,STIII (mm^^ISO+),,physiological_signal,unknown,pending,pending,pending,pending,pending,pending,pending,24,4,classified,Infinity param: ST lead III; needs signal mapping
V-RAPS,infinity,STV (mm^^ISO+),,physiological_signal,unknown,pending,pending,pending,pending,pending,pending,pending,24,4,classified,Infinity param: ST segment value? verify lead; needs signal mapping
V-RAPS,infinity,STV+ (mm^^ISO+),,physiological_signal,unknown,pending,pending,pending,pending,pending,pending,pending,23,5,classified,Infinity param: ST segment value? verify lead; needs signal mapping
V-RAPS,infinity,STaVF (mm^^I),,physiological_signal,unknown,pending,pending,pending,pending,pending,pending,pending,1,27,classified,Infinity param: ST aVF; needs signal mapping
V-RAPS,infinity,STaVF (mm^^ISO+),,physiological_signal,unknown,pending,pending,pending,pending,pending,pending,pending,24,4,classified,Infinity param: ST aVF; needs signal mapping
V-RAPS,infinity,STaVL (mm^^ISO+),,physiological_signal,unknown,pending,pending,pending,pending,pending,pending,pending,24,4,classified,Infinity param: ST aVL; needs signal mapping
V-RAPS,infinity,STaVR (mm^^ISO+),,physiological_signal,unknown,pending,pending,pending,pending,pending,pending,pending,24,4,classified,Infinity param: ST aVR; needs signal mapping
V-RAPS,infinity,Selected agent unit (^^ISO+),,anesthesia_setting,unknown,pending,pending,pending,pending,pending,pending,pending,24,4,classified,domain=anesthesia_setting; rule:\bagent\b; needs signal mapping
V-RAPS,infinity,Sev cons (mL^^ISO+),,ventilator_setting_extra,unknown,pending,pending,pending,pending,pending,pending,pending,23,5,classified,domain=ventilator_setting_extra; rule:\bcons\b; needs signal mapping
V-RAPS,infinity,Sev tot (mL^^ISO+),,ventilator_setting_extra,unknown,pending,pending,pending,pending,pending,pending,pending,23,5,classified,domain=ventilator_setting_extra; rule:\btot\b; needs signal mapping
V-RAPS,infinity,Slope set (s^^ISO+),,ventilator_setting,unknown,pending,pending,pending,pending,pending,pending,pending,1,27,classified,Infinity param: pressure slope setting; needs signal mapping
V-RAPS,infinity,SpO2 (%^^ISO+),SPO2,pending,pending,pending,pending,pending,pending,pending,pending,pending,24,4,preexisting,
V-RAPS,infinity,TC (s^^ISO+),,pending,unknown,pending,pending,pending,pending,pending,pending,pending,1,27,review,no dictionary alias; no-rule-matched
V-RAPS,infinity,Tcase (min^^ISO+),,metadata,unknown,pending,pending,pending,pending,pending,pending,pending,23,5,classified,Infinity param: test/case marker? verify; needs signal mapping
V-RAPS,infinity,Ti set (s^^ISO+),,pending,unknown,pending,pending,pending,pending,pending,pending,pending,1,27,review,no dictionary alias; no-rule-matched
V-RAPS,infinity,V'CO2 (mL/min^^ISO+),,pending,unknown,pending,pending,pending,pending,pending,pending,pending,18,10,review,no dictionary alias; no-rule-matched
V-RAPS,infinity,V'O2 (0.01 L/min^^ISO+),,physiological_signal,unknown,pending,pending,pending,pending,pending,pending,pending,18,10,classified,Infinity param: O2 consumption? verify; needs signal mapping
V-RAPS,infinity,VENT TYPE (),,pending,unknown,pending,pending,pending,pending,pending,pending,pending,28,0,review,no dictionary alias; no-rule-matched
V-RAPS,infinity,VT (mL^^ISO+),TV,physiological_signal,unknown,mL,pending,pending,pending,pending,pending,pending,23,5,alias_base,
V-RAPS,infinity,VTe (mL^^ISO+),TV,pending,pending,pending,pending,pending,pending,pending,pending,pending,24,4,preexisting,
V-RAPS,infinity,VTemand (mL^^ISO+),,ventilator_setting,unknown,pending,pending,pending,pending,pending,pending,pending,23,5,classified,Infinity param: mandatory tidal volume; needs signal mapping
V-RAPS,infinity,VTespon (mL^^ISO+),,ventilator_setting,unknown,pending,pending,pending,pending,pending,pending,pending,23,5,classified,Infinity param: spontaneous tidal volume; needs signal mapping
V-RAPS,infinity,VTi (mL^^ISO+),,pending,unknown,pending,pending,pending,pending,pending,pending,pending,23,5,review,no dictionary alias; no-rule-matched
V-RAPS,infinity,VTi set (mL^^ISO+),,pending,unknown,pending,pending,pending,pending,pending,pending,pending,1,27,review,no dictionary alias; no-rule-matched
V-RAPS,infinity,VTimand (mL^^ISO+),,pending,unknown,pending,pending,pending,pending,pending,pending,pending,23,5,review,no dictionary alias; no-rule-matched
V-RAPS,infinity,VTispon (mL^^ISO+),,pending,unknown,pending,pending,pending,pending,pending,pending,pending,23,5,review,no dictionary alias; no-rule-matched
V-RAPS,infinity,Vent. mode (^^ISO+),,ventilator_setting,unknown,pending,pending,pending,pending,pending,pending,pending,5,23,classified,Infinity param: ventilation mode; needs signal mapping
V-RAPS,infinity,Weight (kg^^ISO+),,demographic,unknown,pending,pending,pending,pending,pending,pending,pending,23,5,classified,domain=demographic; rule:\bweight\b; needs signal mapping
V-RAPS,infinity,etCO2 (mm(hg)^^ISO+),ETCO2,pending,pending,pending,pending,pending,pending,pending,pending,pending,24,4,preexisting,
V-RAPS,infinity,etDes (%^^ISO+),ET_DES,pending,pending,pending,pending,pending,pending,pending,pending,pending,23,5,preexisting,
V-RAPS,infinity,etEnf (%^^ISO+),,pending,unknown,pending,pending,pending,pending,pending,pending,pending,23,5,review,no dictionary alias; no-rule-matched
V-RAPS,infinity,etHal (%^^ISO+),,pending,unknown,pending,pending,pending,pending,pending,pending,pending,23,5,review,no dictionary alias; no-rule-matched
V-RAPS,infinity,etIso (%^^ISO+),,pending,unknown,pending,pending,pending,pending,pending,pending,pending,23,5,review,no dictionary alias; no-rule-matched
V-RAPS,infinity,etN2O (%^^ISO+),,physiological_signal,unknown,pending,pending,pending,pending,pending,pending,pending,23,5,classified,Infinity param: end-tidal N2O; needs signal mapping
V-RAPS,infinity,etO2 (%^^ISO+),,physiological_signal,unknown,pending,pending,pending,pending,pending,pending,pending,24,4,classified,Infinity param: end-tidal O2; needs signal mapping
V-RAPS,infinity,etPrimA (%^^ISO),,anesthesia_setting,unknown,pending,pending,pending,pending,pending,pending,pending,1,27,classified,Infinity param: end-tidal primary agent? verify; needs signal mapping
V-RAPS,infinity,etPrimA (%^^ISO+),,anesthesia_setting,unknown,pending,pending,pending,pending,pending,pending,pending,23,5,classified,Infinity param: end-tidal primary agent? verify; needs signal mapping
V-RAPS,infinity,etSecA (%^^ISO+),,anesthesia_setting,unknown,pending,pending,pending,pending,pending,pending,pending,23,5,classified,Infinity param: end-tidal secondary agent? verify; needs signal mapping
V-RAPS,infinity,etSev (%^^ISO+),ET_SEVO,pending,pending,pending,pending,pending,pending,pending,pending,pending,23,5,preexisting,
V-RAPS,infinity,inCO2 (mm(hg)^^ISO+),,pending,unknown,pending,pending,pending,pending,pending,pending,pending,24,4,review,no dictionary alias; no-rule-matched
V-RAPS,infinity,inDes (%^^ISO+),,anesthesia_setting,unknown,pending,pending,pending,pending,pending,pending,pending,23,5,classified,Infinity param: inspired desflurane; needs signal mapping
V-RAPS,infinity,inEnf (%^^ISO+),,pending,unknown,pending,pending,pending,pending,pending,pending,pending,23,5,review,no dictionary alias; no-rule-matched
V-RAPS,infinity,inHal (%^^ISO+),,anesthesia_setting,unknown,pending,pending,pending,pending,pending,pending,pending,23,5,classified,Infinity param: inspired halothane; needs signal mapping
V-RAPS,infinity,inHal (),,anesthesia_setting,unknown,pending,pending,pending,pending,pending,pending,pending,1,27,classified,Infinity param: inspired halothane; needs signal mapping
V-RAPS,infinity,inIso (%^^ISO+),,ventilator_setting,unknown,pending,pending,pending,pending,pending,pending,pending,23,5,classified,Infinity param: initial isoflurane? verify; needs signal mapping
V-RAPS,infinity,inN2O (%^^ISO+),,pending,unknown,pending,pending,pending,pending,pending,pending,pending,23,5,review,no dictionary alias; no-rule-matched
V-RAPS,infinity,inPrimA (%^^ISO+),,anesthesia_setting,unknown,pending,pending,pending,pending,pending,pending,pending,23,5,classified,Infinity param: inspired primary agent? verify; needs signal mapping
V-RAPS,infinity,inSecA (%^^ISO+),,pending,unknown,pending,pending,pending,pending,pending,pending,pending,23,5,review,no dictionary alias; no-rule-matched
V-RAPS,infinity,inSev (%^^ISO+),,anesthesia_setting,unknown,pending,pending,pending,pending,pending,pending,pending,23,5,classified,Infinity param: inspired sevoflurane; needs signal mapping
V-RAPS,infinity,inxMAC (^^ISO+),,anesthesia_setting,unknown,pending,pending,pending,pending,pending,pending,pending,23,5,classified,Infinity param: inspired xMAC; needs signal mapping
V-RAPS,infinity,leak BS M/S (mL/min^^ISO+),,ventilator_setting,unknown,pending,pending,pending,pending,pending,pending,pending,23,5,classified,Infinity param: leak; needs signal mapping
V-RAPS,infinity,nr,,pending,unknown,pending,pending,pending,pending,pending,pending,pending,28,0,review,no dictionary alias; no-rule-matched
V-RAPS,infinity,r2 (^^ISO+),,pending,unknown,pending,pending,pending,pending,pending,pending,pending,1,27,review,no dictionary alias; no-rule-matched
V-RAPS,infinity,xMAC (^^ISO+),MAC,pending,pending,pending,pending,pending,pending,pending,pending,pending,23,5,preexisting,
V-RAPS,nol,,,event_or_signal,unknown,pending,pending,pending,pending,pending,pending,pending,31,0,review,empty column name in source header; data quality
V-RAPS,nol,N/A,,event_or_signal,unknown,pending,pending,pending,pending,pending,pending,pending,31,0,classified,domain=event_or_signal; rule:source=nol; needs signal mapping
V-RAPS,other_csv,10-Jun-2025 11:51:17.267,,pending,unknown,pending,pending,pending,pending,pending,pending,pending,1,3,review,no dictionary alias; no-rule-matched
V-RAPS,other_csv,15-Jan-2025 11:53:12.072,,pending,unknown,pending,pending,pending,pending,pending,pending,pending,1,3,review,no dictionary alias; no-rule-matched
V-RAPS,other_csv,Changeset,,pending,unknown,pending,pending,pending,pending,pending,pending,pending,3,1,review,no dictionary alias; no-rule-matched
V-RAPS,other_csv,INFO,,pending,unknown,pending,pending,pending,pending,pending,pending,pending,2,2,review,no dictionary alias; no-rule-matched
V-RAPS,other_csv,Major Version,,pending,unknown,pending,pending,pending,pending,pending,pending,pending,3,1,review,no dictionary alias; no-rule-matched
V-RAPS,other_csv,Minor Version,,pending,unknown,pending,pending,pending,pending,pending,pending,pending,3,1,review,no dictionary alias; no-rule-matched
V-RAPS,other_csv,Pump SN,,exposure,unknown,pending,pending,pending,pending,pending,pending,pending,3,1,classified,domain=exposure; rule:\bpump\b; needs signal mapping
V-RAPS,other_csv,Recording started - C:\Medasense\DATA\2025-01-15 1153,,pending,unknown,pending,pending,pending,pending,pending,pending,pending,1,3,review,no dictionary alias; no-rule-matched
V-RAPS,other_csv,Recording started - C:\Medasense\DATA\2025-06-10 1151,,pending,unknown,pending,pending,pending,pending,pending,pending,pending,1,3,review,no dictionary alias; no-rule-matched
V-RAPS,other_csv,Revision,,pending,unknown,pending,pending,pending,pending,pending,pending,pending,3,1,review,no dictionary alias; no-rule-matched
